unit,waste,Waste categories,Geopolitical entity (reporting),TIME_PERIOD,OBS_VALUE,NUTS_code
T,W01-05,Chemical and medical wastes (subtotal),Austria,2004,8159.0,AUT
T,W01-05,Chemical and medical wastes (subtotal),Austria,2006,8054.0,AUT
T,W01-05,Chemical and medical wastes (subtotal),Austria,2008,7734.0,AUT
T,W01-05,Chemical and medical wastes (subtotal),Belgium,2004,15814.0,BEL
T,W01-05,Chemical and medical wastes (subtotal),Belgium,2006,11533.0,BEL
T,W01-05,Chemical and medical wastes (subtotal),Belgium,2008,17674.0,BEL
T,W01-05,Chemical and medical wastes (subtotal),Bulgaria,2004,0.0,BGR
T,W01-05,Chemical and medical wastes (subtotal),Bulgaria,2006,0.0,BGR
T,W01-05,Chemical and medical wastes (subtotal),Bulgaria,2008,0.0,BGR
T,W01-05,Chemical and medical wastes (subtotal),Cyprus,2004,0.0,CYP
T,W01-05,Chemical and medical wastes (subtotal),Cyprus,2006,1260.0,CYP
T,W01-05,Chemical and medical wastes (subtotal),Cyprus,2008,1616.0,CYP
T,W01-05,Chemical and medical wastes (subtotal),Czechia,2004,3457.0,CZE
T,W01-05,Chemical and medical wastes (subtotal),Czechia,2006,4635.0,CZE
T,W01-05,Chemical and medical wastes (subtotal),Czechia,2008,3304.0,CZE
T,W01-05,Chemical and medical wastes (subtotal),Germany,2004,38785.0,DEU
T,W01-05,Chemical and medical wastes (subtotal),Germany,2006,18169.0,DEU
T,W01-05,Chemical and medical wastes (subtotal),Germany,2008,21300.0,DEU
T,W01-05,Chemical and medical wastes (subtotal),Denmark,2004,111.0,DNK
T,W01-05,Chemical and medical wastes (subtotal),Denmark,2006,17.0,DNK
T,W01-05,Chemical and medical wastes (subtotal),Denmark,2008,240.0,DNK
T,W01-05,Chemical and medical wastes (subtotal),Estonia,2004,523.0,EST
T,W01-05,Chemical and medical wastes (subtotal),Estonia,2006,520.0,EST
T,W01-05,Chemical and medical wastes (subtotal),Estonia,2008,746.0,EST
T,W01-05,Chemical and medical wastes (subtotal),Greece,2004,0.0,GRC
T,W01-05,Chemical and medical wastes (subtotal),Greece,2006,0.0,GRC
T,W01-05,Chemical and medical wastes (subtotal),Greece,2008,0.0,GRC
T,W01-05,Chemical and medical wastes (subtotal),Spain,2004,43093.0,ESP
T,W01-05,Chemical and medical wastes (subtotal),Spain,2006,46744.0,ESP
T,W01-05,Chemical and medical wastes (subtotal),Spain,2008,2895.0,ESP
T,W01-05,Chemical and medical wastes (subtotal),European Union - 27 countries (from 2020),2004,230000.0,EU27_2020
T,W01-05,Chemical and medical wastes (subtotal),European Union - 27 countries (from 2020),2006,280000.0,EU27_2020
T,W01-05,Chemical and medical wastes (subtotal),European Union - 27 countries (from 2020),2008,170000.0,EU27_2020
T,W01-05,Chemical and medical wastes (subtotal),European Union - 28 countries (2013-2020),2004,240000.0,
T,W01-05,Chemical and medical wastes (subtotal),European Union - 28 countries (2013-2020),2006,290000.0,
T,W01-05,Chemical and medical wastes (subtotal),European Union - 28 countries (2013-2020),2008,210000.0,
T,W01-05,Chemical and medical wastes (subtotal),Finland,2004,1805.0,FIN
T,W01-05,Chemical and medical wastes (subtotal),Finland,2006,1184.0,FIN
T,W01-05,Chemical and medical wastes (subtotal),Finland,2008,354.0,FIN
T,W01-05,Chemical and medical wastes (subtotal),France,2004,38200.0,FRA
T,W01-05,Chemical and medical wastes (subtotal),France,2006,31700.0,FRA
T,W01-05,Chemical and medical wastes (subtotal),France,2008,54060.0,FRA
T,W01-05,Chemical and medical wastes (subtotal),Croatia,2004,0.0,HRV
T,W01-05,Chemical and medical wastes (subtotal),Croatia,2006,89556.0,HRV
T,W01-05,Chemical and medical wastes (subtotal),Croatia,2008,0.0,HRV
T,W01-05,Chemical and medical wastes (subtotal),Hungary,2004,0.0,HUN
T,W01-05,Chemical and medical wastes (subtotal),Hungary,2006,0.0,HUN
T,W01-05,Chemical and medical wastes (subtotal),Hungary,2008,0.0,HUN
T,W01-05,Chemical and medical wastes (subtotal),Ireland,2004,149.0,IRL
T,W01-05,Chemical and medical wastes (subtotal),Ireland,2006,0.0,IRL
T,W01-05,Chemical and medical wastes (subtotal),Iceland,2004,0.0,ISL
T,W01-05,Chemical and medical wastes (subtotal),Italy,2004,12696.0,ITA
T,W01-05,Chemical and medical wastes (subtotal),Italy,2006,9631.0,ITA
T,W01-05,Chemical and medical wastes (subtotal),Italy,2008,11769.0,ITA
T,W01-05,Chemical and medical wastes (subtotal),Liechtenstein,2008,0.0,
T,W01-05,Chemical and medical wastes (subtotal),Lithuania,2004,91.0,LTU
T,W01-05,Chemical and medical wastes (subtotal),Lithuania,2006,109.0,LTU
T,W01-05,Chemical and medical wastes (subtotal),Lithuania,2008,292.0,LTU
T,W01-05,Chemical and medical wastes (subtotal),Luxembourg,2004,1062.0,LUX
T,W01-05,Chemical and medical wastes (subtotal),Luxembourg,2006,245.0,LUX
T,W01-05,Chemical and medical wastes (subtotal),Luxembourg,2008,113.0,LUX
T,W01-05,Chemical and medical wastes (subtotal),Latvia,2004,0.0,LVA
T,W01-05,Chemical and medical wastes (subtotal),Latvia,2006,12121.0,LVA
T,W01-05,Chemical and medical wastes (subtotal),Latvia,2008,12940.0,LVA
T,W01-05,Chemical and medical wastes (subtotal),North Macedonia,2008,0.0,
T,W01-05,Chemical and medical wastes (subtotal),Malta,2004,0.0,MLT
T,W01-05,Chemical and medical wastes (subtotal),Malta,2006,0.0,MLT
T,W01-05,Chemical and medical wastes (subtotal),Malta,2008,0.0,MLT
T,W01-05,Chemical and medical wastes (subtotal),Netherlands,2004,25020.0,NLD
T,W01-05,Chemical and medical wastes (subtotal),Netherlands,2006,18126.0,NLD
T,W01-05,Chemical and medical wastes (subtotal),Netherlands,2008,18212.0,NLD
T,W01-05,Chemical and medical wastes (subtotal),Norway,2004,5922.0,NOR
T,W01-05,Chemical and medical wastes (subtotal),Norway,2006,6712.0,NOR
T,W01-05,Chemical and medical wastes (subtotal),Norway,2008,9837.0,NOR
T,W01-05,Chemical and medical wastes (subtotal),Poland,2004,0.0,POL
T,W01-05,Chemical and medical wastes (subtotal),Poland,2006,0.0,POL
T,W01-05,Chemical and medical wastes (subtotal),Poland,2008,0.0,POL
T,W01-05,Chemical and medical wastes (subtotal),Portugal,2004,13089.0,PRT
T,W01-05,Chemical and medical wastes (subtotal),Portugal,2006,0.0,PRT
T,W01-05,Chemical and medical wastes (subtotal),Portugal,2008,0.0,PRT
T,W01-05,Chemical and medical wastes (subtotal),Romania,2004,0.0,ROU
T,W01-05,Chemical and medical wastes (subtotal),Romania,2006,0.0,ROU
T,W01-05,Chemical and medical wastes (subtotal),Romania,2008,0.0,ROU
T,W01-05,Chemical and medical wastes (subtotal),Sweden,2004,22391.0,SWE
T,W01-05,Chemical and medical wastes (subtotal),Sweden,2006,19578.0,SWE
T,W01-05,Chemical and medical wastes (subtotal),Sweden,2008,17878.0,SWE
T,W01-05,Chemical and medical wastes (subtotal),Slovenia,2004,3640.0,SVN
T,W01-05,Chemical and medical wastes (subtotal),Slovenia,2006,7213.0,SVN
T,W01-05,Chemical and medical wastes (subtotal),Slovenia,2008,494.0,SVN
T,W01-05,Chemical and medical wastes (subtotal),Slovakia,2004,0.0,SVK
T,W01-05,Chemical and medical wastes (subtotal),Slovakia,2006,110.0,SVK
T,W01-05,Chemical and medical wastes (subtotal),Slovakia,2008,245.0,SVK
T,W01-05,Chemical and medical wastes (subtotal),Türkiye,2004,0.0,
T,W01-05,Chemical and medical wastes (subtotal),Türkiye,2006,0.0,
T,W01-05,Chemical and medical wastes (subtotal),Türkiye,2008,210845.0,
T,W01-05,Chemical and medical wastes (subtotal),United Kingdom,2004,8047.0,GBR
T,W01-05,Chemical and medical wastes (subtotal),United Kingdom,2006,8376.0,GBR
T,W01-05,Chemical and medical wastes (subtotal),United Kingdom,2008,37936.0,GBR
T,W06,Metallic wastes (W061+W062+W063),Austria,2004,131200.0,AUT
T,W06,Metallic wastes (W061+W062+W063),Austria,2006,116900.0,AUT
T,W06,Metallic wastes (W061+W062+W063),Austria,2008,111017.0,AUT
T,W06,Metallic wastes (W061+W062+W063),Belgium,2004,160152.0,BEL
T,W06,Metallic wastes (W061+W062+W063),Belgium,2006,78997.0,BEL
T,W06,Metallic wastes (W061+W062+W063),Belgium,2008,99109.0,BEL
T,W06,Metallic wastes (W061+W062+W063),Bulgaria,2004,0.0,BGR
T,W06,Metallic wastes (W061+W062+W063),Bulgaria,2006,0.0,BGR
T,W06,Metallic wastes (W061+W062+W063),Bulgaria,2008,0.0,BGR
T,W06,Metallic wastes (W061+W062+W063),Cyprus,2004,8449.0,CYP
T,W06,Metallic wastes (W061+W062+W063),Cyprus,2006,8008.0,CYP
T,W06,Metallic wastes (W061+W062+W063),Cyprus,2008,16702.0,CYP
T,W06,Metallic wastes (W061+W062+W063),Czechia,2004,49113.0,CZE
T,W06,Metallic wastes (W061+W062+W063),Czechia,2006,96112.0,CZE
T,W06,Metallic wastes (W061+W062+W063),Czechia,2008,76171.0,CZE
T,W06,Metallic wastes (W061+W062+W063),Germany,2004,445144.0,DEU
T,W06,Metallic wastes (W061+W062+W063),Germany,2006,237095.0,DEU
T,W06,Metallic wastes (W061+W062+W063),Germany,2008,282057.0,DEU
T,W06,Metallic wastes (W061+W062+W063),Denmark,2004,12603.0,DNK
T,W06,Metallic wastes (W061+W062+W063),Denmark,2006,18127.0,DNK
T,W06,Metallic wastes (W061+W062+W063),Denmark,2008,379333.0,DNK
T,W06,Metallic wastes (W061+W062+W063),Estonia,2004,169264.0,EST
T,W06,Metallic wastes (W061+W062+W063),Estonia,2006,183011.0,EST
T,W06,Metallic wastes (W061+W062+W063),Estonia,2008,175994.0,EST
T,W06,Metallic wastes (W061+W062+W063),Greece,2004,0.0,GRC
T,W06,Metallic wastes (W061+W062+W063),Greece,2006,8670.0,GRC
T,W06,Metallic wastes (W061+W062+W063),Greece,2008,0.0,GRC
T,W06,Metallic wastes (W061+W062+W063),Spain,2004,130327.0,ESP
T,W06,Metallic wastes (W061+W062+W063),Spain,2006,43364.0,ESP
T,W06,Metallic wastes (W061+W062+W063),Spain,2008,52901.0,ESP
T,W06,Metallic wastes (W061+W062+W063),European Union - 27 countries (from 2020),2004,2530000.0,EU27_2020
T,W06,Metallic wastes (W061+W062+W063),European Union - 27 countries (from 2020),2006,2570000.0,EU27_2020
T,W06,Metallic wastes (W061+W062+W063),European Union - 27 countries (from 2020),2008,3080000.0,EU27_2020
T,W06,Metallic wastes (W061+W062+W063),European Union - 28 countries (2013-2020),2004,2740000.0,
T,W06,Metallic wastes (W061+W062+W063),European Union - 28 countries (2013-2020),2006,3320000.0,
T,W06,Metallic wastes (W061+W062+W063),European Union - 28 countries (2013-2020),2008,3540000.0,
T,W06,Metallic wastes (W061+W062+W063),Finland,2004,14660.0,FIN
T,W06,Metallic wastes (W061+W062+W063),Finland,2006,15002.0,FIN
T,W06,Metallic wastes (W061+W062+W063),Finland,2008,30600.0,FIN
T,W06,Metallic wastes (W061+W062+W063),France,2004,529000.0,FRA
T,W06,Metallic wastes (W061+W062+W063),France,2006,556000.0,FRA
T,W06,Metallic wastes (W061+W062+W063),France,2008,624750.0,FRA
T,W06,Metallic wastes (W061+W062+W063),Croatia,2004,0.0,HRV
T,W06,Metallic wastes (W061+W062+W063),Croatia,2006,3.0,HRV
T,W06,Metallic wastes (W061+W062+W063),Croatia,2008,0.0,HRV
T,W06,Metallic wastes (W061+W062+W063),Hungary,2004,32690.0,HUN
T,W06,Metallic wastes (W061+W062+W063),Hungary,2006,2531.0,HUN
T,W06,Metallic wastes (W061+W062+W063),Hungary,2008,163986.0,HUN
T,W06,Metallic wastes (W061+W062+W063),Ireland,2004,46073.0,IRL
T,W06,Metallic wastes (W061+W062+W063),Ireland,2006,57534.0,IRL
T,W06,Metallic wastes (W061+W062+W063),Iceland,2004,1250.0,ISL
T,W06,Metallic wastes (W061+W062+W063),Italy,2004,358119.0,ITA
T,W06,Metallic wastes (W061+W062+W063),Italy,2006,337150.0,ITA
T,W06,Metallic wastes (W061+W062+W063),Italy,2008,353746.0,ITA
T,W06,Metallic wastes (W061+W062+W063),Liechtenstein,2008,0.0,
T,W06,Metallic wastes (W061+W062+W063),Lithuania,2004,29736.0,LTU
T,W06,Metallic wastes (W061+W062+W063),Lithuania,2006,316675.0,LTU
T,W06,Metallic wastes (W061+W062+W063),Lithuania,2008,380699.0,LTU
T,W06,Metallic wastes (W061+W062+W063),Luxembourg,2004,10496.0,LUX
T,W06,Metallic wastes (W061+W062+W063),Luxembourg,2006,6455.0,LUX
T,W06,Metallic wastes (W061+W062+W063),Luxembourg,2008,9426.0,LUX
T,W06,Metallic wastes (W061+W062+W063),Latvia,2004,0.0,LVA
T,W06,Metallic wastes (W061+W062+W063),Latvia,2006,0.0,LVA
T,W06,Metallic wastes (W061+W062+W063),Latvia,2008,0.0,LVA
T,W06,Metallic wastes (W061+W062+W063),North Macedonia,2008,0.0,
T,W06,Metallic wastes (W061+W062+W063),Malta,2004,52.0,MLT
T,W06,Metallic wastes (W061+W062+W063),Malta,2006,107.0,MLT
T,W06,Metallic wastes (W061+W062+W063),Malta,2008,124.0,MLT
T,W06,Metallic wastes (W061+W062+W063),Netherlands,2004,68370.0,NLD
T,W06,Metallic wastes (W061+W062+W063),Netherlands,2006,70795.0,NLD
T,W06,Metallic wastes (W061+W062+W063),Netherlands,2008,71323.0,NLD
T,W06,Metallic wastes (W061+W062+W063),Norway,2004,43988.0,NOR
T,W06,Metallic wastes (W061+W062+W063),Norway,2006,53640.0,NOR
T,W06,Metallic wastes (W061+W062+W063),Norway,2008,64000.0,NOR
T,W06,Metallic wastes (W061+W062+W063),Poland,2004,3278.0,POL
T,W06,Metallic wastes (W061+W062+W063),Poland,2006,3789.0,POL
T,W06,Metallic wastes (W061+W062+W063),Poland,2008,5098.0,POL
T,W06,Metallic wastes (W061+W062+W063),Portugal,2004,0.0,PRT
T,W06,Metallic wastes (W061+W062+W063),Portugal,2006,0.0,PRT
T,W06,Metallic wastes (W061+W062+W063),Portugal,2008,7796.0,PRT
T,W06,Metallic wastes (W061+W062+W063),Romania,2004,184093.0,ROU
T,W06,Metallic wastes (W061+W062+W063),Romania,2006,223780.0,ROU
T,W06,Metallic wastes (W061+W062+W063),Romania,2008,48100.0,ROU
T,W06,Metallic wastes (W061+W062+W063),Sweden,2004,127115.0,SWE
T,W06,Metallic wastes (W061+W062+W063),Sweden,2006,165095.0,SWE
T,W06,Metallic wastes (W061+W062+W063),Sweden,2008,167880.0,SWE
T,W06,Metallic wastes (W061+W062+W063),Slovenia,2004,10769.0,SVN
T,W06,Metallic wastes (W061+W062+W063),Slovenia,2006,12454.0,SVN
T,W06,Metallic wastes (W061+W062+W063),Slovenia,2008,5607.0,SVN
T,W06,Metallic wastes (W061+W062+W063),Slovakia,2004,0.0,SVK
T,W06,Metallic wastes (W061+W062+W063),Slovakia,2006,14167.0,SVK
T,W06,Metallic wastes (W061+W062+W063),Slovakia,2008,20231.0,SVK
T,W06,Metallic wastes (W061+W062+W063),Türkiye,2004,0.0,
T,W06,Metallic wastes (W061+W062+W063),Türkiye,2006,0.0,
T,W06,Metallic wastes (W061+W062+W063),Türkiye,2008,112075.0,
T,W06,Metallic wastes (W061+W062+W063),United Kingdom,2004,214606.0,GBR
T,W06,Metallic wastes (W061+W062+W063),United Kingdom,2006,749087.0,GBR
T,W06,Metallic wastes (W061+W062+W063),United Kingdom,2008,460122.0,GBR
T,W071,Glass wastes,Austria,2004,185802.0,AUT
T,W071,Glass wastes,Austria,2006,195400.0,AUT
T,W071,Glass wastes,Austria,2008,208461.0,AUT
T,W071,Glass wastes,Austria,2010,222851.0,AUT
T,W071,Glass wastes,Austria,2012,221230.0,AUT
T,W071,Glass wastes,Austria,2014,227143.0,AUT
T,W071,Glass wastes,Austria,2016,223975.0,AUT
T,W071,Glass wastes,Austria,2018,236091.0,AUT
T,W071,Glass wastes,Austria,2020,260145.0,AUT
T,W071,Glass wastes,Austria,2022,264135.0,AUT
T,W071,Glass wastes,Bosnia and Herzegovina,2012,0.0,
T,W071,Glass wastes,Bosnia and Herzegovina,2018,4583.0,
T,W071,Glass wastes,Bosnia and Herzegovina,2020,3673.0,
T,W071,Glass wastes,Bosnia and Herzegovina,2022,3384.0,
T,W071,Glass wastes,Belgium,2004,245968.0,BEL
T,W071,Glass wastes,Belgium,2006,309564.0,BEL
T,W071,Glass wastes,Belgium,2008,305423.0,BEL
T,W071,Glass wastes,Belgium,2010,330316.0,BEL
T,W071,Glass wastes,Belgium,2012,326931.0,BEL
T,W071,Glass wastes,Belgium,2014,330006.0,BEL
T,W071,Glass wastes,Belgium,2016,335381.0,BEL
T,W071,Glass wastes,Belgium,2018,338312.0,BEL
T,W071,Glass wastes,Belgium,2020,368075.0,BEL
T,W071,Glass wastes,Belgium,2022,349967.0,BEL
T,W071,Glass wastes,Bulgaria,2004,0.0,BGR
T,W071,Glass wastes,Bulgaria,2006,0.0,BGR
T,W071,Glass wastes,Bulgaria,2008,0.0,BGR
T,W071,Glass wastes,Bulgaria,2010,62258.0,BGR
T,W071,Glass wastes,Bulgaria,2012,27126.0,BGR
T,W071,Glass wastes,Bulgaria,2014,12564.0,BGR
T,W071,Glass wastes,Bulgaria,2016,72619.0,BGR
T,W071,Glass wastes,Bulgaria,2018,118578.0,BGR
T,W071,Glass wastes,Bulgaria,2020,13438.0,BGR
T,W071,Glass wastes,Bulgaria,2022,20034.0,BGR
T,W071,Glass wastes,Cyprus,2004,4408.0,CYP
T,W071,Glass wastes,Cyprus,2006,4175.0,CYP
T,W071,Glass wastes,Cyprus,2008,11410.0,CYP
T,W071,Glass wastes,Cyprus,2010,15596.0,CYP
T,W071,Glass wastes,Cyprus,2012,5030.0,CYP
T,W071,Glass wastes,Cyprus,2014,4962.0,CYP
T,W071,Glass wastes,Cyprus,2016,5727.0,CYP
T,W071,Glass wastes,Cyprus,2018,7007.0,CYP
T,W071,Glass wastes,Cyprus,2020,5967.0,CYP
T,W071,Glass wastes,Cyprus,2022,9071.0,CYP
T,W071,Glass wastes,Czechia,2004,50165.0,CZE
T,W071,Glass wastes,Czechia,2006,76670.0,CZE
T,W071,Glass wastes,Czechia,2008,69698.0,CZE
T,W071,Glass wastes,Czechia,2010,78289.0,CZE
T,W071,Glass wastes,Czechia,2012,108734.0,CZE
T,W071,Glass wastes,Czechia,2014,109726.0,CZE
T,W071,Glass wastes,Czechia,2016,122770.0,CZE
T,W071,Glass wastes,Czechia,2018,140990.0,CZE
T,W071,Glass wastes,Czechia,2020,170380.0,CZE
T,W071,Glass wastes,Czechia,2022,158787.0,CZE
T,W071,Glass wastes,Germany,2004,2288408.0,DEU
T,W071,Glass wastes,Germany,2006,970120.0,DEU
T,W071,Glass wastes,Germany,2008,1378378.0,DEU
T,W071,Glass wastes,Germany,2010,1910846.0,DEU
T,W071,Glass wastes,Germany,2012,1908787.0,DEU
T,W071,Glass wastes,Germany,2014,1877855.0,DEU
T,W071,Glass wastes,Germany,2016,1879165.0,DEU
T,W071,Glass wastes,Germany,2018,1876686.0,DEU
T,W071,Glass wastes,Germany,2020,2034166.0,DEU
T,W071,Glass wastes,Germany,2022,1970936.0,DEU
T,W071,Glass wastes,Denmark,2004,50532.0,DNK
T,W071,Glass wastes,Denmark,2006,42695.0,DNK
T,W071,Glass wastes,Denmark,2008,38936.0,DNK
T,W071,Glass wastes,Denmark,2010,152905.0,DNK
T,W071,Glass wastes,Denmark,2012,115788.0,DNK
T,W071,Glass wastes,Denmark,2014,115645.0,DNK
T,W071,Glass wastes,Denmark,2016,127738.0,DNK
T,W071,Glass wastes,Denmark,2018,136756.0,DNK
T,W071,Glass wastes,Denmark,2020,148302.0,DNK
T,W071,Glass wastes,Denmark,2022,138863.0,DNK
T,W071,Glass wastes,Estonia,2004,4489.0,EST
T,W071,Glass wastes,Estonia,2006,3703.0,EST
T,W071,Glass wastes,Estonia,2008,13349.0,EST
T,W071,Glass wastes,Estonia,2010,20313.0,EST
T,W071,Glass wastes,Estonia,2012,12097.0,EST
T,W071,Glass wastes,Estonia,2014,7190.0,EST
T,W071,Glass wastes,Estonia,2016,7952.0,EST
T,W071,Glass wastes,Estonia,2018,13165.0,EST
T,W071,Glass wastes,Estonia,2020,13205.0,EST
T,W071,Glass wastes,Estonia,2022,14415.0,EST
T,W071,Glass wastes,Greece,2004,0.0,GRC
T,W071,Glass wastes,Greece,2006,6056.0,GRC
T,W071,Glass wastes,Greece,2008,0.0,GRC
T,W071,Glass wastes,Greece,2010,0.0,GRC
T,W071,Glass wastes,Greece,2016,0.0,GRC
T,W071,Glass wastes,Greece,2018,13586.0,GRC
T,W071,Glass wastes,Greece,2020,11017.0,GRC
T,W071,Glass wastes,Greece,2022,10255.0,GRC
T,W071,Glass wastes,Spain,2004,401540.0,ESP
T,W071,Glass wastes,Spain,2006,552114.0,ESP
T,W071,Glass wastes,Spain,2008,526929.0,ESP
T,W071,Glass wastes,Spain,2010,609835.0,ESP
T,W071,Glass wastes,Spain,2012,641815.0,ESP
T,W071,Glass wastes,Spain,2014,622299.0,ESP
T,W071,Glass wastes,Spain,2016,797928.0,ESP
T,W071,Glass wastes,Spain,2018,834764.0,ESP
T,W071,Glass wastes,Spain,2020,828865.0,ESP
T,W071,Glass wastes,Spain,2022,934156.0,ESP
T,W071,Glass wastes,European Union - 27 countries (from 2020),2004,7090000.0,EU27_2020
T,W071,Glass wastes,European Union - 27 countries (from 2020),2006,6430000.0,EU27_2020
T,W071,Glass wastes,European Union - 27 countries (from 2020),2008,6920000.0,EU27_2020
T,W071,Glass wastes,European Union - 27 countries (from 2020),2010,8220000.0,EU27_2020
T,W071,Glass wastes,European Union - 27 countries (from 2020),2016,8490000.0,EU27_2020
T,W071,Glass wastes,European Union - 27 countries (from 2020),2018,9070000.0,EU27_2020
T,W071,Glass wastes,European Union - 27 countries (from 2020),2020,9910000.0,EU27_2020
T,W071,Glass wastes,European Union - 27 countries (from 2020),2022,10240000.0,EU27_2020
T,W071,Glass wastes,European Union - 28 countries (2013-2020),2004,7880000.0,
T,W071,Glass wastes,European Union - 28 countries (2013-2020),2006,7380000.0,
T,W071,Glass wastes,European Union - 28 countries (2013-2020),2008,8010000.0,
T,W071,Glass wastes,European Union - 28 countries (2013-2020),2010,9580000.0,
T,W071,Glass wastes,European Union - 28 countries (2013-2020),2012,9520000.0,
T,W071,Glass wastes,European Union - 28 countries (2013-2020),2014,9460000.0,
T,W071,Glass wastes,European Union - 28 countries (2013-2020),2016,9920000.0,
T,W071,Glass wastes,European Union - 28 countries (2013-2020),2018,10500000.0,
T,W071,Glass wastes,Finland,2004,54745.0,FIN
T,W071,Glass wastes,Finland,2006,63036.0,FIN
T,W071,Glass wastes,Finland,2008,53300.0,FIN
T,W071,Glass wastes,Finland,2010,43187.0,FIN
T,W071,Glass wastes,Finland,2012,70209.0,FIN
T,W071,Glass wastes,Finland,2014,4997.0,FIN
T,W071,Glass wastes,Finland,2016,54150.0,FIN
T,W071,Glass wastes,Finland,2018,62896.0,FIN
T,W071,Glass wastes,Finland,2020,55009.0,FIN
T,W071,Glass wastes,Finland,2022,57049.0,FIN
T,W071,Glass wastes,France,2004,1466000.0,FRA
T,W071,Glass wastes,France,2006,1492400.0,FRA
T,W071,Glass wastes,France,2008,1668800.0,FRA
T,W071,Glass wastes,France,2010,1706185.0,FRA
T,W071,Glass wastes,France,2012,1745115.0,FRA
T,W071,Glass wastes,France,2014,1733653.0,FRA
T,W071,Glass wastes,France,2016,1551910.0,FRA
T,W071,Glass wastes,France,2018,1603493.0,FRA
T,W071,Glass wastes,France,2020,1819353.0,FRA
T,W071,Glass wastes,France,2022,1928585.0,FRA
T,W071,Glass wastes,Croatia,2004,0.0,HRV
T,W071,Glass wastes,Croatia,2006,0.0,HRV
T,W071,Glass wastes,Croatia,2008,0.0,HRV
T,W071,Glass wastes,Croatia,2010,0.0,HRV
T,W071,Glass wastes,Croatia,2012,15644.0,HRV
T,W071,Glass wastes,Croatia,2014,22066.0,HRV
T,W071,Glass wastes,Croatia,2016,20137.0,HRV
T,W071,Glass wastes,Croatia,2018,10242.0,HRV
T,W071,Glass wastes,Croatia,2020,11515.0,HRV
T,W071,Glass wastes,Croatia,2022,17442.0,HRV
T,W071,Glass wastes,Hungary,2004,3490.0,HUN
T,W071,Glass wastes,Hungary,2006,13455.0,HUN
T,W071,Glass wastes,Hungary,2008,17742.0,HUN
T,W071,Glass wastes,Hungary,2010,22007.0,HUN
T,W071,Glass wastes,Hungary,2012,36004.0,HUN
T,W071,Glass wastes,Hungary,2014,21782.0,HUN
T,W071,Glass wastes,Hungary,2016,24377.0,HUN
T,W071,Glass wastes,Hungary,2018,28226.0,HUN
T,W071,Glass wastes,Hungary,2020,38727.0,HUN
T,W071,Glass wastes,Hungary,2022,34423.0,HUN
T,W071,Glass wastes,Ireland,2004,111693.0,IRL
T,W071,Glass wastes,Ireland,2006,136908.0,IRL
T,W071,Glass wastes,Ireland,2010,86832.0,IRL
T,W071,Glass wastes,Ireland,2012,82333.0,IRL
T,W071,Glass wastes,Ireland,2014,84398.0,IRL
T,W071,Glass wastes,Ireland,2016,86074.0,IRL
T,W071,Glass wastes,Ireland,2018,89984.0,IRL
T,W071,Glass wastes,Ireland,2020,131967.0,IRL
T,W071,Glass wastes,Ireland,2022,112997.0,IRL
T,W071,Glass wastes,Iceland,2004,5500.0,ISL
T,W071,Glass wastes,Iceland,2010,68.0,ISL
T,W071,Glass wastes,Iceland,2012,40.0,ISL
T,W071,Glass wastes,Iceland,2014,212.0,ISL
T,W071,Glass wastes,Iceland,2016,144.0,ISL
T,W071,Glass wastes,Iceland,2018,155.0,ISL
T,W071,Glass wastes,Iceland,2020,129.0,ISL
T,W071,Glass wastes,Iceland,2022,5425.0,ISL
T,W071,Glass wastes,Italy,2004,1056400.0,ITA
T,W071,Glass wastes,Italy,2006,1240192.0,ITA
T,W071,Glass wastes,Italy,2008,1496227.0,ITA
T,W071,Glass wastes,Italy,2010,1778507.0,ITA
T,W071,Glass wastes,Italy,2012,1598135.0,ITA
T,W071,Glass wastes,Italy,2014,1691303.0,ITA
T,W071,Glass wastes,Italy,2016,1852019.0,ITA
T,W071,Glass wastes,Italy,2018,2119591.0,ITA
T,W071,Glass wastes,Italy,2020,2223798.0,ITA
T,W071,Glass wastes,Italy,2022,2329395.0,ITA
T,W071,Glass wastes,Liechtenstein,2008,0.0,
T,W071,Glass wastes,Liechtenstein,2010,0.0,
T,W071,Glass wastes,Liechtenstein,2012,925.0,
T,W071,Glass wastes,Liechtenstein,2014,944.0,
T,W071,Glass wastes,Liechtenstein,2016,1149.0,
T,W071,Glass wastes,Liechtenstein,2018,1502.0,
T,W071,Glass wastes,Liechtenstein,2020,1919.0,
T,W071,Glass wastes,Liechtenstein,2022,1594.0,
T,W071,Glass wastes,Lithuania,2004,1788.0,LTU
T,W071,Glass wastes,Lithuania,2006,28683.0,LTU
T,W071,Glass wastes,Lithuania,2008,23555.0,LTU
T,W071,Glass wastes,Lithuania,2010,22945.0,LTU
T,W071,Glass wastes,Lithuania,2012,28220.0,LTU
T,W071,Glass wastes,Lithuania,2014,28714.0,LTU
T,W071,Glass wastes,Lithuania,2016,37840.0,LTU
T,W071,Glass wastes,Lithuania,2018,33560.0,LTU
T,W071,Glass wastes,Lithuania,2020,47028.0,LTU
T,W071,Glass wastes,Lithuania,2022,42320.0,LTU
T,W071,Glass wastes,Luxembourg,2004,547.0,LUX
T,W071,Glass wastes,Luxembourg,2006,3543.0,LUX
T,W071,Glass wastes,Luxembourg,2008,15952.0,LUX
T,W071,Glass wastes,Luxembourg,2010,12553.0,LUX
T,W071,Glass wastes,Luxembourg,2012,9195.0,LUX
T,W071,Glass wastes,Luxembourg,2014,8247.0,LUX
T,W071,Glass wastes,Luxembourg,2016,898.0,LUX
T,W071,Glass wastes,Luxembourg,2018,76.0,LUX
T,W071,Glass wastes,Luxembourg,2020,368.0,LUX
T,W071,Glass wastes,Luxembourg,2022,165.0,LUX
T,W071,Glass wastes,Latvia,2004,0.0,LVA
T,W071,Glass wastes,Latvia,2006,5687.0,LVA
T,W071,Glass wastes,Latvia,2008,0.0,LVA
T,W071,Glass wastes,Latvia,2010,8848.0,LVA
T,W071,Glass wastes,Latvia,2012,25384.0,LVA
T,W071,Glass wastes,Latvia,2014,39304.0,LVA
T,W071,Glass wastes,Latvia,2016,48858.0,LVA
T,W071,Glass wastes,Latvia,2018,22159.0,LVA
T,W071,Glass wastes,Latvia,2020,11264.0,LVA
T,W071,Glass wastes,Latvia,2022,34138.0,LVA
T,W071,Glass wastes,Montenegro,2012,1930.0,
T,W071,Glass wastes,Montenegro,2014,1689.0,
T,W071,Glass wastes,Montenegro,2016,1563.0,
T,W071,Glass wastes,Montenegro,2018,1966.0,
T,W071,Glass wastes,Montenegro,2020,1131.0,
T,W071,Glass wastes,Montenegro,2022,1470.0,
T,W071,Glass wastes,North Macedonia,2008,0.0,
T,W071,Glass wastes,North Macedonia,2010,0.0,
T,W071,Glass wastes,North Macedonia,2012,0.0,
T,W071,Glass wastes,North Macedonia,2014,0.0,
T,W071,Glass wastes,North Macedonia,2016,0.0,
T,W071,Glass wastes,North Macedonia,2018,0.0,
T,W071,Glass wastes,North Macedonia,2020,0.0,
T,W071,Glass wastes,North Macedonia,2022,0.0,
T,W071,Glass wastes,Malta,2004,162.0,MLT
T,W071,Glass wastes,Malta,2006,685.0,MLT
T,W071,Glass wastes,Malta,2008,7201.0,MLT
T,W071,Glass wastes,Malta,2010,1777.0,MLT
T,W071,Glass wastes,Malta,2012,2033.0,MLT
T,W071,Glass wastes,Malta,2014,2446.0,MLT
T,W071,Glass wastes,Malta,2016,1627.0,MLT
T,W071,Glass wastes,Malta,2018,4472.0,MLT
T,W071,Glass wastes,Malta,2020,6290.0,MLT
T,W071,Glass wastes,Malta,2022,6739.0,MLT
T,W071,Glass wastes,Netherlands,2004,349979.0,NLD
T,W071,Glass wastes,Netherlands,2006,348521.0,NLD
T,W071,Glass wastes,Netherlands,2008,356394.0,NLD
T,W071,Glass wastes,Netherlands,2010,357748.0,NLD
T,W071,Glass wastes,Netherlands,2016,352037.0,NLD
T,W071,Glass wastes,Netherlands,2018,359468.0,NLD
T,W071,Glass wastes,Netherlands,2020,403737.0,NLD
T,W071,Glass wastes,Netherlands,2022,372989.0,NLD
T,W071,Glass wastes,Norway,2004,40236.0,NOR
T,W071,Glass wastes,Norway,2006,43965.0,NOR
T,W071,Glass wastes,Norway,2008,49000.0,NOR
T,W071,Glass wastes,Norway,2010,51097.0,NOR
T,W071,Glass wastes,Norway,2012,52623.0,NOR
T,W071,Glass wastes,Norway,2014,56837.0,NOR
T,W071,Glass wastes,Norway,2016,62618.0,NOR
T,W071,Glass wastes,Norway,2018,70276.0,NOR
T,W071,Glass wastes,Norway,2020,71812.0,NOR
T,W071,Glass wastes,Norway,2022,79104.0,NOR
T,W071,Glass wastes,Poland,2004,60460.0,POL
T,W071,Glass wastes,Poland,2006,89626.0,POL
T,W071,Glass wastes,Poland,2008,137153.0,POL
T,W071,Glass wastes,Poland,2010,175976.0,POL
T,W071,Glass wastes,Poland,2012,226233.0,POL
T,W071,Glass wastes,Poland,2014,364584.0,POL
T,W071,Glass wastes,Poland,2016,405607.0,POL
T,W071,Glass wastes,Poland,2018,505059.0,POL
T,W071,Glass wastes,Poland,2020,723268.0,POL
T,W071,Glass wastes,Poland,2022,788873.0,POL
T,W071,Glass wastes,Portugal,2004,107082.0,PRT
T,W071,Glass wastes,Portugal,2006,0.0,PRT
T,W071,Glass wastes,Portugal,2008,170744.0,PRT
T,W071,Glass wastes,Portugal,2010,185942.0,PRT
T,W071,Glass wastes,Portugal,2012,156721.0,PRT
T,W071,Glass wastes,Portugal,2014,148391.0,PRT
T,W071,Glass wastes,Portugal,2016,161028.0,PRT
T,W071,Glass wastes,Portugal,2018,173562.0,PRT
T,W071,Glass wastes,Portugal,2020,191862.0,PRT
T,W071,Glass wastes,Portugal,2022,219158.0,PRT
T,W071,Glass wastes,Romania,2004,343446.0,ROU
T,W071,Glass wastes,Romania,2006,550930.0,ROU
T,W071,Glass wastes,Romania,2008,118154.0,ROU
T,W071,Glass wastes,Romania,2010,98013.0,ROU
T,W071,Glass wastes,Romania,2012,115569.0,ROU
T,W071,Glass wastes,Romania,2014,8749.0,ROU
T,W071,Glass wastes,Romania,2016,49297.0,ROU
T,W071,Glass wastes,Romania,2018,44583.0,ROU
T,W071,Glass wastes,Romania,2020,68427.0,ROU
T,W071,Glass wastes,Romania,2022,88448.0,ROU
T,W071,Glass wastes,Serbia,2010,0.0,
T,W071,Glass wastes,Serbia,2014,1172.0,
T,W071,Glass wastes,Serbia,2016,2397.0,
T,W071,Glass wastes,Serbia,2018,487.0,
T,W071,Glass wastes,Serbia,2020,14243.0,
T,W071,Glass wastes,Serbia,2022,40175.0,
T,W071,Glass wastes,Sweden,2004,297189.0,SWE
T,W071,Glass wastes,Sweden,2006,266032.0,SWE
T,W071,Glass wastes,Sweden,2008,246307.0,SWE
T,W071,Glass wastes,Sweden,2010,252135.0,SWE
T,W071,Glass wastes,Sweden,2012,247232.0,SWE
T,W071,Glass wastes,Sweden,2014,170980.0,SWE
T,W071,Glass wastes,Sweden,2016,188830.0,SWE
T,W071,Glass wastes,Sweden,2018,199948.0,SWE
T,W071,Glass wastes,Sweden,2020,215095.0,SWE
T,W071,Glass wastes,Sweden,2022,214483.0,SWE
T,W071,Glass wastes,Slovenia,2004,6947.0,SVN
T,W071,Glass wastes,Slovenia,2006,11414.0,SVN
T,W071,Glass wastes,Slovenia,2008,14211.0,SVN
T,W071,Glass wastes,Slovenia,2010,21756.0,SVN
T,W071,Glass wastes,Slovenia,2012,25454.0,SVN
T,W071,Glass wastes,Slovenia,2014,27392.0,SVN
T,W071,Glass wastes,Slovenia,2016,28625.0,SVN
T,W071,Glass wastes,Slovenia,2018,30252.0,SVN
T,W071,Glass wastes,Slovenia,2020,29860.0,SVN
T,W071,Glass wastes,Slovenia,2022,33995.0,SVN
T,W071,Glass wastes,Slovakia,2004,0.0,SVK
T,W071,Glass wastes,Slovakia,2006,23124.0,SVK
T,W071,Glass wastes,Slovakia,2008,38844.0,SVK
T,W071,Glass wastes,Slovakia,2010,42643.0,SVK
T,W071,Glass wastes,Slovakia,2012,48552.0,SVK
T,W071,Glass wastes,Slovakia,2014,50227.0,SVK
T,W071,Glass wastes,Slovakia,2016,55984.0,SVK
T,W071,Glass wastes,Slovakia,2018,66251.0,SVK
T,W071,Glass wastes,Slovakia,2020,78778.0,SVK
T,W071,Glass wastes,Slovakia,2022,85527.0,SVK
T,W071,Glass wastes,Türkiye,2004,0.0,
T,W071,Glass wastes,Türkiye,2006,0.0,
T,W071,Glass wastes,Türkiye,2008,201738.0,
T,W071,Glass wastes,Türkiye,2010,7700.0,
T,W071,Glass wastes,Türkiye,2012,9302.0,
T,W071,Glass wastes,Türkiye,2014,22788.0,
T,W071,Glass wastes,Türkiye,2016,178713.0,
T,W071,Glass wastes,Türkiye,2018,187416.0,
T,W071,Glass wastes,Türkiye,2020,215614.0,
T,W071,Glass wastes,Türkiye,2022,97574.0,
T,W071,Glass wastes,United Kingdom,2004,789945.0,GBR
T,W071,Glass wastes,United Kingdom,2006,949187.0,GBR
T,W071,Glass wastes,United Kingdom,2008,1093123.0,GBR
T,W071,Glass wastes,United Kingdom,2010,1362003.0,GBR
T,W071,Glass wastes,United Kingdom,2012,1364450.0,GBR
T,W071,Glass wastes,United Kingdom,2014,1394922.0,GBR
T,W071,Glass wastes,United Kingdom,2016,1431223.0,GBR
T,W071,Glass wastes,United Kingdom,2018,1432776.0,GBR
T,W071,Glass wastes,Kosovo*,2012,0.0,
T,W071,Glass wastes,Kosovo*,2014,0.0,
T,W071,Glass wastes,Kosovo*,2016,0.0,
T,W071,Glass wastes,Kosovo*,2018,0.0,
T,W071,Glass wastes,Kosovo*,2020,0.0,
T,W071,Glass wastes,Kosovo*,2022,0.0,
T,W072,Paper and cardboard wastes,Austria,2004,601100.0,AUT
T,W072,Paper and cardboard wastes,Austria,2006,654800.0,AUT
T,W072,Paper and cardboard wastes,Austria,2008,703784.0,AUT
T,W072,Paper and cardboard wastes,Austria,2010,677000.0,AUT
T,W072,Paper and cardboard wastes,Austria,2012,638564.0,AUT
T,W072,Paper and cardboard wastes,Austria,2014,677600.0,AUT
T,W072,Paper and cardboard wastes,Austria,2016,655631.0,AUT
T,W072,Paper and cardboard wastes,Austria,2018,654178.0,AUT
T,W072,Paper and cardboard wastes,Austria,2020,624853.0,AUT
T,W072,Paper and cardboard wastes,Austria,2022,601648.0,AUT
T,W072,Paper and cardboard wastes,Bosnia and Herzegovina,2012,0.0,
T,W072,Paper and cardboard wastes,Bosnia and Herzegovina,2018,21468.0,
T,W072,Paper and cardboard wastes,Bosnia and Herzegovina,2020,16962.0,
T,W072,Paper and cardboard wastes,Bosnia and Herzegovina,2022,12834.0,
T,W072,Paper and cardboard wastes,Belgium,2004,506505.0,BEL
T,W072,Paper and cardboard wastes,Belgium,2006,667422.0,BEL
T,W072,Paper and cardboard wastes,Belgium,2008,670512.0,BEL
T,W072,Paper and cardboard wastes,Belgium,2010,789769.0,BEL
T,W072,Paper and cardboard wastes,Belgium,2012,777126.0,BEL
T,W072,Paper and cardboard wastes,Belgium,2014,704912.0,BEL
T,W072,Paper and cardboard wastes,Belgium,2016,639384.0,BEL
T,W072,Paper and cardboard wastes,Belgium,2018,614540.0,BEL
T,W072,Paper and cardboard wastes,Belgium,2020,592994.0,BEL
T,W072,Paper and cardboard wastes,Belgium,2022,543759.0,BEL
T,W072,Paper and cardboard wastes,Bulgaria,2004,0.0,BGR
T,W072,Paper and cardboard wastes,Bulgaria,2006,0.0,BGR
T,W072,Paper and cardboard wastes,Bulgaria,2008,0.0,BGR
T,W072,Paper and cardboard wastes,Bulgaria,2010,83327.0,BGR
T,W072,Paper and cardboard wastes,Bulgaria,2012,80632.0,BGR
T,W072,Paper and cardboard wastes,Bulgaria,2014,152912.0,BGR
T,W072,Paper and cardboard wastes,Bulgaria,2016,169975.0,BGR
T,W072,Paper and cardboard wastes,Bulgaria,2018,342991.0,BGR
T,W072,Paper and cardboard wastes,Bulgaria,2020,109656.0,BGR
T,W072,Paper and cardboard wastes,Bulgaria,2022,120903.0,BGR
T,W072,Paper and cardboard wastes,Cyprus,2004,104695.0,CYP
T,W072,Paper and cardboard wastes,Cyprus,2006,99211.0,CYP
T,W072,Paper and cardboard wastes,Cyprus,2008,113561.0,CYP
T,W072,Paper and cardboard wastes,Cyprus,2010,111079.0,CYP
T,W072,Paper and cardboard wastes,Cyprus,2012,11511.0,CYP
T,W072,Paper and cardboard wastes,Cyprus,2014,10235.0,CYP
T,W072,Paper and cardboard wastes,Cyprus,2016,10263.0,CYP
T,W072,Paper and cardboard wastes,Cyprus,2018,10076.0,CYP
T,W072,Paper and cardboard wastes,Cyprus,2020,9480.0,CYP
T,W072,Paper and cardboard wastes,Cyprus,2022,9763.0,CYP
T,W072,Paper and cardboard wastes,Czechia,2004,82983.0,CZE
T,W072,Paper and cardboard wastes,Czechia,2006,134272.0,CZE
T,W072,Paper and cardboard wastes,Czechia,2008,134501.0,CZE
T,W072,Paper and cardboard wastes,Czechia,2010,158626.0,CZE
T,W072,Paper and cardboard wastes,Czechia,2012,164289.0,CZE
T,W072,Paper and cardboard wastes,Czechia,2014,162625.0,CZE
T,W072,Paper and cardboard wastes,Czechia,2016,177342.0,CZE
T,W072,Paper and cardboard wastes,Czechia,2018,355705.0,CZE
T,W072,Paper and cardboard wastes,Czechia,2020,307995.0,CZE
T,W072,Paper and cardboard wastes,Czechia,2022,221613.0,CZE
T,W072,Paper and cardboard wastes,Germany,2004,5735935.0,DEU
T,W072,Paper and cardboard wastes,Germany,2006,5551627.0,DEU
T,W072,Paper and cardboard wastes,Germany,2008,6130580.0,DEU
T,W072,Paper and cardboard wastes,Germany,2010,5645743.0,DEU
T,W072,Paper and cardboard wastes,Germany,2012,5635120.0,DEU
T,W072,Paper and cardboard wastes,Germany,2014,5405753.0,DEU
T,W072,Paper and cardboard wastes,Germany,2016,5411523.0,DEU
T,W072,Paper and cardboard wastes,Germany,2018,5380142.0,DEU
T,W072,Paper and cardboard wastes,Germany,2020,4708052.0,DEU
T,W072,Paper and cardboard wastes,Germany,2022,4703070.0,DEU
T,W072,Paper and cardboard wastes,Denmark,2004,124557.0,DNK
T,W072,Paper and cardboard wastes,Denmark,2006,92022.0,DNK
T,W072,Paper and cardboard wastes,Denmark,2008,97153.0,DNK
T,W072,Paper and cardboard wastes,Denmark,2010,232896.0,DNK
T,W072,Paper and cardboard wastes,Denmark,2012,241432.0,DNK
T,W072,Paper and cardboard wastes,Denmark,2014,246100.0,DNK
T,W072,Paper and cardboard wastes,Denmark,2016,267638.0,DNK
T,W072,Paper and cardboard wastes,Denmark,2018,253497.0,DNK
T,W072,Paper and cardboard wastes,Denmark,2020,234058.0,DNK
T,W072,Paper and cardboard wastes,Denmark,2022,210526.0,DNK
T,W072,Paper and cardboard wastes,Estonia,2004,6000.0,EST
T,W072,Paper and cardboard wastes,Estonia,2006,7507.0,EST
T,W072,Paper and cardboard wastes,Estonia,2008,10487.0,EST
T,W072,Paper and cardboard wastes,Estonia,2010,10158.0,EST
T,W072,Paper and cardboard wastes,Estonia,2012,9738.0,EST
T,W072,Paper and cardboard wastes,Estonia,2014,16745.0,EST
T,W072,Paper and cardboard wastes,Estonia,2016,16683.0,EST
T,W072,Paper and cardboard wastes,Estonia,2018,22863.0,EST
T,W072,Paper and cardboard wastes,Estonia,2020,21974.0,EST
T,W072,Paper and cardboard wastes,Estonia,2022,15402.0,EST
T,W072,Paper and cardboard wastes,Greece,2004,0.0,GRC
T,W072,Paper and cardboard wastes,Greece,2006,14135.0,GRC
T,W072,Paper and cardboard wastes,Greece,2008,0.0,GRC
T,W072,Paper and cardboard wastes,Greece,2010,0.0,GRC
T,W072,Paper and cardboard wastes,Greece,2016,0.0,GRC
T,W072,Paper and cardboard wastes,Greece,2018,29683.0,GRC
T,W072,Paper and cardboard wastes,Greece,2020,14976.0,GRC
T,W072,Paper and cardboard wastes,Greece,2022,4351.0,GRC
T,W072,Paper and cardboard wastes,Spain,2004,698274.0,ESP
T,W072,Paper and cardboard wastes,Spain,2006,824871.0,ESP
T,W072,Paper and cardboard wastes,Spain,2008,1098374.0,ESP
T,W072,Paper and cardboard wastes,Spain,2010,1224038.0,ESP
T,W072,Paper and cardboard wastes,Spain,2012,847717.0,ESP
T,W072,Paper and cardboard wastes,Spain,2014,762851.0,ESP
T,W072,Paper and cardboard wastes,Spain,2016,1021166.0,ESP
T,W072,Paper and cardboard wastes,Spain,2018,1067385.0,ESP
T,W072,Paper and cardboard wastes,Spain,2020,1340017.0,ESP
T,W072,Paper and cardboard wastes,Spain,2022,1493450.0,ESP
T,W072,Paper and cardboard wastes,European Union - 27 countries (from 2020),2004,14220000.0,EU27_2020
T,W072,Paper and cardboard wastes,European Union - 27 countries (from 2020),2006,14900000.0,EU27_2020
T,W072,Paper and cardboard wastes,European Union - 27 countries (from 2020),2008,15880000.0,EU27_2020
T,W072,Paper and cardboard wastes,European Union - 27 countries (from 2020),2010,16010000.0,EU27_2020
T,W072,Paper and cardboard wastes,European Union - 27 countries (from 2020),2016,15360000.0,EU27_2020
T,W072,Paper and cardboard wastes,European Union - 27 countries (from 2020),2018,16240000.0,EU27_2020
T,W072,Paper and cardboard wastes,European Union - 27 countries (from 2020),2020,15690000.0,EU27_2020
T,W072,Paper and cardboard wastes,European Union - 27 countries (from 2020),2022,16000000.0,EU27_2020
T,W072,Paper and cardboard wastes,European Union - 28 countries (2013-2020),2004,16280000.0,
T,W072,Paper and cardboard wastes,European Union - 28 countries (2013-2020),2006,16770000.0,
T,W072,Paper and cardboard wastes,European Union - 28 countries (2013-2020),2008,17680000.0,
T,W072,Paper and cardboard wastes,European Union - 28 countries (2013-2020),2010,18920000.0,
T,W072,Paper and cardboard wastes,European Union - 28 countries (2013-2020),2012,18530000.0,
T,W072,Paper and cardboard wastes,European Union - 28 countries (2013-2020),2014,17920000.0,
T,W072,Paper and cardboard wastes,European Union - 28 countries (2013-2020),2016,18120000.0,
T,W072,Paper and cardboard wastes,European Union - 28 countries (2013-2020),2018,18930000.0,
T,W072,Paper and cardboard wastes,Finland,2004,205000.0,FIN
T,W072,Paper and cardboard wastes,Finland,2006,196123.0,FIN
T,W072,Paper and cardboard wastes,Finland,2008,226900.0,FIN
T,W072,Paper and cardboard wastes,Finland,2010,247067.0,FIN
T,W072,Paper and cardboard wastes,Finland,2012,206590.0,FIN
T,W072,Paper and cardboard wastes,Finland,2014,203397.0,FIN
T,W072,Paper and cardboard wastes,Finland,2016,71636.0,FIN
T,W072,Paper and cardboard wastes,Finland,2018,291650.0,FIN
T,W072,Paper and cardboard wastes,Finland,2020,357573.0,FIN
T,W072,Paper and cardboard wastes,Finland,2022,219688.0,FIN
T,W072,Paper and cardboard wastes,France,2004,1038500.0,FRA
T,W072,Paper and cardboard wastes,France,2006,1110800.0,FRA
T,W072,Paper and cardboard wastes,France,2008,1246430.0,FRA
T,W072,Paper and cardboard wastes,France,2010,1392789.0,FRA
T,W072,Paper and cardboard wastes,France,2012,1697280.0,FRA
T,W072,Paper and cardboard wastes,France,2014,1595000.0,FRA
T,W072,Paper and cardboard wastes,France,2016,1580280.0,FRA
T,W072,Paper and cardboard wastes,France,2018,1567800.0,FRA
T,W072,Paper and cardboard wastes,France,2020,1383247.0,FRA
T,W072,Paper and cardboard wastes,France,2022,1504061.0,FRA
T,W072,Paper and cardboard wastes,Croatia,2004,0.0,HRV
T,W072,Paper and cardboard wastes,Croatia,2006,0.0,HRV
T,W072,Paper and cardboard wastes,Croatia,2008,0.0,HRV
T,W072,Paper and cardboard wastes,Croatia,2010,0.0,HRV
T,W072,Paper and cardboard wastes,Croatia,2012,20436.0,HRV
T,W072,Paper and cardboard wastes,Croatia,2014,28652.0,HRV
T,W072,Paper and cardboard wastes,Croatia,2016,39015.0,HRV
T,W072,Paper and cardboard wastes,Croatia,2018,60277.0,HRV
T,W072,Paper and cardboard wastes,Croatia,2020,68796.0,HRV
T,W072,Paper and cardboard wastes,Croatia,2022,82279.0,HRV
T,W072,Paper and cardboard wastes,Hungary,2004,431710.0,HUN
T,W072,Paper and cardboard wastes,Hungary,2006,50883.0,HUN
T,W072,Paper and cardboard wastes,Hungary,2008,122236.0,HUN
T,W072,Paper and cardboard wastes,Hungary,2010,120293.0,HUN
T,W072,Paper and cardboard wastes,Hungary,2012,153177.0,HUN
T,W072,Paper and cardboard wastes,Hungary,2014,140033.0,HUN
T,W072,Paper and cardboard wastes,Hungary,2016,113164.0,HUN
T,W072,Paper and cardboard wastes,Hungary,2018,105378.0,HUN
T,W072,Paper and cardboard wastes,Hungary,2020,134636.0,HUN
T,W072,Paper and cardboard wastes,Hungary,2022,155456.0,HUN
T,W072,Paper and cardboard wastes,Ireland,2004,353746.0,IRL
T,W072,Paper and cardboard wastes,Ireland,2006,450772.0,IRL
T,W072,Paper and cardboard wastes,Ireland,2010,20968.0,IRL
T,W072,Paper and cardboard wastes,Ireland,2012,16142.0,IRL
T,W072,Paper and cardboard wastes,Ireland,2014,16447.0,IRL
T,W072,Paper and cardboard wastes,Ireland,2016,17350.0,IRL
T,W072,Paper and cardboard wastes,Ireland,2018,16670.0,IRL
T,W072,Paper and cardboard wastes,Ireland,2020,18228.0,IRL
T,W072,Paper and cardboard wastes,Ireland,2022,14839.0,IRL
T,W072,Paper and cardboard wastes,Iceland,2004,7800.0,ISL
T,W072,Paper and cardboard wastes,Iceland,2010,17200.0,ISL
T,W072,Paper and cardboard wastes,Iceland,2012,19922.0,ISL
T,W072,Paper and cardboard wastes,Iceland,2014,24380.0,ISL
T,W072,Paper and cardboard wastes,Iceland,2016,30449.0,ISL
T,W072,Paper and cardboard wastes,Iceland,2018,30892.0,ISL
T,W072,Paper and cardboard wastes,Iceland,2020,20518.0,ISL
T,W072,Paper and cardboard wastes,Iceland,2022,4309.0,ISL
T,W072,Paper and cardboard wastes,Italy,2004,2153825.0,ITA
T,W072,Paper and cardboard wastes,Italy,2006,2529463.0,ITA
T,W072,Paper and cardboard wastes,Italy,2008,2934146.0,ITA
T,W072,Paper and cardboard wastes,Italy,2010,3062718.0,ITA
T,W072,Paper and cardboard wastes,Italy,2012,3037536.0,ITA
T,W072,Paper and cardboard wastes,Italy,2014,3153874.0,ITA
T,W072,Paper and cardboard wastes,Italy,2016,3218725.0,ITA
T,W072,Paper and cardboard wastes,Italy,2018,3418441.0,ITA
T,W072,Paper and cardboard wastes,Italy,2020,3508537.0,ITA
T,W072,Paper and cardboard wastes,Italy,2022,3652779.0,ITA
T,W072,Paper and cardboard wastes,Liechtenstein,2008,0.0,
T,W072,Paper and cardboard wastes,Liechtenstein,2010,0.0,
T,W072,Paper and cardboard wastes,Liechtenstein,2012,6522.0,
T,W072,Paper and cardboard wastes,Liechtenstein,2014,4791.0,
T,W072,Paper and cardboard wastes,Liechtenstein,2016,4780.0,
T,W072,Paper and cardboard wastes,Liechtenstein,2018,5415.0,
T,W072,Paper and cardboard wastes,Liechtenstein,2020,4606.0,
T,W072,Paper and cardboard wastes,Liechtenstein,2022,5010.0,
T,W072,Paper and cardboard wastes,Lithuania,2004,4456.0,LTU
T,W072,Paper and cardboard wastes,Lithuania,2006,33318.0,LTU
T,W072,Paper and cardboard wastes,Lithuania,2008,49364.0,LTU
T,W072,Paper and cardboard wastes,Lithuania,2010,49539.0,LTU
T,W072,Paper and cardboard wastes,Lithuania,2012,19584.0,LTU
T,W072,Paper and cardboard wastes,Lithuania,2014,30621.0,LTU
T,W072,Paper and cardboard wastes,Lithuania,2016,28161.0,LTU
T,W072,Paper and cardboard wastes,Lithuania,2018,27889.0,LTU
T,W072,Paper and cardboard wastes,Lithuania,2020,29257.0,LTU
T,W072,Paper and cardboard wastes,Lithuania,2022,45517.0,LTU
T,W072,Paper and cardboard wastes,Luxembourg,2004,3656.0,LUX
T,W072,Paper and cardboard wastes,Luxembourg,2006,361.0,LUX
T,W072,Paper and cardboard wastes,Luxembourg,2008,15000.0,LUX
T,W072,Paper and cardboard wastes,Luxembourg,2010,24661.0,LUX
T,W072,Paper and cardboard wastes,Luxembourg,2012,26266.0,LUX
T,W072,Paper and cardboard wastes,Luxembourg,2014,21479.0,LUX
T,W072,Paper and cardboard wastes,Luxembourg,2016,14881.0,LUX
T,W072,Paper and cardboard wastes,Luxembourg,2018,15344.0,LUX
T,W072,Paper and cardboard wastes,Luxembourg,2020,22357.0,LUX
T,W072,Paper and cardboard wastes,Luxembourg,2022,18720.0,LUX
T,W072,Paper and cardboard wastes,Latvia,2004,0.0,LVA
T,W072,Paper and cardboard wastes,Latvia,2006,17726.0,LVA
T,W072,Paper and cardboard wastes,Latvia,2008,0.0,LVA
T,W072,Paper and cardboard wastes,Latvia,2010,39986.0,LVA
T,W072,Paper and cardboard wastes,Latvia,2012,96987.0,LVA
T,W072,Paper and cardboard wastes,Latvia,2014,86483.0,LVA
T,W072,Paper and cardboard wastes,Latvia,2016,101675.0,LVA
T,W072,Paper and cardboard wastes,Latvia,2018,63223.0,LVA
T,W072,Paper and cardboard wastes,Latvia,2020,57950.0,LVA
T,W072,Paper and cardboard wastes,Latvia,2022,64685.0,LVA
T,W072,Paper and cardboard wastes,Montenegro,2012,4924.0,
T,W072,Paper and cardboard wastes,Montenegro,2014,3471.0,
T,W072,Paper and cardboard wastes,Montenegro,2016,5049.0,
T,W072,Paper and cardboard wastes,Montenegro,2018,4216.0,
T,W072,Paper and cardboard wastes,Montenegro,2020,4509.0,
T,W072,Paper and cardboard wastes,Montenegro,2022,4652.0,
T,W072,Paper and cardboard wastes,North Macedonia,2008,0.0,
T,W072,Paper and cardboard wastes,North Macedonia,2010,0.0,
T,W072,Paper and cardboard wastes,North Macedonia,2012,0.0,
T,W072,Paper and cardboard wastes,North Macedonia,2014,0.0,
T,W072,Paper and cardboard wastes,North Macedonia,2016,0.0,
T,W072,Paper and cardboard wastes,North Macedonia,2018,0.0,
T,W072,Paper and cardboard wastes,North Macedonia,2020,0.0,
T,W072,Paper and cardboard wastes,North Macedonia,2022,0.0,
T,W072,Paper and cardboard wastes,Malta,2004,975.0,MLT
T,W072,Paper and cardboard wastes,Malta,2006,1454.0,MLT
T,W072,Paper and cardboard wastes,Malta,2008,977.0,MLT
T,W072,Paper and cardboard wastes,Malta,2010,2151.0,MLT
T,W072,Paper and cardboard wastes,Malta,2012,1368.0,MLT
T,W072,Paper and cardboard wastes,Malta,2014,1679.0,MLT
T,W072,Paper and cardboard wastes,Malta,2016,1506.0,MLT
T,W072,Paper and cardboard wastes,Malta,2018,1688.0,MLT
T,W072,Paper and cardboard wastes,Malta,2020,2125.0,MLT
T,W072,Paper and cardboard wastes,Malta,2022,2314.0,MLT
T,W072,Paper and cardboard wastes,Netherlands,2004,1117131.0,NLD
T,W072,Paper and cardboard wastes,Netherlands,2006,1177105.0,NLD
T,W072,Paper and cardboard wastes,Netherlands,2008,1242308.0,NLD
T,W072,Paper and cardboard wastes,Netherlands,2010,1127573.0,NLD
T,W072,Paper and cardboard wastes,Netherlands,2016,867062.0,NLD
T,W072,Paper and cardboard wastes,Netherlands,2018,826612.0,NLD
T,W072,Paper and cardboard wastes,Netherlands,2020,834542.0,NLD
T,W072,Paper and cardboard wastes,Netherlands,2022,756792.0,NLD
T,W072,Paper and cardboard wastes,Norway,2004,258721.0,NOR
T,W072,Paper and cardboard wastes,Norway,2006,328375.0,NOR
T,W072,Paper and cardboard wastes,Norway,2008,350000.0,NOR
T,W072,Paper and cardboard wastes,Norway,2010,310000.0,NOR
T,W072,Paper and cardboard wastes,Norway,2012,301680.0,NOR
T,W072,Paper and cardboard wastes,Norway,2014,276761.0,NOR
T,W072,Paper and cardboard wastes,Norway,2016,259991.0,NOR
T,W072,Paper and cardboard wastes,Norway,2018,238882.0,NOR
T,W072,Paper and cardboard wastes,Norway,2020,231706.0,NOR
T,W072,Paper and cardboard wastes,Norway,2022,204087.0,NOR
T,W072,Paper and cardboard wastes,Poland,2004,27657.0,POL
T,W072,Paper and cardboard wastes,Poland,2006,44306.0,POL
T,W072,Paper and cardboard wastes,Poland,2008,69634.0,POL
T,W072,Paper and cardboard wastes,Poland,2010,94765.0,POL
T,W072,Paper and cardboard wastes,Poland,2012,106392.0,POL
T,W072,Paper and cardboard wastes,Poland,2014,169610.0,POL
T,W072,Paper and cardboard wastes,Poland,2016,202064.0,POL
T,W072,Paper and cardboard wastes,Poland,2018,269404.0,POL
T,W072,Paper and cardboard wastes,Poland,2020,487972.0,POL
T,W072,Paper and cardboard wastes,Poland,2022,711581.0,POL
T,W072,Paper and cardboard wastes,Portugal,2004,94395.0,PRT
T,W072,Paper and cardboard wastes,Portugal,2006,0.0,PRT
T,W072,Paper and cardboard wastes,Portugal,2008,193581.0,PRT
T,W072,Paper and cardboard wastes,Portugal,2010,186818.0,PRT
T,W072,Paper and cardboard wastes,Portugal,2012,146616.0,PRT
T,W072,Paper and cardboard wastes,Portugal,2014,138508.0,PRT
T,W072,Paper and cardboard wastes,Portugal,2016,152466.0,PRT
T,W072,Paper and cardboard wastes,Portugal,2018,189391.0,PRT
T,W072,Paper and cardboard wastes,Portugal,2020,214230.0,PRT
T,W072,Paper and cardboard wastes,Portugal,2022,230727.0,PRT
T,W072,Paper and cardboard wastes,Romania,2004,391106.0,ROU
T,W072,Paper and cardboard wastes,Romania,2006,643624.0,ROU
T,W072,Paper and cardboard wastes,Romania,2008,219613.0,ROU
T,W072,Paper and cardboard wastes,Romania,2010,169423.0,ROU
T,W072,Paper and cardboard wastes,Romania,2012,210227.0,ROU
T,W072,Paper and cardboard wastes,Romania,2014,28607.0,ROU
T,W072,Paper and cardboard wastes,Romania,2016,109415.0,ROU
T,W072,Paper and cardboard wastes,Romania,2018,125652.0,ROU
T,W072,Paper and cardboard wastes,Romania,2020,101378.0,ROU
T,W072,Paper and cardboard wastes,Romania,2022,118247.0,ROU
T,W072,Paper and cardboard wastes,Serbia,2010,0.0,
T,W072,Paper and cardboard wastes,Serbia,2014,7621.0,
T,W072,Paper and cardboard wastes,Serbia,2016,15713.0,
T,W072,Paper and cardboard wastes,Serbia,2018,2057.0,
T,W072,Paper and cardboard wastes,Serbia,2020,22284.0,
T,W072,Paper and cardboard wastes,Serbia,2022,0.0,
T,W072,Paper and cardboard wastes,Sweden,2004,512012.0,SWE
T,W072,Paper and cardboard wastes,Sweden,2006,537440.0,SWE
T,W072,Paper and cardboard wastes,Sweden,2008,519120.0,SWE
T,W072,Paper and cardboard wastes,Sweden,2010,454986.0,SWE
T,W072,Paper and cardboard wastes,Sweden,2012,379365.0,SWE
T,W072,Paper and cardboard wastes,Sweden,2014,368233.0,SWE
T,W072,Paper and cardboard wastes,Sweden,2016,361078.0,SWE
T,W072,Paper and cardboard wastes,Sweden,2018,372041.0,SWE
T,W072,Paper and cardboard wastes,Sweden,2020,355892.0,SWE
T,W072,Paper and cardboard wastes,Sweden,2022,329262.0,SWE
T,W072,Paper and cardboard wastes,Slovenia,2004,17254.0,SVN
T,W072,Paper and cardboard wastes,Slovenia,2006,26104.0,SVN
T,W072,Paper and cardboard wastes,Slovenia,2008,33740.0,SVN
T,W072,Paper and cardboard wastes,Slovenia,2010,38865.0,SVN
T,W072,Paper and cardboard wastes,Slovenia,2012,40747.0,SVN
T,W072,Paper and cardboard wastes,Slovenia,2014,43970.0,SVN
T,W072,Paper and cardboard wastes,Slovenia,2016,42457.0,SVN
T,W072,Paper and cardboard wastes,Slovenia,2018,51822.0,SVN
T,W072,Paper and cardboard wastes,Slovenia,2020,47761.0,SVN
T,W072,Paper and cardboard wastes,Slovenia,2022,56532.0,SVN
T,W072,Paper and cardboard wastes,Slovakia,2004,0.0,SVK
T,W072,Paper and cardboard wastes,Slovakia,2006,30433.0,SVK
T,W072,Paper and cardboard wastes,Slovakia,2008,44814.0,SVK
T,W072,Paper and cardboard wastes,Slovakia,2010,48163.0,SVK
T,W072,Paper and cardboard wastes,Slovakia,2012,58925.0,SVK
T,W072,Paper and cardboard wastes,Slovakia,2014,61686.0,SVK
T,W072,Paper and cardboard wastes,Slovakia,2016,72557.0,SVK
T,W072,Paper and cardboard wastes,Slovakia,2018,105332.0,SVK
T,W072,Paper and cardboard wastes,Slovakia,2020,101129.0,SVK
T,W072,Paper and cardboard wastes,Slovakia,2022,108379.0,SVK
T,W072,Paper and cardboard wastes,Türkiye,2004,0.0,
T,W072,Paper and cardboard wastes,Türkiye,2006,0.0,
T,W072,Paper and cardboard wastes,Türkiye,2008,804533.0,
T,W072,Paper and cardboard wastes,Türkiye,2010,32036.0,
T,W072,Paper and cardboard wastes,Türkiye,2012,22743.0,
T,W072,Paper and cardboard wastes,Türkiye,2014,68952.0,
T,W072,Paper and cardboard wastes,Türkiye,2016,781593.0,
T,W072,Paper and cardboard wastes,Türkiye,2018,872020.0,
T,W072,Paper and cardboard wastes,Türkiye,2020,827987.0,
T,W072,Paper and cardboard wastes,Türkiye,2022,459217.0,
T,W072,Paper and cardboard wastes,United Kingdom,2004,2064783.0,GBR
T,W072,Paper and cardboard wastes,United Kingdom,2006,1872239.0,GBR
T,W072,Paper and cardboard wastes,United Kingdom,2008,1803922.0,GBR
T,W072,Paper and cardboard wastes,United Kingdom,2010,2902991.0,GBR
T,W072,Paper and cardboard wastes,United Kingdom,2012,2904603.0,GBR
T,W072,Paper and cardboard wastes,United Kingdom,2014,2809695.0,GBR
T,W072,Paper and cardboard wastes,United Kingdom,2016,2759945.0,GBR
T,W072,Paper and cardboard wastes,United Kingdom,2018,2693692.0,GBR
T,W072,Paper and cardboard wastes,Kosovo*,2012,0.0,
T,W072,Paper and cardboard wastes,Kosovo*,2014,0.0,
T,W072,Paper and cardboard wastes,Kosovo*,2016,0.0,
T,W072,Paper and cardboard wastes,Kosovo*,2018,0.0,
T,W072,Paper and cardboard wastes,Kosovo*,2020,0.0,
T,W072,Paper and cardboard wastes,Kosovo*,2022,0.0,
T,W074,Plastic wastes,Austria,2004,127000.0,AUT
T,W074,Plastic wastes,Austria,2006,129200.0,AUT
T,W074,Plastic wastes,Austria,2008,142013.0,AUT
T,W074,Plastic wastes,Austria,2010,151456.0,AUT
T,W074,Plastic wastes,Austria,2012,152657.0,AUT
T,W074,Plastic wastes,Austria,2014,164240.0,AUT
T,W074,Plastic wastes,Austria,2016,168877.0,AUT
T,W074,Plastic wastes,Austria,2018,176528.0,AUT
T,W074,Plastic wastes,Austria,2020,185931.0,AUT
T,W074,Plastic wastes,Austria,2022,185393.0,AUT
T,W074,Plastic wastes,Bosnia and Herzegovina,2012,0.0,
T,W074,Plastic wastes,Bosnia and Herzegovina,2018,7182.0,
T,W074,Plastic wastes,Bosnia and Herzegovina,2020,5445.0,
T,W074,Plastic wastes,Bosnia and Herzegovina,2022,3832.0,
T,W074,Plastic wastes,Belgium,2004,50564.0,BEL
T,W074,Plastic wastes,Belgium,2006,110367.0,BEL
T,W074,Plastic wastes,Belgium,2008,102297.0,BEL
T,W074,Plastic wastes,Belgium,2010,119392.0,BEL
T,W074,Plastic wastes,Belgium,2012,112624.0,BEL
T,W074,Plastic wastes,Belgium,2014,117952.0,BEL
T,W074,Plastic wastes,Belgium,2016,107451.0,BEL
T,W074,Plastic wastes,Belgium,2018,93871.0,BEL
T,W074,Plastic wastes,Belgium,2020,154179.0,BEL
T,W074,Plastic wastes,Belgium,2022,182704.0,BEL
T,W074,Plastic wastes,Bulgaria,2004,0.0,BGR
T,W074,Plastic wastes,Bulgaria,2006,0.0,BGR
T,W074,Plastic wastes,Bulgaria,2008,0.0,BGR
T,W074,Plastic wastes,Bulgaria,2010,21229.0,BGR
T,W074,Plastic wastes,Bulgaria,2012,39286.0,BGR
T,W074,Plastic wastes,Bulgaria,2014,54075.0,BGR
T,W074,Plastic wastes,Bulgaria,2016,37179.0,BGR
T,W074,Plastic wastes,Bulgaria,2018,175231.0,BGR
T,W074,Plastic wastes,Bulgaria,2020,32595.0,BGR
T,W074,Plastic wastes,Bulgaria,2022,29969.0,BGR
T,W074,Plastic wastes,Cyprus,2004,44450.0,CYP
T,W074,Plastic wastes,Cyprus,2006,42124.0,CYP
T,W074,Plastic wastes,Cyprus,2008,58306.0,CYP
T,W074,Plastic wastes,Cyprus,2010,76203.0,CYP
T,W074,Plastic wastes,Cyprus,2012,0.0,CYP
T,W074,Plastic wastes,Cyprus,2014,0.0,CYP
T,W074,Plastic wastes,Cyprus,2016,0.0,CYP
T,W074,Plastic wastes,Cyprus,2018,0.0,CYP
T,W074,Plastic wastes,Cyprus,2020,171.0,CYP
T,W074,Plastic wastes,Cyprus,2022,0.0,CYP
T,W074,Plastic wastes,Czechia,2004,37380.0,CZE
T,W074,Plastic wastes,Czechia,2006,53698.0,CZE
T,W074,Plastic wastes,Czechia,2008,53647.0,CZE
T,W074,Plastic wastes,Czechia,2010,63500.0,CZE
T,W074,Plastic wastes,Czechia,2012,95789.0,CZE
T,W074,Plastic wastes,Czechia,2014,103184.0,CZE
T,W074,Plastic wastes,Czechia,2016,121243.0,CZE
T,W074,Plastic wastes,Czechia,2018,154812.0,CZE
T,W074,Plastic wastes,Czechia,2020,179886.0,CZE
T,W074,Plastic wastes,Czechia,2022,182930.0,CZE
T,W074,Plastic wastes,Germany,2004,173577.0,DEU
T,W074,Plastic wastes,Germany,2006,298376.0,DEU
T,W074,Plastic wastes,Germany,2008,129754.0,DEU
T,W074,Plastic wastes,Germany,2010,45895.0,DEU
T,W074,Plastic wastes,Germany,2012,126095.0,DEU
T,W074,Plastic wastes,Germany,2014,101694.0,DEU
T,W074,Plastic wastes,Germany,2016,123789.0,DEU
T,W074,Plastic wastes,Germany,2018,111219.0,DEU
T,W074,Plastic wastes,Germany,2020,106495.0,DEU
T,W074,Plastic wastes,Germany,2022,130167.0,DEU
T,W074,Plastic wastes,Denmark,2004,2809.0,DNK
T,W074,Plastic wastes,Denmark,2006,2152.0,DNK
T,W074,Plastic wastes,Denmark,2008,2523.0,DNK
T,W074,Plastic wastes,Denmark,2010,25074.0,DNK
T,W074,Plastic wastes,Denmark,2012,25388.0,DNK
T,W074,Plastic wastes,Denmark,2014,30058.0,DNK
T,W074,Plastic wastes,Denmark,2016,38917.0,DNK
T,W074,Plastic wastes,Denmark,2018,49528.0,DNK
T,W074,Plastic wastes,Denmark,2020,81410.0,DNK
T,W074,Plastic wastes,Denmark,2022,87190.0,DNK
T,W074,Plastic wastes,Estonia,2004,1455.0,EST
T,W074,Plastic wastes,Estonia,2006,444.0,EST
T,W074,Plastic wastes,Estonia,2008,2125.0,EST
T,W074,Plastic wastes,Estonia,2010,2543.0,EST
T,W074,Plastic wastes,Estonia,2012,1674.0,EST
T,W074,Plastic wastes,Estonia,2014,3450.0,EST
T,W074,Plastic wastes,Estonia,2016,2706.0,EST
T,W074,Plastic wastes,Estonia,2018,5170.0,EST
T,W074,Plastic wastes,Estonia,2020,4718.0,EST
T,W074,Plastic wastes,Estonia,2022,6079.0,EST
T,W074,Plastic wastes,Greece,2004,0.0,GRC
T,W074,Plastic wastes,Greece,2006,11836.0,GRC
T,W074,Plastic wastes,Greece,2008,0.0,GRC
T,W074,Plastic wastes,Greece,2010,0.0,GRC
T,W074,Plastic wastes,Greece,2016,0.0,GRC
T,W074,Plastic wastes,Greece,2018,10553.0,GRC
T,W074,Plastic wastes,Greece,2020,16115.0,GRC
T,W074,Plastic wastes,Greece,2022,1751.0,GRC
T,W074,Plastic wastes,Spain,2004,132703.0,ESP
T,W074,Plastic wastes,Spain,2006,109383.0,ESP
T,W074,Plastic wastes,Spain,2008,183948.0,ESP
T,W074,Plastic wastes,Spain,2010,185499.0,ESP
T,W074,Plastic wastes,Spain,2012,107524.0,ESP
T,W074,Plastic wastes,Spain,2014,39891.0,ESP
T,W074,Plastic wastes,Spain,2016,25119.0,ESP
T,W074,Plastic wastes,Spain,2018,24050.0,ESP
T,W074,Plastic wastes,Spain,2020,8713.0,ESP
T,W074,Plastic wastes,Spain,2022,24293.0,ESP
T,W074,Plastic wastes,European Union - 27 countries (from 2020),2004,1510000.0,EU27_2020
T,W074,Plastic wastes,European Union - 27 countries (from 2020),2006,2090000.0,EU27_2020
T,W074,Plastic wastes,European Union - 27 countries (from 2020),2008,1860000.0,EU27_2020
T,W074,Plastic wastes,European Union - 27 countries (from 2020),2010,2070000.0,EU27_2020
T,W074,Plastic wastes,European Union - 27 countries (from 2020),2016,2900000.0,EU27_2020
T,W074,Plastic wastes,European Union - 27 countries (from 2020),2018,3280000.0,EU27_2020
T,W074,Plastic wastes,European Union - 27 countries (from 2020),2020,3800000.0,EU27_2020
T,W074,Plastic wastes,European Union - 27 countries (from 2020),2022,4020000.0,EU27_2020
T,W074,Plastic wastes,European Union - 28 countries (2013-2020),2004,1630000.0,
T,W074,Plastic wastes,European Union - 28 countries (2013-2020),2006,2170000.0,
T,W074,Plastic wastes,European Union - 28 countries (2013-2020),2008,1960000.0,
T,W074,Plastic wastes,European Union - 28 countries (2013-2020),2010,2410000.0,
T,W074,Plastic wastes,European Union - 28 countries (2013-2020),2012,2880000.0,
T,W074,Plastic wastes,European Union - 28 countries (2013-2020),2014,3100000.0,
T,W074,Plastic wastes,European Union - 28 countries (2013-2020),2016,3410000.0,
T,W074,Plastic wastes,European Union - 28 countries (2013-2020),2018,3810000.0,
T,W074,Plastic wastes,Finland,2004,11529.0,FIN
T,W074,Plastic wastes,Finland,2006,12914.0,FIN
T,W074,Plastic wastes,Finland,2008,22800.0,FIN
T,W074,Plastic wastes,Finland,2010,9463.0,FIN
T,W074,Plastic wastes,Finland,2012,1978.0,FIN
T,W074,Plastic wastes,Finland,2014,28559.0,FIN
T,W074,Plastic wastes,Finland,2016,27614.0,FIN
T,W074,Plastic wastes,Finland,2018,37500.0,FIN
T,W074,Plastic wastes,Finland,2020,69644.0,FIN
T,W074,Plastic wastes,Finland,2022,44886.0,FIN
T,W074,Plastic wastes,France,2004,157000.0,FRA
T,W074,Plastic wastes,France,2006,176500.0,FRA
T,W074,Plastic wastes,France,2008,180940.0,FRA
T,W074,Plastic wastes,France,2010,190900.0,FRA
T,W074,Plastic wastes,France,2012,288600.0,FRA
T,W074,Plastic wastes,France,2014,251000.0,FRA
T,W074,Plastic wastes,France,2016,282000.0,FRA
T,W074,Plastic wastes,France,2018,313000.0,FRA
T,W074,Plastic wastes,France,2020,329000.0,FRA
T,W074,Plastic wastes,France,2022,380000.0,FRA
T,W074,Plastic wastes,Croatia,2004,0.0,HRV
T,W074,Plastic wastes,Croatia,2006,0.0,HRV
T,W074,Plastic wastes,Croatia,2008,0.0,HRV
T,W074,Plastic wastes,Croatia,2010,0.0,HRV
T,W074,Plastic wastes,Croatia,2012,10817.0,HRV
T,W074,Plastic wastes,Croatia,2014,15169.0,HRV
T,W074,Plastic wastes,Croatia,2016,18094.0,HRV
T,W074,Plastic wastes,Croatia,2018,18250.0,HRV
T,W074,Plastic wastes,Croatia,2020,32934.0,HRV
T,W074,Plastic wastes,Croatia,2022,45875.0,HRV
T,W074,Plastic wastes,Hungary,2004,30680.0,HUN
T,W074,Plastic wastes,Hungary,2006,16632.0,HUN
T,W074,Plastic wastes,Hungary,2008,20193.0,HUN
T,W074,Plastic wastes,Hungary,2010,23481.0,HUN
T,W074,Plastic wastes,Hungary,2012,42722.0,HUN
T,W074,Plastic wastes,Hungary,2014,27610.0,HUN
T,W074,Plastic wastes,Hungary,2016,21369.0,HUN
T,W074,Plastic wastes,Hungary,2018,15049.0,HUN
T,W074,Plastic wastes,Hungary,2020,13416.0,HUN
T,W074,Plastic wastes,Hungary,2022,14958.0,HUN
T,W074,Plastic wastes,Ireland,2004,187131.0,IRL
T,W074,Plastic wastes,Ireland,2006,222499.0,IRL
T,W074,Plastic wastes,Ireland,2010,6044.0,IRL
T,W074,Plastic wastes,Ireland,2012,4970.0,IRL
T,W074,Plastic wastes,Ireland,2014,4977.0,IRL
T,W074,Plastic wastes,Ireland,2016,5772.0,IRL
T,W074,Plastic wastes,Ireland,2018,5082.0,IRL
T,W074,Plastic wastes,Ireland,2020,5463.0,IRL
T,W074,Plastic wastes,Ireland,2022,4241.0,IRL
T,W074,Plastic wastes,Iceland,2004,1500.0,ISL
T,W074,Plastic wastes,Iceland,2010,1779.0,ISL
T,W074,Plastic wastes,Iceland,2012,2623.0,ISL
T,W074,Plastic wastes,Iceland,2014,2275.0,ISL
T,W074,Plastic wastes,Iceland,2016,3270.0,ISL
T,W074,Plastic wastes,Iceland,2018,4496.0,ISL
T,W074,Plastic wastes,Iceland,2020,3269.0,ISL
T,W074,Plastic wastes,Iceland,2022,2362.0,ISL
T,W074,Plastic wastes,Italy,2004,353162.0,ITA
T,W074,Plastic wastes,Italy,2006,457250.0,ITA
T,W074,Plastic wastes,Italy,2008,577378.0,ITA
T,W074,Plastic wastes,Italy,2010,648642.0,ITA
T,W074,Plastic wastes,Italy,2012,889801.0,ITA
T,W074,Plastic wastes,Italy,2014,1012545.0,ITA
T,W074,Plastic wastes,Italy,2016,1233972.0,ITA
T,W074,Plastic wastes,Italy,2018,1362248.0,ITA
T,W074,Plastic wastes,Italy,2020,1574883.0,ITA
T,W074,Plastic wastes,Italy,2022,1703154.0,ITA
T,W074,Plastic wastes,Liechtenstein,2008,0.0,
T,W074,Plastic wastes,Liechtenstein,2010,0.0,
T,W074,Plastic wastes,Liechtenstein,2012,54.0,
T,W074,Plastic wastes,Liechtenstein,2014,50.0,
T,W074,Plastic wastes,Liechtenstein,2016,176.0,
T,W074,Plastic wastes,Liechtenstein,2018,182.0,
T,W074,Plastic wastes,Liechtenstein,2020,288.0,
T,W074,Plastic wastes,Liechtenstein,2022,283.0,
T,W074,Plastic wastes,Lithuania,2004,2145.0,LTU
T,W074,Plastic wastes,Lithuania,2006,5698.0,LTU
T,W074,Plastic wastes,Lithuania,2008,8443.0,LTU
T,W074,Plastic wastes,Lithuania,2010,13815.0,LTU
T,W074,Plastic wastes,Lithuania,2012,9416.0,LTU
T,W074,Plastic wastes,Lithuania,2014,12726.0,LTU
T,W074,Plastic wastes,Lithuania,2016,17057.0,LTU
T,W074,Plastic wastes,Lithuania,2018,19078.0,LTU
T,W074,Plastic wastes,Lithuania,2020,24591.0,LTU
T,W074,Plastic wastes,Lithuania,2022,54979.0,LTU
T,W074,Plastic wastes,Luxembourg,2004,135.0,LUX
T,W074,Plastic wastes,Luxembourg,2006,23.0,LUX
T,W074,Plastic wastes,Luxembourg,2008,444.0,LUX
T,W074,Plastic wastes,Luxembourg,2010,346.0,LUX
T,W074,Plastic wastes,Luxembourg,2012,231.0,LUX
T,W074,Plastic wastes,Luxembourg,2014,248.0,LUX
T,W074,Plastic wastes,Luxembourg,2016,243.0,LUX
T,W074,Plastic wastes,Luxembourg,2018,279.0,LUX
T,W074,Plastic wastes,Luxembourg,2020,409.0,LUX
T,W074,Plastic wastes,Luxembourg,2022,386.0,LUX
T,W074,Plastic wastes,Latvia,2004,0.0,LVA
T,W074,Plastic wastes,Latvia,2006,8374.0,LVA
T,W074,Plastic wastes,Latvia,2008,0.0,LVA
T,W074,Plastic wastes,Latvia,2010,3760.0,LVA
T,W074,Plastic wastes,Latvia,2012,16256.0,LVA
T,W074,Plastic wastes,Latvia,2014,8555.0,LVA
T,W074,Plastic wastes,Latvia,2016,46293.0,LVA
T,W074,Plastic wastes,Latvia,2018,13305.0,LVA
T,W074,Plastic wastes,Latvia,2020,14513.0,LVA
T,W074,Plastic wastes,Latvia,2022,23233.0,LVA
T,W074,Plastic wastes,Montenegro,2012,3176.0,
T,W074,Plastic wastes,Montenegro,2014,1772.0,
T,W074,Plastic wastes,Montenegro,2016,1942.0,
T,W074,Plastic wastes,Montenegro,2018,1769.0,
T,W074,Plastic wastes,Montenegro,2020,1743.0,
T,W074,Plastic wastes,Montenegro,2022,2341.0,
T,W074,Plastic wastes,North Macedonia,2008,0.0,
T,W074,Plastic wastes,North Macedonia,2010,0.0,
T,W074,Plastic wastes,North Macedonia,2012,0.0,
T,W074,Plastic wastes,North Macedonia,2014,0.0,
T,W074,Plastic wastes,North Macedonia,2016,0.0,
T,W074,Plastic wastes,North Macedonia,2018,0.0,
T,W074,Plastic wastes,North Macedonia,2020,0.0,
T,W074,Plastic wastes,North Macedonia,2022,0.0,
T,W074,Plastic wastes,Malta,2004,92.0,MLT
T,W074,Plastic wastes,Malta,2006,216.0,MLT
T,W074,Plastic wastes,Malta,2008,584.0,MLT
T,W074,Plastic wastes,Malta,2010,1143.0,MLT
T,W074,Plastic wastes,Malta,2012,594.0,MLT
T,W074,Plastic wastes,Malta,2014,744.0,MLT
T,W074,Plastic wastes,Malta,2016,644.0,MLT
T,W074,Plastic wastes,Malta,2018,640.0,MLT
T,W074,Plastic wastes,Malta,2020,791.0,MLT
T,W074,Plastic wastes,Malta,2022,538.0,MLT
T,W074,Plastic wastes,Netherlands,2004,4751.0,NLD
T,W074,Plastic wastes,Netherlands,2006,6092.0,NLD
T,W074,Plastic wastes,Netherlands,2008,12736.0,NLD
T,W074,Plastic wastes,Netherlands,2010,89551.0,NLD
T,W074,Plastic wastes,Netherlands,2016,50434.0,NLD
T,W074,Plastic wastes,Netherlands,2018,37533.0,NLD
T,W074,Plastic wastes,Netherlands,2020,39877.0,NLD
T,W074,Plastic wastes,Netherlands,2022,35203.0,NLD
T,W074,Plastic wastes,Norway,2004,6730.0,NOR
T,W074,Plastic wastes,Norway,2006,12506.0,NOR
T,W074,Plastic wastes,Norway,2008,18000.0,NOR
T,W074,Plastic wastes,Norway,2010,24843.0,NOR
T,W074,Plastic wastes,Norway,2012,33172.0,NOR
T,W074,Plastic wastes,Norway,2014,36324.0,NOR
T,W074,Plastic wastes,Norway,2016,39812.0,NOR
T,W074,Plastic wastes,Norway,2018,45999.0,NOR
T,W074,Plastic wastes,Norway,2020,57366.0,NOR
T,W074,Plastic wastes,Norway,2022,52118.0,NOR
T,W074,Plastic wastes,Poland,2004,22855.0,POL
T,W074,Plastic wastes,Poland,2006,40330.0,POL
T,W074,Plastic wastes,Poland,2008,60807.0,POL
T,W074,Plastic wastes,Poland,2010,93765.0,POL
T,W074,Plastic wastes,Poland,2012,134149.0,POL
T,W074,Plastic wastes,Poland,2014,273846.0,POL
T,W074,Plastic wastes,Poland,2016,271680.0,POL
T,W074,Plastic wastes,Poland,2018,330518.0,POL
T,W074,Plastic wastes,Poland,2020,474078.0,POL
T,W074,Plastic wastes,Poland,2022,542130.0,POL
T,W074,Plastic wastes,Portugal,2004,0.0,PRT
T,W074,Plastic wastes,Portugal,2006,0.0,PRT
T,W074,Plastic wastes,Portugal,2008,44.0,PRT
T,W074,Plastic wastes,Portugal,2010,3185.0,PRT
T,W074,Plastic wastes,Portugal,2012,2286.0,PRT
T,W074,Plastic wastes,Portugal,2014,47814.0,PRT
T,W074,Plastic wastes,Portugal,2016,98134.0,PRT
T,W074,Plastic wastes,Portugal,2018,91410.0,PRT
T,W074,Plastic wastes,Portugal,2020,140028.0,PRT
T,W074,Plastic wastes,Portugal,2022,13297.0,PRT
T,W074,Plastic wastes,Romania,2004,118969.0,ROU
T,W074,Plastic wastes,Romania,2006,320665.0,ROU
T,W074,Plastic wastes,Romania,2008,204831.0,ROU
T,W074,Plastic wastes,Romania,2010,188885.0,ROU
T,W074,Plastic wastes,Romania,2012,216258.0,ROU
T,W074,Plastic wastes,Romania,2014,35433.0,ROU
T,W074,Plastic wastes,Romania,2016,69504.0,ROU
T,W074,Plastic wastes,Romania,2018,70620.0,ROU
T,W074,Plastic wastes,Romania,2020,101495.0,ROU
T,W074,Plastic wastes,Romania,2022,112320.0,ROU
T,W074,Plastic wastes,Serbia,2010,0.0,
T,W074,Plastic wastes,Serbia,2014,6346.0,
T,W074,Plastic wastes,Serbia,2016,10770.0,
T,W074,Plastic wastes,Serbia,2018,3196.0,
T,W074,Plastic wastes,Serbia,2020,24873.0,
T,W074,Plastic wastes,Serbia,2022,51073.0,
T,W074,Plastic wastes,Sweden,2004,46123.0,SWE
T,W074,Plastic wastes,Sweden,2006,47782.0,SWE
T,W074,Plastic wastes,Sweden,2008,67671.0,SWE
T,W074,Plastic wastes,Sweden,2010,67165.0,SWE
T,W074,Plastic wastes,Sweden,2012,69996.0,SWE
T,W074,Plastic wastes,Sweden,2014,96035.0,SWE
T,W074,Plastic wastes,Sweden,2016,93480.0,SWE
T,W074,Plastic wastes,Sweden,2018,116830.0,SWE
T,W074,Plastic wastes,Sweden,2020,135391.0,SWE
T,W074,Plastic wastes,Sweden,2022,139720.0,SWE
T,W074,Plastic wastes,Slovenia,2004,8818.0,SVN
T,W074,Plastic wastes,Slovenia,2006,9382.0,SVN
T,W074,Plastic wastes,Slovenia,2008,8163.0,SVN
T,W074,Plastic wastes,Slovenia,2010,15032.0,SVN
T,W074,Plastic wastes,Slovenia,2012,6398.0,SVN
T,W074,Plastic wastes,Slovenia,2014,3878.0,SVN
T,W074,Plastic wastes,Slovenia,2016,3095.0,SVN
T,W074,Plastic wastes,Slovenia,2018,2414.0,SVN
T,W074,Plastic wastes,Slovenia,2020,2288.0,SVN
T,W074,Plastic wastes,Slovenia,2022,2564.0,SVN
T,W074,Plastic wastes,Slovakia,2004,0.0,SVK
T,W074,Plastic wastes,Slovakia,2006,11039.0,SVK
T,W074,Plastic wastes,Slovakia,2008,18271.0,SVK
T,W074,Plastic wastes,Slovakia,2010,22789.0,SVK
T,W074,Plastic wastes,Slovakia,2012,28315.0,SVK
T,W074,Plastic wastes,Slovakia,2014,31568.0,SVK
T,W074,Plastic wastes,Slovakia,2016,36123.0,SVK
T,W074,Plastic wastes,Slovakia,2018,49795.0,SVK
T,W074,Plastic wastes,Slovakia,2020,68536.0,SVK
T,W074,Plastic wastes,Slovakia,2022,69915.0,SVK
T,W074,Plastic wastes,Türkiye,2004,0.0,
T,W074,Plastic wastes,Türkiye,2006,0.0,
T,W074,Plastic wastes,Türkiye,2008,318343.0,
T,W074,Plastic wastes,Türkiye,2010,26247.0,
T,W074,Plastic wastes,Türkiye,2012,13828.0,
T,W074,Plastic wastes,Türkiye,2014,70835.0,
T,W074,Plastic wastes,Türkiye,2016,408920.0,
T,W074,Plastic wastes,Türkiye,2018,405290.0,
T,W074,Plastic wastes,Türkiye,2020,388963.0,
T,W074,Plastic wastes,Türkiye,2022,221328.0,
T,W074,Plastic wastes,United Kingdom,2004,116547.0,GBR
T,W074,Plastic wastes,United Kingdom,2006,76413.0,GBR
T,W074,Plastic wastes,United Kingdom,2008,99112.0,GBR
T,W074,Plastic wastes,United Kingdom,2010,336657.0,GBR
T,W074,Plastic wastes,United Kingdom,2012,382247.0,GBR
T,W074,Plastic wastes,United Kingdom,2014,491059.0,GBR
T,W074,Plastic wastes,United Kingdom,2016,507809.0,GBR
T,W074,Plastic wastes,United Kingdom,2018,522250.0,GBR
T,W074,Plastic wastes,Kosovo*,2012,0.0,
T,W074,Plastic wastes,Kosovo*,2014,0.0,
T,W074,Plastic wastes,Kosovo*,2016,0.0,
T,W074,Plastic wastes,Kosovo*,2018,0.0,
T,W074,Plastic wastes,Kosovo*,2020,0.0,
T,W074,Plastic wastes,Kosovo*,2022,0.0,
T,W075,Wood wastes,Austria,2004,121305.0,AUT
T,W075,Wood wastes,Austria,2006,142960.0,AUT
T,W075,Wood wastes,Austria,2008,162901.0,AUT
T,W075,Wood wastes,Austria,2010,197204.0,AUT
T,W075,Wood wastes,Austria,2012,220888.0,AUT
T,W075,Wood wastes,Austria,2014,234184.0,AUT
T,W075,Wood wastes,Austria,2016,253958.0,AUT
T,W075,Wood wastes,Austria,2018,283696.0,AUT
T,W075,Wood wastes,Austria,2020,292962.0,AUT
T,W075,Wood wastes,Austria,2022,250899.0,AUT
T,W075,Wood wastes,Bosnia and Herzegovina,2012,0.0,
T,W075,Wood wastes,Bosnia and Herzegovina,2018,399.0,
T,W075,Wood wastes,Bosnia and Herzegovina,2020,3734.0,
T,W075,Wood wastes,Bosnia and Herzegovina,2022,3266.0,
T,W075,Wood wastes,Belgium,2004,243154.0,BEL
T,W075,Wood wastes,Belgium,2006,211495.0,BEL
T,W075,Wood wastes,Belgium,2008,235856.0,BEL
T,W075,Wood wastes,Belgium,2010,246612.0,BEL
T,W075,Wood wastes,Belgium,2012,248665.0,BEL
T,W075,Wood wastes,Belgium,2014,248857.0,BEL
T,W075,Wood wastes,Belgium,2016,321884.0,BEL
T,W075,Wood wastes,Belgium,2018,327963.0,BEL
T,W075,Wood wastes,Belgium,2020,356303.0,BEL
T,W075,Wood wastes,Belgium,2022,305849.0,BEL
T,W075,Wood wastes,Bulgaria,2004,0.0,BGR
T,W075,Wood wastes,Bulgaria,2006,0.0,BGR
T,W075,Wood wastes,Bulgaria,2008,0.0,BGR
T,W075,Wood wastes,Bulgaria,2010,0.0,BGR
T,W075,Wood wastes,Bulgaria,2012,32134.0,BGR
T,W075,Wood wastes,Bulgaria,2014,6792.0,BGR
T,W075,Wood wastes,Bulgaria,2016,51400.0,BGR
T,W075,Wood wastes,Bulgaria,2018,82767.0,BGR
T,W075,Wood wastes,Bulgaria,2020,9274.0,BGR
T,W075,Wood wastes,Bulgaria,2022,31002.0,BGR
T,W075,Wood wastes,Cyprus,2004,0.0,CYP
T,W075,Wood wastes,Cyprus,2006,0.0,CYP
T,W075,Wood wastes,Cyprus,2008,0.0,CYP
T,W075,Wood wastes,Cyprus,2010,7769.0,CYP
T,W075,Wood wastes,Cyprus,2012,0.0,CYP
T,W075,Wood wastes,Cyprus,2014,0.0,CYP
T,W075,Wood wastes,Cyprus,2016,0.0,CYP
T,W075,Wood wastes,Cyprus,2018,0.0,CYP
T,W075,Wood wastes,Cyprus,2020,32.0,CYP
T,W075,Wood wastes,Cyprus,2022,0.0,CYP
T,W075,Wood wastes,Czechia,2004,8621.0,CZE
T,W075,Wood wastes,Czechia,2006,34277.0,CZE
T,W075,Wood wastes,Czechia,2008,10216.0,CZE
T,W075,Wood wastes,Czechia,2010,27923.0,CZE
T,W075,Wood wastes,Czechia,2012,29913.0,CZE
T,W075,Wood wastes,Czechia,2014,33648.0,CZE
T,W075,Wood wastes,Czechia,2016,55051.0,CZE
T,W075,Wood wastes,Czechia,2018,70438.0,CZE
T,W075,Wood wastes,Czechia,2020,67499.0,CZE
T,W075,Wood wastes,Czechia,2022,70570.0,CZE
T,W075,Wood wastes,Germany,2004,581865.0,DEU
T,W075,Wood wastes,Germany,2006,661304.0,DEU
T,W075,Wood wastes,Germany,2008,720532.0,DEU
T,W075,Wood wastes,Germany,2010,670517.0,DEU
T,W075,Wood wastes,Germany,2012,624903.0,DEU
T,W075,Wood wastes,Germany,2014,735461.0,DEU
T,W075,Wood wastes,Germany,2016,665722.0,DEU
T,W075,Wood wastes,Germany,2018,696884.0,DEU
T,W075,Wood wastes,Germany,2020,720144.0,DEU
T,W075,Wood wastes,Germany,2022,618371.0,DEU
T,W075,Wood wastes,Denmark,2004,209974.0,DNK
T,W075,Wood wastes,Denmark,2006,265070.0,DNK
T,W075,Wood wastes,Denmark,2008,236657.0,DNK
T,W075,Wood wastes,Denmark,2010,86728.0,DNK
T,W075,Wood wastes,Denmark,2012,108574.0,DNK
T,W075,Wood wastes,Denmark,2014,365881.0,DNK
T,W075,Wood wastes,Denmark,2016,200376.0,DNK
T,W075,Wood wastes,Denmark,2018,268184.0,DNK
T,W075,Wood wastes,Denmark,2020,315893.0,DNK
T,W075,Wood wastes,Denmark,2022,238560.0,DNK
T,W075,Wood wastes,Estonia,2004,3764.0,EST
T,W075,Wood wastes,Estonia,2006,3569.0,EST
T,W075,Wood wastes,Estonia,2008,3919.0,EST
T,W075,Wood wastes,Estonia,2010,1955.0,EST
T,W075,Wood wastes,Estonia,2012,5359.0,EST
T,W075,Wood wastes,Estonia,2014,7528.0,EST
T,W075,Wood wastes,Estonia,2016,11859.0,EST
T,W075,Wood wastes,Estonia,2018,19332.0,EST
T,W075,Wood wastes,Estonia,2020,14439.0,EST
T,W075,Wood wastes,Estonia,2022,21023.0,EST
T,W075,Wood wastes,Greece,2004,0.0,GRC
T,W075,Wood wastes,Greece,2006,2713.0,GRC
T,W075,Wood wastes,Greece,2008,0.0,GRC
T,W075,Wood wastes,Greece,2010,0.0,GRC
T,W075,Wood wastes,Greece,2016,0.0,GRC
T,W075,Wood wastes,Greece,2018,846.0,GRC
T,W075,Wood wastes,Greece,2020,515.0,GRC
T,W075,Wood wastes,Greece,2022,53.0,GRC
T,W075,Wood wastes,Spain,2004,117273.0,ESP
T,W075,Wood wastes,Spain,2006,65747.0,ESP
T,W075,Wood wastes,Spain,2008,121059.0,ESP
T,W075,Wood wastes,Spain,2010,192053.0,ESP
T,W075,Wood wastes,Spain,2012,130509.0,ESP
T,W075,Wood wastes,Spain,2014,88583.0,ESP
T,W075,Wood wastes,Spain,2016,95081.0,ESP
T,W075,Wood wastes,Spain,2018,136153.0,ESP
T,W075,Wood wastes,Spain,2020,137533.0,ESP
T,W075,Wood wastes,Spain,2022,165040.0,ESP
T,W075,Wood wastes,European Union - 27 countries (from 2020),2004,2100000.0,EU27_2020
T,W075,Wood wastes,European Union - 27 countries (from 2020),2006,2470000.0,EU27_2020
T,W075,Wood wastes,European Union - 27 countries (from 2020),2008,2730000.0,EU27_2020
T,W075,Wood wastes,European Union - 27 countries (from 2020),2010,3280000.0,EU27_2020
T,W075,Wood wastes,European Union - 27 countries (from 2020),2016,4330000.0,EU27_2020
T,W075,Wood wastes,European Union - 27 countries (from 2020),2018,4870000.0,EU27_2020
T,W075,Wood wastes,European Union - 27 countries (from 2020),2020,5100000.0,EU27_2020
T,W075,Wood wastes,European Union - 27 countries (from 2020),2022,4840000.0,EU27_2020
T,W075,Wood wastes,European Union - 28 countries (2013-2020),2004,2390000.0,
T,W075,Wood wastes,European Union - 28 countries (2013-2020),2006,3010000.0,
T,W075,Wood wastes,European Union - 28 countries (2013-2020),2008,3280000.0,
T,W075,Wood wastes,European Union - 28 countries (2013-2020),2010,4020000.0,
T,W075,Wood wastes,European Union - 28 countries (2013-2020),2012,4200000.0,
T,W075,Wood wastes,European Union - 28 countries (2013-2020),2014,5020000.0,
T,W075,Wood wastes,European Union - 28 countries (2013-2020),2016,5230000.0,
T,W075,Wood wastes,European Union - 28 countries (2013-2020),2018,5750000.0,
T,W075,Wood wastes,Finland,2004,23746.0,FIN
T,W075,Wood wastes,Finland,2006,14454.0,FIN
T,W075,Wood wastes,Finland,2008,62400.0,FIN
T,W075,Wood wastes,Finland,2010,22696.0,FIN
T,W075,Wood wastes,Finland,2012,34866.0,FIN
T,W075,Wood wastes,Finland,2014,28473.0,FIN
T,W075,Wood wastes,Finland,2016,29264.0,FIN
T,W075,Wood wastes,Finland,2018,67771.0,FIN
T,W075,Wood wastes,Finland,2020,71953.0,FIN
T,W075,Wood wastes,Finland,2022,41678.0,FIN
T,W075,Wood wastes,France,2004,0.0,FRA
T,W075,Wood wastes,France,2006,0.0,FRA
T,W075,Wood wastes,France,2008,0.0,FRA
T,W075,Wood wastes,France,2010,624775.0,FRA
T,W075,Wood wastes,France,2012,840381.0,FRA
T,W075,Wood wastes,France,2014,916810.0,FRA
T,W075,Wood wastes,France,2016,979676.0,FRA
T,W075,Wood wastes,France,2018,996757.0,FRA
T,W075,Wood wastes,France,2020,1026710.0,FRA
T,W075,Wood wastes,France,2022,1096826.0,FRA
T,W075,Wood wastes,Croatia,2004,0.0,HRV
T,W075,Wood wastes,Croatia,2006,32833.0,HRV
T,W075,Wood wastes,Croatia,2008,0.0,HRV
T,W075,Wood wastes,Croatia,2010,0.0,HRV
T,W075,Wood wastes,Croatia,2012,685.0,HRV
T,W075,Wood wastes,Croatia,2014,8242.0,HRV
T,W075,Wood wastes,Croatia,2016,1180.0,HRV
T,W075,Wood wastes,Croatia,2018,8838.0,HRV
T,W075,Wood wastes,Croatia,2020,14360.0,HRV
T,W075,Wood wastes,Croatia,2022,20319.0,HRV
T,W075,Wood wastes,Hungary,2004,25530.0,HUN
T,W075,Wood wastes,Hungary,2006,0.0,HUN
T,W075,Wood wastes,Hungary,2008,1464.0,HUN
T,W075,Wood wastes,Hungary,2010,2940.0,HUN
T,W075,Wood wastes,Hungary,2012,2071.0,HUN
T,W075,Wood wastes,Hungary,2014,2131.0,HUN
T,W075,Wood wastes,Hungary,2016,1312.0,HUN
T,W075,Wood wastes,Hungary,2018,1178.0,HUN
T,W075,Wood wastes,Hungary,2020,4000.0,HUN
T,W075,Wood wastes,Hungary,2022,5989.0,HUN
T,W075,Wood wastes,Ireland,2004,16661.0,IRL
T,W075,Wood wastes,Ireland,2006,26882.0,IRL
T,W075,Wood wastes,Ireland,2010,10156.0,IRL
T,W075,Wood wastes,Ireland,2012,9197.0,IRL
T,W075,Wood wastes,Ireland,2014,9438.0,IRL
T,W075,Wood wastes,Ireland,2016,14613.0,IRL
T,W075,Wood wastes,Ireland,2018,17178.0,IRL
T,W075,Wood wastes,Ireland,2020,25738.0,IRL
T,W075,Wood wastes,Ireland,2022,23787.0,IRL
T,W075,Wood wastes,Iceland,2004,3000.0,ISL
T,W075,Wood wastes,Iceland,2010,1905.0,ISL
T,W075,Wood wastes,Iceland,2012,1802.0,ISL
T,W075,Wood wastes,Iceland,2014,1952.0,ISL
T,W075,Wood wastes,Iceland,2016,2767.0,ISL
T,W075,Wood wastes,Iceland,2018,2990.0,ISL
T,W075,Wood wastes,Iceland,2020,5375.0,ISL
T,W075,Wood wastes,Iceland,2022,6375.0,ISL
T,W075,Wood wastes,Italy,2004,477792.0,ITA
T,W075,Wood wastes,Italy,2006,580882.0,ITA
T,W075,Wood wastes,Italy,2008,680993.0,ITA
T,W075,Wood wastes,Italy,2010,691888.0,ITA
T,W075,Wood wastes,Italy,2012,614095.0,ITA
T,W075,Wood wastes,Italy,2014,675974.0,ITA
T,W075,Wood wastes,Italy,2016,739470.0,ITA
T,W075,Wood wastes,Italy,2018,908276.0,ITA
T,W075,Wood wastes,Italy,2020,881507.0,ITA
T,W075,Wood wastes,Italy,2022,1003517.0,ITA
T,W075,Wood wastes,Liechtenstein,2008,0.0,
T,W075,Wood wastes,Liechtenstein,2010,0.0,
T,W075,Wood wastes,Liechtenstein,2012,0.0,
T,W075,Wood wastes,Liechtenstein,2014,0.0,
T,W075,Wood wastes,Liechtenstein,2016,0.0,
T,W075,Wood wastes,Liechtenstein,2018,0.0,
T,W075,Wood wastes,Liechtenstein,2020,0.0,
T,W075,Wood wastes,Liechtenstein,2022,0.0,
T,W075,Wood wastes,Lithuania,2004,196.0,LTU
T,W075,Wood wastes,Lithuania,2006,1935.0,LTU
T,W075,Wood wastes,Lithuania,2008,2793.0,LTU
T,W075,Wood wastes,Lithuania,2010,9610.0,LTU
T,W075,Wood wastes,Lithuania,2012,1425.0,LTU
T,W075,Wood wastes,Lithuania,2014,1884.0,LTU
T,W075,Wood wastes,Lithuania,2016,2489.0,LTU
T,W075,Wood wastes,Lithuania,2018,3447.0,LTU
T,W075,Wood wastes,Lithuania,2020,7107.0,LTU
T,W075,Wood wastes,Lithuania,2022,9228.0,LTU
T,W075,Wood wastes,Luxembourg,2004,808.0,LUX
T,W075,Wood wastes,Luxembourg,2006,804.0,LUX
T,W075,Wood wastes,Luxembourg,2008,4428.0,LUX
T,W075,Wood wastes,Luxembourg,2010,5386.0,LUX
T,W075,Wood wastes,Luxembourg,2012,3351.0,LUX
T,W075,Wood wastes,Luxembourg,2014,2288.0,LUX
T,W075,Wood wastes,Luxembourg,2016,2917.0,LUX
T,W075,Wood wastes,Luxembourg,2018,3693.0,LUX
T,W075,Wood wastes,Luxembourg,2020,4106.0,LUX
T,W075,Wood wastes,Luxembourg,2022,2984.0,LUX
T,W075,Wood wastes,Latvia,2004,0.0,LVA
T,W075,Wood wastes,Latvia,2006,124.0,LVA
T,W075,Wood wastes,Latvia,2008,0.0,LVA
T,W075,Wood wastes,Latvia,2010,0.0,LVA
T,W075,Wood wastes,Latvia,2012,3359.0,LVA
T,W075,Wood wastes,Latvia,2014,21932.0,LVA
T,W075,Wood wastes,Latvia,2016,15257.0,LVA
T,W075,Wood wastes,Latvia,2018,7361.0,LVA
T,W075,Wood wastes,Latvia,2020,0.0,LVA
T,W075,Wood wastes,Latvia,2022,25434.0,LVA
T,W075,Wood wastes,Montenegro,2012,239.0,
T,W075,Wood wastes,Montenegro,2014,232.0,
T,W075,Wood wastes,Montenegro,2016,156.0,
T,W075,Wood wastes,Montenegro,2018,166.0,
T,W075,Wood wastes,Montenegro,2020,141.0,
T,W075,Wood wastes,Montenegro,2022,202.0,
T,W075,Wood wastes,North Macedonia,2008,0.0,
T,W075,Wood wastes,North Macedonia,2010,0.0,
T,W075,Wood wastes,North Macedonia,2012,0.0,
T,W075,Wood wastes,North Macedonia,2014,0.0,
T,W075,Wood wastes,North Macedonia,2016,0.0,
T,W075,Wood wastes,North Macedonia,2018,0.0,
T,W075,Wood wastes,North Macedonia,2020,0.0,
T,W075,Wood wastes,North Macedonia,2022,0.0,
T,W075,Wood wastes,Malta,2004,265.0,MLT
T,W075,Wood wastes,Malta,2006,338.0,MLT
T,W075,Wood wastes,Malta,2008,0.0,MLT
T,W075,Wood wastes,Malta,2010,6696.0,MLT
T,W075,Wood wastes,Malta,2012,9607.0,MLT
T,W075,Wood wastes,Malta,2014,11763.0,MLT
T,W075,Wood wastes,Malta,2016,7938.0,MLT
T,W075,Wood wastes,Malta,2018,7290.0,MLT
T,W075,Wood wastes,Malta,2020,7434.0,MLT
T,W075,Wood wastes,Malta,2022,6511.0,MLT
T,W075,Wood wastes,Netherlands,2004,263770.0,NLD
T,W075,Wood wastes,Netherlands,2006,289505.0,NLD
T,W075,Wood wastes,Netherlands,2008,317137.0,NLD
T,W075,Wood wastes,Netherlands,2010,299174.0,NLD
T,W075,Wood wastes,Netherlands,2016,348600.0,NLD
T,W075,Wood wastes,Netherlands,2018,402080.0,NLD
T,W075,Wood wastes,Netherlands,2020,477442.0,NLD
T,W075,Wood wastes,Netherlands,2022,392325.0,NLD
T,W075,Wood wastes,Norway,2004,95943.0,NOR
T,W075,Wood wastes,Norway,2006,149834.0,NOR
T,W075,Wood wastes,Norway,2008,190247.0,NOR
T,W075,Wood wastes,Norway,2010,205189.0,NOR
T,W075,Wood wastes,Norway,2012,234965.0,NOR
T,W075,Wood wastes,Norway,2014,297020.0,NOR
T,W075,Wood wastes,Norway,2016,322066.0,NOR
T,W075,Wood wastes,Norway,2018,303736.0,NOR
T,W075,Wood wastes,Norway,2020,362004.0,NOR
T,W075,Wood wastes,Norway,2022,251008.0,NOR
T,W075,Wood wastes,Poland,2004,0.0,POL
T,W075,Wood wastes,Poland,2006,0.0,POL
T,W075,Wood wastes,Poland,2008,0.0,POL
T,W075,Wood wastes,Poland,2010,0.0,POL
T,W075,Wood wastes,Poland,2012,0.0,POL
T,W075,Wood wastes,Poland,2014,0.0,POL
T,W075,Wood wastes,Poland,2016,0.0,POL
T,W075,Wood wastes,Poland,2018,12.0,POL
T,W075,Wood wastes,Poland,2020,2849.0,POL
T,W075,Wood wastes,Poland,2022,5954.0,POL
T,W075,Wood wastes,Portugal,2004,0.0,PRT
T,W075,Wood wastes,Portugal,2006,0.0,PRT
T,W075,Wood wastes,Portugal,2008,7813.0,PRT
T,W075,Wood wastes,Portugal,2010,5232.0,PRT
T,W075,Wood wastes,Portugal,2012,2634.0,PRT
T,W075,Wood wastes,Portugal,2014,3810.0,PRT
T,W075,Wood wastes,Portugal,2016,17133.0,PRT
T,W075,Wood wastes,Portugal,2018,26896.0,PRT
T,W075,Wood wastes,Portugal,2020,30408.0,PRT
T,W075,Wood wastes,Portugal,2022,22072.0,PRT
T,W075,Wood wastes,Romania,2004,0.0,ROU
T,W075,Wood wastes,Romania,2006,108417.0,ROU
T,W075,Wood wastes,Romania,2008,130536.0,ROU
T,W075,Wood wastes,Romania,2010,127466.0,ROU
T,W075,Wood wastes,Romania,2012,150748.0,ROU
T,W075,Wood wastes,Romania,2014,2115.0,ROU
T,W075,Wood wastes,Romania,2016,23632.0,ROU
T,W075,Wood wastes,Romania,2018,31544.0,ROU
T,W075,Wood wastes,Romania,2020,10614.0,ROU
T,W075,Wood wastes,Romania,2022,12419.0,ROU
T,W075,Wood wastes,Serbia,2010,0.0,
T,W075,Wood wastes,Serbia,2014,260.0,
T,W075,Wood wastes,Serbia,2016,5.0,
T,W075,Wood wastes,Serbia,2018,0.0,
T,W075,Wood wastes,Serbia,2020,4137.0,
T,W075,Wood wastes,Serbia,2022,18077.0,
T,W075,Wood wastes,Sweden,2004,0.0,SWE
T,W075,Wood wastes,Sweden,2006,14580.0,SWE
T,W075,Wood wastes,Sweden,2008,21380.0,SWE
T,W075,Wood wastes,Sweden,2010,25030.0,SWE
T,W075,Wood wastes,Sweden,2012,37180.0,SWE
T,W075,Wood wastes,Sweden,2014,454300.0,SWE
T,W075,Wood wastes,Sweden,2016,465556.0,SWE
T,W075,Wood wastes,Sweden,2018,461747.0,SWE
T,W075,Wood wastes,Sweden,2020,554682.0,SWE
T,W075,Wood wastes,Sweden,2022,388911.0,SWE
T,W075,Wood wastes,Slovenia,2004,4972.0,SVN
T,W075,Wood wastes,Slovenia,2006,9509.0,SVN
T,W075,Wood wastes,Slovenia,2008,9349.0,SVN
T,W075,Wood wastes,Slovenia,2010,14189.0,SVN
T,W075,Wood wastes,Slovenia,2012,14996.0,SVN
T,W075,Wood wastes,Slovenia,2014,15998.0,SVN
T,W075,Wood wastes,Slovenia,2016,20365.0,SVN
T,W075,Wood wastes,Slovenia,2018,30103.0,SVN
T,W075,Wood wastes,Slovenia,2020,34933.0,SVN
T,W075,Wood wastes,Slovenia,2022,42529.0,SVN
T,W075,Wood wastes,Slovakia,2004,0.0,SVK
T,W075,Wood wastes,Slovakia,2006,893.0,SVK
T,W075,Wood wastes,Slovakia,2008,1512.0,SVK
T,W075,Wood wastes,Slovakia,2010,1559.0,SVK
T,W075,Wood wastes,Slovakia,2012,2460.0,SVK
T,W075,Wood wastes,Slovakia,2014,5272.0,SVK
T,W075,Wood wastes,Slovakia,2016,8724.0,SVK
T,W075,Wood wastes,Slovakia,2018,13385.0,SVK
T,W075,Wood wastes,Slovakia,2020,30841.0,SVK
T,W075,Wood wastes,Slovakia,2022,41760.0,SVK
T,W075,Wood wastes,Türkiye,2004,0.0,
T,W075,Wood wastes,Türkiye,2006,0.0,
T,W075,Wood wastes,Türkiye,2008,12173.0,
T,W075,Wood wastes,Türkiye,2012,8684.0,
T,W075,Wood wastes,Türkiye,2014,7398.0,
T,W075,Wood wastes,Türkiye,2018,0.0,
T,W075,Wood wastes,Türkiye,2020,0.0,
T,W075,Wood wastes,Türkiye,2022,0.0,
T,W075,Wood wastes,United Kingdom,2004,287087.0,GBR
T,W075,Wood wastes,United Kingdom,2006,541862.0,GBR
T,W075,Wood wastes,United Kingdom,2008,552344.0,GBR
T,W075,Wood wastes,United Kingdom,2010,742885.0,GBR
T,W075,Wood wastes,United Kingdom,2012,770401.0,GBR
T,W075,Wood wastes,United Kingdom,2014,836640.0,GBR
T,W075,Wood wastes,United Kingdom,2016,894592.0,GBR
T,W075,Wood wastes,United Kingdom,2018,880608.0,GBR
T,W075,Wood wastes,Kosovo*,2012,0.0,
T,W075,Wood wastes,Kosovo*,2014,0.0,
T,W075,Wood wastes,Kosovo*,2016,0.0,
T,W075,Wood wastes,Kosovo*,2018,0.0,
T,W075,Wood wastes,Kosovo*,2020,0.0,
T,W075,Wood wastes,Kosovo*,2022,0.0,
T,W091_092,Animal and mixed food waste; vegetal wastes (W091+W092),Austria,2004,546300.0,AUT
T,W091_092,Animal and mixed food waste; vegetal wastes (W091+W092),Austria,2006,661300.0,AUT
T,W091_092,Animal and mixed food waste; vegetal wastes (W091+W092),Austria,2008,714900.0,AUT
T,W091_092,Animal and mixed food waste; vegetal wastes (W091+W092),Belgium,2004,1191731.0,BEL
T,W091_092,Animal and mixed food waste; vegetal wastes (W091+W092),Belgium,2006,934760.0,BEL
T,W091_092,Animal and mixed food waste; vegetal wastes (W091+W092),Belgium,2008,960330.0,BEL
T,W091_092,Animal and mixed food waste; vegetal wastes (W091+W092),Bulgaria,2004,0.0,BGR
T,W091_092,Animal and mixed food waste; vegetal wastes (W091+W092),Bulgaria,2006,0.0,BGR
T,W091_092,Animal and mixed food waste; vegetal wastes (W091+W092),Bulgaria,2008,0.0,BGR
T,W091_092,Animal and mixed food waste; vegetal wastes (W091+W092),Cyprus,2004,0.0,CYP
T,W091_092,Animal and mixed food waste; vegetal wastes (W091+W092),Cyprus,2006,0.0,CYP
T,W091_092,Animal and mixed food waste; vegetal wastes (W091+W092),Cyprus,2008,41310.0,CYP
T,W091_092,Animal and mixed food waste; vegetal wastes (W091+W092),Czechia,2004,64363.0,CZE
T,W091_092,Animal and mixed food waste; vegetal wastes (W091+W092),Czechia,2006,108723.0,CZE
T,W091_092,Animal and mixed food waste; vegetal wastes (W091+W092),Czechia,2008,131785.0,CZE
T,W091_092,Animal and mixed food waste; vegetal wastes (W091+W092),Germany,2004,4290273.0,DEU
T,W091_092,Animal and mixed food waste; vegetal wastes (W091+W092),Germany,2006,7676471.0,DEU
T,W091_092,Animal and mixed food waste; vegetal wastes (W091+W092),Germany,2008,8082615.0,DEU
T,W091_092,Animal and mixed food waste; vegetal wastes (W091+W092),Denmark,2004,52558.0,DNK
T,W091_092,Animal and mixed food waste; vegetal wastes (W091+W092),Denmark,2006,38923.0,DNK
T,W091_092,Animal and mixed food waste; vegetal wastes (W091+W092),Denmark,2008,36560.0,DNK
T,W091_092,Animal and mixed food waste; vegetal wastes (W091+W092),Estonia,2004,819.0,EST
T,W091_092,Animal and mixed food waste; vegetal wastes (W091+W092),Estonia,2006,1298.0,EST
T,W091_092,Animal and mixed food waste; vegetal wastes (W091+W092),Estonia,2008,10992.0,EST
T,W091_092,Animal and mixed food waste; vegetal wastes (W091+W092),Greece,2004,0.0,GRC
T,W091_092,Animal and mixed food waste; vegetal wastes (W091+W092),Greece,2006,0.0,GRC
T,W091_092,Animal and mixed food waste; vegetal wastes (W091+W092),Greece,2008,0.0,GRC
T,W091_092,Animal and mixed food waste; vegetal wastes (W091+W092),Spain,2004,922.0,ESP
T,W091_092,Animal and mixed food waste; vegetal wastes (W091+W092),Spain,2006,6950.0,ESP
T,W091_092,Animal and mixed food waste; vegetal wastes (W091+W092),Spain,2008,403332.0,ESP
T,W091_092,Animal and mixed food waste; vegetal wastes (W091+W092),European Union - 27 countries (from 2020),2004,13870000.0,EU27_2020
T,W091_092,Animal and mixed food waste; vegetal wastes (W091+W092),European Union - 27 countries (from 2020),2006,18060000.0,EU27_2020
T,W091_092,Animal and mixed food waste; vegetal wastes (W091+W092),European Union - 27 countries (from 2020),2008,19770000.0,EU27_2020
T,W091_092,Animal and mixed food waste; vegetal wastes (W091+W092),European Union - 28 countries (2013-2020),2004,16150000.0,
T,W091_092,Animal and mixed food waste; vegetal wastes (W091+W092),European Union - 28 countries (2013-2020),2006,21300000.0,
T,W091_092,Animal and mixed food waste; vegetal wastes (W091+W092),European Union - 28 countries (2013-2020),2008,23810000.0,
T,W091_092,Animal and mixed food waste; vegetal wastes (W091+W092),Finland,2004,64874.0,FIN
T,W091_092,Animal and mixed food waste; vegetal wastes (W091+W092),Finland,2006,95102.0,FIN
T,W091_092,Animal and mixed food waste; vegetal wastes (W091+W092),Finland,2008,178600.0,FIN
T,W091_092,Animal and mixed food waste; vegetal wastes (W091+W092),France,2004,2619000.0,FRA
T,W091_092,Animal and mixed food waste; vegetal wastes (W091+W092),France,2006,2973800.0,FRA
T,W091_092,Animal and mixed food waste; vegetal wastes (W091+W092),France,2008,3364000.0,FRA
T,W091_092,Animal and mixed food waste; vegetal wastes (W091+W092),Croatia,2004,0.0,HRV
T,W091_092,Animal and mixed food waste; vegetal wastes (W091+W092),Croatia,2006,0.0,HRV
T,W091_092,Animal and mixed food waste; vegetal wastes (W091+W092),Croatia,2008,0.0,HRV
T,W091_092,Animal and mixed food waste; vegetal wastes (W091+W092),Hungary,2004,102240.0,HUN
T,W091_092,Animal and mixed food waste; vegetal wastes (W091+W092),Hungary,2006,45509.0,HUN
T,W091_092,Animal and mixed food waste; vegetal wastes (W091+W092),Hungary,2008,55357.0,HUN
T,W091_092,Animal and mixed food waste; vegetal wastes (W091+W092),Ireland,2004,470175.0,IRL
T,W091_092,Animal and mixed food waste; vegetal wastes (W091+W092),Ireland,2006,538651.0,IRL
T,W091_092,Animal and mixed food waste; vegetal wastes (W091+W092),Iceland,2004,11000.0,ISL
T,W091_092,Animal and mixed food waste; vegetal wastes (W091+W092),Italy,2004,2218995.0,ITA
T,W091_092,Animal and mixed food waste; vegetal wastes (W091+W092),Italy,2006,2706793.0,ITA
T,W091_092,Animal and mixed food waste; vegetal wastes (W091+W092),Italy,2008,3326060.0,ITA
T,W091_092,Animal and mixed food waste; vegetal wastes (W091+W092),Liechtenstein,2008,0.0,
T,W091_092,Animal and mixed food waste; vegetal wastes (W091+W092),Lithuania,2004,15315.0,LTU
T,W091_092,Animal and mixed food waste; vegetal wastes (W091+W092),Lithuania,2006,737.0,LTU
T,W091_092,Animal and mixed food waste; vegetal wastes (W091+W092),Lithuania,2008,22074.0,LTU
T,W091_092,Animal and mixed food waste; vegetal wastes (W091+W092),Luxembourg,2004,59488.0,LUX
T,W091_092,Animal and mixed food waste; vegetal wastes (W091+W092),Luxembourg,2006,62538.0,LUX
T,W091_092,Animal and mixed food waste; vegetal wastes (W091+W092),Luxembourg,2008,71298.0,LUX
T,W091_092,Animal and mixed food waste; vegetal wastes (W091+W092),Latvia,2004,0.0,LVA
T,W091_092,Animal and mixed food waste; vegetal wastes (W091+W092),Latvia,2006,10466.0,LVA
T,W091_092,Animal and mixed food waste; vegetal wastes (W091+W092),Latvia,2008,0.0,LVA
T,W091_092,Animal and mixed food waste; vegetal wastes (W091+W092),North Macedonia,2008,0.0,
T,W091_092,Animal and mixed food waste; vegetal wastes (W091+W092),Malta,2004,1876.0,MLT
T,W091_092,Animal and mixed food waste; vegetal wastes (W091+W092),Malta,2006,2283.0,MLT
T,W091_092,Animal and mixed food waste; vegetal wastes (W091+W092),Malta,2008,1697.0,MLT
T,W091_092,Animal and mixed food waste; vegetal wastes (W091+W092),Netherlands,2004,1803333.0,NLD
T,W091_092,Animal and mixed food waste; vegetal wastes (W091+W092),Netherlands,2006,1703416.0,NLD
T,W091_092,Animal and mixed food waste; vegetal wastes (W091+W092),Netherlands,2008,1718126.0,NLD
T,W091_092,Animal and mixed food waste; vegetal wastes (W091+W092),Norway,2004,242612.0,NOR
T,W091_092,Animal and mixed food waste; vegetal wastes (W091+W092),Norway,2006,271681.0,NOR
T,W091_092,Animal and mixed food waste; vegetal wastes (W091+W092),Norway,2008,312000.0,NOR
T,W091_092,Animal and mixed food waste; vegetal wastes (W091+W092),Poland,2004,0.0,POL
T,W091_092,Animal and mixed food waste; vegetal wastes (W091+W092),Poland,2006,0.0,POL
T,W091_092,Animal and mixed food waste; vegetal wastes (W091+W092),Poland,2008,0.0,POL
T,W091_092,Animal and mixed food waste; vegetal wastes (W091+W092),Portugal,2004,0.0,PRT
T,W091_092,Animal and mixed food waste; vegetal wastes (W091+W092),Portugal,2006,0.0,PRT
T,W091_092,Animal and mixed food waste; vegetal wastes (W091+W092),Portugal,2008,721.0,PRT
T,W091_092,Animal and mixed food waste; vegetal wastes (W091+W092),Romania,2004,0.0,ROU
T,W091_092,Animal and mixed food waste; vegetal wastes (W091+W092),Romania,2006,0.0,ROU
T,W091_092,Animal and mixed food waste; vegetal wastes (W091+W092),Romania,2008,36720.0,ROU
T,W091_092,Animal and mixed food waste; vegetal wastes (W091+W092),Sweden,2004,353300.0,SWE
T,W091_092,Animal and mixed food waste; vegetal wastes (W091+W092),Sweden,2006,386011.0,SWE
T,W091_092,Animal and mixed food waste; vegetal wastes (W091+W092),Sweden,2008,490144.0,SWE
T,W091_092,Animal and mixed food waste; vegetal wastes (W091+W092),Slovenia,2004,12928.0,SVN
T,W091_092,Animal and mixed food waste; vegetal wastes (W091+W092),Slovenia,2006,25215.0,SVN
T,W091_092,Animal and mixed food waste; vegetal wastes (W091+W092),Slovenia,2008,42190.0,SVN
T,W091_092,Animal and mixed food waste; vegetal wastes (W091+W092),Slovakia,2004,0.0,SVK
T,W091_092,Animal and mixed food waste; vegetal wastes (W091+W092),Slovakia,2006,78546.0,SVK
T,W091_092,Animal and mixed food waste; vegetal wastes (W091+W092),Slovakia,2008,88442.0,SVK
T,W091_092,Animal and mixed food waste; vegetal wastes (W091+W092),Türkiye,2004,0.0,
T,W091_092,Animal and mixed food waste; vegetal wastes (W091+W092),Türkiye,2006,0.0,
T,W091_092,Animal and mixed food waste; vegetal wastes (W091+W092),Türkiye,2008,385887.0,
T,W091_092,Animal and mixed food waste; vegetal wastes (W091+W092),United Kingdom,2004,2279043.0,GBR
T,W091_092,Animal and mixed food waste; vegetal wastes (W091+W092),United Kingdom,2006,3244433.0,GBR
T,W091_092,Animal and mixed food waste; vegetal wastes (W091+W092),United Kingdom,2008,4035243.0,GBR
T,W10,"Mixed ordinary wastes (subtotal, W101+W102+W103)",Austria,2004,1631194.0,AUT
T,W10,"Mixed ordinary wastes (subtotal, W101+W102+W103)",Austria,2006,1688157.0,AUT
T,W10,"Mixed ordinary wastes (subtotal, W101+W102+W103)",Austria,2008,1643285.0,AUT
T,W10,"Mixed ordinary wastes (subtotal, W101+W102+W103)",Belgium,2004,1807896.0,BEL
T,W10,"Mixed ordinary wastes (subtotal, W101+W102+W103)",Belgium,2006,1541481.0,BEL
T,W10,"Mixed ordinary wastes (subtotal, W101+W102+W103)",Belgium,2008,1681410.0,BEL
T,W10,"Mixed ordinary wastes (subtotal, W101+W102+W103)",Bulgaria,2004,2633592.0,BGR
T,W10,"Mixed ordinary wastes (subtotal, W101+W102+W103)",Bulgaria,2006,2928981.0,BGR
T,W10,"Mixed ordinary wastes (subtotal, W101+W102+W103)",Bulgaria,2008,2907121.0,BGR
T,W10,"Mixed ordinary wastes (subtotal, W101+W102+W103)",Cyprus,2004,180738.0,CYP
T,W10,"Mixed ordinary wastes (subtotal, W101+W102+W103)",Cyprus,2006,171276.0,CYP
T,W10,"Mixed ordinary wastes (subtotal, W101+W102+W103)",Cyprus,2008,98259.0,CYP
T,W10,"Mixed ordinary wastes (subtotal, W101+W102+W103)",Czechia,2004,2497793.0,CZE
T,W10,"Mixed ordinary wastes (subtotal, W101+W102+W103)",Czechia,2006,2645958.0,CZE
T,W10,"Mixed ordinary wastes (subtotal, W101+W102+W103)",Czechia,2008,2665624.0,CZE
T,W10,"Mixed ordinary wastes (subtotal, W101+W102+W103)",Germany,2004,24060010.0,DEU
T,W10,"Mixed ordinary wastes (subtotal, W101+W102+W103)",Germany,2006,18878223.0,DEU
T,W10,"Mixed ordinary wastes (subtotal, W101+W102+W103)",Germany,2008,18525137.0,DEU
T,W10,"Mixed ordinary wastes (subtotal, W101+W102+W103)",Denmark,2004,1481559.0,DNK
T,W10,"Mixed ordinary wastes (subtotal, W101+W102+W103)",Denmark,2006,1544669.0,DNK
T,W10,"Mixed ordinary wastes (subtotal, W101+W102+W103)",Denmark,2008,1556991.0,DNK
T,W10,"Mixed ordinary wastes (subtotal, W101+W102+W103)",Estonia,2004,176259.0,EST
T,W10,"Mixed ordinary wastes (subtotal, W101+W102+W103)",Estonia,2006,164789.0,EST
T,W10,"Mixed ordinary wastes (subtotal, W101+W102+W103)",Estonia,2008,176151.0,EST
T,W10,"Mixed ordinary wastes (subtotal, W101+W102+W103)",Greece,2004,4212962.0,GRC
T,W10,"Mixed ordinary wastes (subtotal, W101+W102+W103)",Greece,2006,4088124.0,GRC
T,W10,"Mixed ordinary wastes (subtotal, W101+W102+W103)",Greece,2008,3954486.0,GRC
T,W10,"Mixed ordinary wastes (subtotal, W101+W102+W103)",Spain,2004,20121000.0,ESP
T,W10,"Mixed ordinary wastes (subtotal, W101+W102+W103)",Spain,2006,20401721.0,ESP
T,W10,"Mixed ordinary wastes (subtotal, W101+W102+W103)",Spain,2008,20912109.0,ESP
T,W10,"Mixed ordinary wastes (subtotal, W101+W102+W103)",European Union - 27 countries (from 2020),2004,129970000.0,EU27_2020
T,W10,"Mixed ordinary wastes (subtotal, W101+W102+W103)",European Union - 27 countries (from 2020),2006,129340000.0,EU27_2020
T,W10,"Mixed ordinary wastes (subtotal, W101+W102+W103)",European Union - 27 countries (from 2020),2008,128590000.0,EU27_2020
T,W10,"Mixed ordinary wastes (subtotal, W101+W102+W103)",European Union - 28 countries (2013-2020),2004,154430000.0,
T,W10,"Mixed ordinary wastes (subtotal, W101+W102+W103)",European Union - 28 countries (2013-2020),2006,152430000.0,
T,W10,"Mixed ordinary wastes (subtotal, W101+W102+W103)",European Union - 28 countries (2013-2020),2008,149760000.0,
T,W10,"Mixed ordinary wastes (subtotal, W101+W102+W103)",Finland,2004,779609.0,FIN
T,W10,"Mixed ordinary wastes (subtotal, W101+W102+W103)",Finland,2006,772587.0,FIN
T,W10,"Mixed ordinary wastes (subtotal, W101+W102+W103)",Finland,2008,1063591.0,FIN
T,W10,"Mixed ordinary wastes (subtotal, W101+W102+W103)",France,2004,19818000.0,FRA
T,W10,"Mixed ordinary wastes (subtotal, W101+W102+W103)",France,2006,20441500.0,FRA
T,W10,"Mixed ordinary wastes (subtotal, W101+W102+W103)",France,2008,19468000.0,FRA
T,W10,"Mixed ordinary wastes (subtotal, W101+W102+W103)",Croatia,2004,0.0,HRV
T,W10,"Mixed ordinary wastes (subtotal, W101+W102+W103)",Croatia,2006,19.0,HRV
T,W10,"Mixed ordinary wastes (subtotal, W101+W102+W103)",Croatia,2008,0.0,HRV
T,W10,"Mixed ordinary wastes (subtotal, W101+W102+W103)",Hungary,2004,3764130.0,HUN
T,W10,"Mixed ordinary wastes (subtotal, W101+W102+W103)",Hungary,2006,2847370.0,HUN
T,W10,"Mixed ordinary wastes (subtotal, W101+W102+W103)",Hungary,2008,3020031.0,HUN
T,W10,"Mixed ordinary wastes (subtotal, W101+W102+W103)",Ireland,2004,362993.0,IRL
T,W10,"Mixed ordinary wastes (subtotal, W101+W102+W103)",Ireland,2006,383785.0,IRL
T,W10,"Mixed ordinary wastes (subtotal, W101+W102+W103)",Iceland,2004,110000.0,ISL
T,W10,"Mixed ordinary wastes (subtotal, W101+W102+W103)",Italy,2004,24376698.0,ITA
T,W10,"Mixed ordinary wastes (subtotal, W101+W102+W103)",Italy,2006,24464573.0,ITA
T,W10,"Mixed ordinary wastes (subtotal, W101+W102+W103)",Italy,2008,22838700.0,ITA
T,W10,"Mixed ordinary wastes (subtotal, W101+W102+W103)",Liechtenstein,2008,0.0,
T,W10,"Mixed ordinary wastes (subtotal, W101+W102+W103)",Lithuania,2004,532435.0,LTU
T,W10,"Mixed ordinary wastes (subtotal, W101+W102+W103)",Lithuania,2006,878686.0,LTU
T,W10,"Mixed ordinary wastes (subtotal, W101+W102+W103)",Lithuania,2008,823888.0,LTU
T,W10,"Mixed ordinary wastes (subtotal, W101+W102+W103)",Luxembourg,2004,133805.0,LUX
T,W10,"Mixed ordinary wastes (subtotal, W101+W102+W103)",Luxembourg,2006,104566.0,LUX
T,W10,"Mixed ordinary wastes (subtotal, W101+W102+W103)",Luxembourg,2008,146120.0,LUX
T,W10,"Mixed ordinary wastes (subtotal, W101+W102+W103)",Latvia,2004,543490.0,LVA
T,W10,"Mixed ordinary wastes (subtotal, W101+W102+W103)",Latvia,2006,760355.0,LVA
T,W10,"Mixed ordinary wastes (subtotal, W101+W102+W103)",Latvia,2008,570285.0,LVA
T,W10,"Mixed ordinary wastes (subtotal, W101+W102+W103)",North Macedonia,2008,0.0,
T,W10,"Mixed ordinary wastes (subtotal, W101+W102+W103)",Malta,2004,122905.0,MLT
T,W10,"Mixed ordinary wastes (subtotal, W101+W102+W103)",Malta,2006,120119.0,MLT
T,W10,"Mixed ordinary wastes (subtotal, W101+W102+W103)",Malta,2008,129680.0,MLT
T,W10,"Mixed ordinary wastes (subtotal, W101+W102+W103)",Netherlands,2004,4687584.0,NLD
T,W10,"Mixed ordinary wastes (subtotal, W101+W102+W103)",Netherlands,2006,4749681.0,NLD
T,W10,"Mixed ordinary wastes (subtotal, W101+W102+W103)",Netherlands,2008,4695644.0,NLD
T,W10,"Mixed ordinary wastes (subtotal, W101+W102+W103)",Norway,2004,988175.0,NOR
T,W10,"Mixed ordinary wastes (subtotal, W101+W102+W103)",Norway,2006,1154546.0,NOR
T,W10,"Mixed ordinary wastes (subtotal, W101+W102+W103)",Norway,2008,1038106.0,NOR
T,W10,"Mixed ordinary wastes (subtotal, W101+W102+W103)",Poland,2004,6640830.0,POL
T,W10,"Mixed ordinary wastes (subtotal, W101+W102+W103)",Poland,2006,6683819.0,POL
T,W10,"Mixed ordinary wastes (subtotal, W101+W102+W103)",Poland,2008,6557769.0,POL
T,W10,"Mixed ordinary wastes (subtotal, W101+W102+W103)",Portugal,2004,4368010.0,PRT
T,W10,"Mixed ordinary wastes (subtotal, W101+W102+W103)",Portugal,2006,4641103.0,PRT
T,W10,"Mixed ordinary wastes (subtotal, W101+W102+W103)",Portugal,2008,5077433.0,PRT
T,W10,"Mixed ordinary wastes (subtotal, W101+W102+W103)",Romania,2004,2219666.0,ROU
T,W10,"Mixed ordinary wastes (subtotal, W101+W102+W103)",Romania,2006,4111365.0,ROU
T,W10,"Mixed ordinary wastes (subtotal, W101+W102+W103)",Romania,2008,5531405.0,ROU
T,W10,"Mixed ordinary wastes (subtotal, W101+W102+W103)",Sweden,2004,2258951.0,SWE
T,W10,"Mixed ordinary wastes (subtotal, W101+W102+W103)",Sweden,2006,2330532.0,SWE
T,W10,"Mixed ordinary wastes (subtotal, W101+W102+W103)",Sweden,2008,2435894.0,SWE
T,W10,"Mixed ordinary wastes (subtotal, W101+W102+W103)",Slovenia,2004,558926.0,SVN
T,W10,"Mixed ordinary wastes (subtotal, W101+W102+W103)",Slovenia,2006,563777.0,SVN
T,W10,"Mixed ordinary wastes (subtotal, W101+W102+W103)",Slovenia,2008,577303.0,SVN
T,W10,"Mixed ordinary wastes (subtotal, W101+W102+W103)",Slovakia,2004,0.0,SVK
T,W10,"Mixed ordinary wastes (subtotal, W101+W102+W103)",Slovakia,2006,1437106.0,SVK
T,W10,"Mixed ordinary wastes (subtotal, W101+W102+W103)",Slovakia,2008,1533083.0,SVK
T,W10,"Mixed ordinary wastes (subtotal, W101+W102+W103)",Türkiye,2004,29224710.0,
T,W10,"Mixed ordinary wastes (subtotal, W101+W102+W103)",Türkiye,2006,30081820.0,
T,W10,"Mixed ordinary wastes (subtotal, W101+W102+W103)",Türkiye,2008,25273644.0,
T,W10,"Mixed ordinary wastes (subtotal, W101+W102+W103)",United Kingdom,2004,24461265.0,GBR
T,W10,"Mixed ordinary wastes (subtotal, W101+W102+W103)",United Kingdom,2006,23087586.0,GBR
T,W10,"Mixed ordinary wastes (subtotal, W101+W102+W103)",United Kingdom,2008,21166593.0,GBR
T,W11,Common sludges,Austria,2004,0.0,AUT
T,W11,Common sludges,Austria,2006,0.0,AUT
T,W11,Common sludges,Austria,2008,0.0,AUT
T,W11,Common sludges,Austria,2010,440.0,AUT
T,W11,Common sludges,Austria,2012,0.0,AUT
T,W11,Common sludges,Austria,2014,0.0,AUT
T,W11,Common sludges,Austria,2016,0.0,AUT
T,W11,Common sludges,Austria,2018,0.0,AUT
T,W11,Common sludges,Austria,2020,0.0,AUT
T,W11,Common sludges,Austria,2022,0.0,AUT
T,W11,Common sludges,Bosnia and Herzegovina,2012,0.0,
T,W11,Common sludges,Bosnia and Herzegovina,2018,2105.0,
T,W11,Common sludges,Bosnia and Herzegovina,2020,2237.0,
T,W11,Common sludges,Bosnia and Herzegovina,2022,1813.0,
T,W11,Common sludges,Belgium,2004,0.0,BEL
T,W11,Common sludges,Belgium,2006,1275.0,BEL
T,W11,Common sludges,Belgium,2008,0.0,BEL
T,W11,Common sludges,Belgium,2010,0.0,BEL
T,W11,Common sludges,Belgium,2012,11499.0,BEL
T,W11,Common sludges,Belgium,2014,13678.0,BEL
T,W11,Common sludges,Belgium,2016,0.0,BEL
T,W11,Common sludges,Belgium,2018,0.0,BEL
T,W11,Common sludges,Belgium,2020,0.0,BEL
T,W11,Common sludges,Belgium,2022,311.0,BEL
T,W11,Common sludges,Bulgaria,2004,0.0,BGR
T,W11,Common sludges,Bulgaria,2006,0.0,BGR
T,W11,Common sludges,Bulgaria,2008,0.0,BGR
T,W11,Common sludges,Bulgaria,2010,0.0,BGR
T,W11,Common sludges,Bulgaria,2012,0.0,BGR
T,W11,Common sludges,Bulgaria,2014,3711.0,BGR
T,W11,Common sludges,Bulgaria,2016,0.0,BGR
T,W11,Common sludges,Bulgaria,2018,16321.0,BGR
T,W11,Common sludges,Bulgaria,2020,29540.0,BGR
T,W11,Common sludges,Bulgaria,2022,0.0,BGR
T,W11,Common sludges,Cyprus,2004,0.0,CYP
T,W11,Common sludges,Cyprus,2006,0.0,CYP
T,W11,Common sludges,Cyprus,2008,0.0,CYP
T,W11,Common sludges,Cyprus,2010,0.0,CYP
T,W11,Common sludges,Cyprus,2012,0.0,CYP
T,W11,Common sludges,Cyprus,2014,0.0,CYP
T,W11,Common sludges,Cyprus,2016,0.0,CYP
T,W11,Common sludges,Cyprus,2018,0.0,CYP
T,W11,Common sludges,Cyprus,2020,0.0,CYP
T,W11,Common sludges,Cyprus,2022,0.0,CYP
T,W11,Common sludges,Czechia,2004,18006.0,CZE
T,W11,Common sludges,Czechia,2006,10209.0,CZE
T,W11,Common sludges,Czechia,2008,1394.0,CZE
T,W11,Common sludges,Czechia,2010,1208.0,CZE
T,W11,Common sludges,Czechia,2012,2165.0,CZE
T,W11,Common sludges,Czechia,2014,1319.0,CZE
T,W11,Common sludges,Czechia,2016,2686.0,CZE
T,W11,Common sludges,Czechia,2018,5183.0,CZE
T,W11,Common sludges,Czechia,2020,5483.0,CZE
T,W11,Common sludges,Czechia,2022,,CZE
T,W11,Common sludges,Germany,2004,0.0,DEU
T,W11,Common sludges,Germany,2006,0.0,DEU
T,W11,Common sludges,Germany,2008,0.0,DEU
T,W11,Common sludges,Germany,2010,0.0,DEU
T,W11,Common sludges,Germany,2012,0.0,DEU
T,W11,Common sludges,Germany,2014,0.0,DEU
T,W11,Common sludges,Germany,2016,0.0,DEU
T,W11,Common sludges,Germany,2018,0.0,DEU
T,W11,Common sludges,Germany,2020,0.0,DEU
T,W11,Common sludges,Germany,2022,0.0,DEU
T,W11,Common sludges,Denmark,2004,456.0,DNK
T,W11,Common sludges,Denmark,2006,346.0,DNK
T,W11,Common sludges,Denmark,2008,894.0,DNK
T,W11,Common sludges,Denmark,2010,15451.0,DNK
T,W11,Common sludges,Denmark,2012,213.0,DNK
T,W11,Common sludges,Denmark,2014,247.0,DNK
T,W11,Common sludges,Denmark,2016,204.0,DNK
T,W11,Common sludges,Denmark,2018,136.0,DNK
T,W11,Common sludges,Denmark,2020,149.0,DNK
T,W11,Common sludges,Denmark,2022,675.0,DNK
T,W11,Common sludges,Estonia,2004,1449.0,EST
T,W11,Common sludges,Estonia,2006,1906.0,EST
T,W11,Common sludges,Estonia,2008,1532.0,EST
T,W11,Common sludges,Estonia,2010,767.0,EST
T,W11,Common sludges,Estonia,2012,71.0,EST
T,W11,Common sludges,Estonia,2014,381.0,EST
T,W11,Common sludges,Estonia,2016,215.0,EST
T,W11,Common sludges,Estonia,2018,646.0,EST
T,W11,Common sludges,Estonia,2020,161.0,EST
T,W11,Common sludges,Estonia,2022,211.0,EST
T,W11,Common sludges,Greece,2004,0.0,GRC
T,W11,Common sludges,Greece,2006,0.0,GRC
T,W11,Common sludges,Greece,2008,0.0,GRC
T,W11,Common sludges,Greece,2010,0.0,GRC
T,W11,Common sludges,Greece,2016,0.0,GRC
T,W11,Common sludges,Greece,2018,11.0,GRC
T,W11,Common sludges,Greece,2020,53.0,GRC
T,W11,Common sludges,Greece,2022,130.0,GRC
T,W11,Common sludges,Spain,2004,46556.0,ESP
T,W11,Common sludges,Spain,2006,62891.0,ESP
T,W11,Common sludges,Spain,2008,30511.0,ESP
T,W11,Common sludges,Spain,2010,0.0,ESP
T,W11,Common sludges,Spain,2012,0.0,ESP
T,W11,Common sludges,Spain,2014,0.0,ESP
T,W11,Common sludges,Spain,2016,0.0,ESP
T,W11,Common sludges,Spain,2018,0.0,ESP
T,W11,Common sludges,Spain,2020,0.0,ESP
T,W11,Common sludges,Spain,2022,0.0,ESP
T,W11,Common sludges,European Union - 27 countries (from 2020),2004,160000.0,EU27_2020
T,W11,Common sludges,European Union - 27 countries (from 2020),2006,170000.0,EU27_2020
T,W11,Common sludges,European Union - 27 countries (from 2020),2008,130000.0,EU27_2020
T,W11,Common sludges,European Union - 27 countries (from 2020),2010,250000.0,EU27_2020
T,W11,Common sludges,European Union - 27 countries (from 2020),2012,120000.0,EU27_2020
T,W11,Common sludges,European Union - 27 countries (from 2020),2014,120000.0,EU27_2020
T,W11,Common sludges,European Union - 27 countries (from 2020),2016,110000.0,EU27_2020
T,W11,Common sludges,European Union - 27 countries (from 2020),2018,130000.0,EU27_2020
T,W11,Common sludges,European Union - 27 countries (from 2020),2020,230000.0,EU27_2020
T,W11,Common sludges,European Union - 27 countries (from 2020),2022,90000.0,EU27_2020
T,W11,Common sludges,European Union - 28 countries (2013-2020),2004,160000.0,
T,W11,Common sludges,European Union - 28 countries (2013-2020),2006,170000.0,
T,W11,Common sludges,European Union - 28 countries (2013-2020),2008,130000.0,
T,W11,Common sludges,European Union - 28 countries (2013-2020),2010,250000.0,
T,W11,Common sludges,European Union - 28 countries (2013-2020),2012,120000.0,
T,W11,Common sludges,European Union - 28 countries (2013-2020),2014,120000.0,
T,W11,Common sludges,European Union - 28 countries (2013-2020),2016,110000.0,
T,W11,Common sludges,European Union - 28 countries (2013-2020),2018,130000.0,
T,W11,Common sludges,Finland,2004,0.0,FIN
T,W11,Common sludges,Finland,2006,0.0,FIN
T,W11,Common sludges,Finland,2008,0.0,FIN
T,W11,Common sludges,Finland,2010,130309.0,FIN
T,W11,Common sludges,Finland,2012,0.0,FIN
T,W11,Common sludges,Finland,2014,0.0,FIN
T,W11,Common sludges,Finland,2016,0.0,FIN
T,W11,Common sludges,Finland,2018,2633.0,FIN
T,W11,Common sludges,Finland,2020,0.0,FIN
T,W11,Common sludges,Finland,2022,0.0,FIN
T,W11,Common sludges,France,2004,0.0,FRA
T,W11,Common sludges,France,2006,0.0,FRA
T,W11,Common sludges,France,2008,0.0,FRA
T,W11,Common sludges,France,2010,0.0,FRA
T,W11,Common sludges,France,2012,0.0,FRA
T,W11,Common sludges,France,2014,0.0,FRA
T,W11,Common sludges,France,2016,0.0,FRA
T,W11,Common sludges,France,2018,0.0,FRA
T,W11,Common sludges,France,2020,0.0,FRA
T,W11,Common sludges,France,2022,0.0,FRA
T,W11,Common sludges,Croatia,2004,0.0,HRV
T,W11,Common sludges,Croatia,2006,0.0,HRV
T,W11,Common sludges,Croatia,2008,0.0,HRV
T,W11,Common sludges,Croatia,2010,0.0,HRV
T,W11,Common sludges,Croatia,2012,0.0,HRV
T,W11,Common sludges,Croatia,2014,0.0,HRV
T,W11,Common sludges,Croatia,2016,0.0,HRV
T,W11,Common sludges,Croatia,2018,0.0,HRV
T,W11,Common sludges,Croatia,2020,0.0,HRV
T,W11,Common sludges,Croatia,2022,0.0,HRV
T,W11,Common sludges,Hungary,2004,0.0,HUN
T,W11,Common sludges,Hungary,2006,0.0,HUN
T,W11,Common sludges,Hungary,2008,0.0,HUN
T,W11,Common sludges,Hungary,2010,0.0,HUN
T,W11,Common sludges,Hungary,2012,0.0,HUN
T,W11,Common sludges,Hungary,2014,0.0,HUN
T,W11,Common sludges,Hungary,2016,0.0,HUN
T,W11,Common sludges,Hungary,2018,0.0,HUN
T,W11,Common sludges,Hungary,2020,100203.0,HUN
T,W11,Common sludges,Hungary,2022,735.0,HUN
T,W11,Common sludges,Ireland,2004,0.0,IRL
T,W11,Common sludges,Ireland,2006,0.0,IRL
T,W11,Common sludges,Ireland,2010,0.0,IRL
T,W11,Common sludges,Ireland,2012,0.0,IRL
T,W11,Common sludges,Ireland,2014,0.0,IRL
T,W11,Common sludges,Ireland,2016,0.0,IRL
T,W11,Common sludges,Ireland,2018,0.0,IRL
T,W11,Common sludges,Ireland,2020,0.0,IRL
T,W11,Common sludges,Ireland,2022,0.0,IRL
T,W11,Common sludges,Iceland,2004,0.0,ISL
T,W11,Common sludges,Iceland,2010,0.0,ISL
T,W11,Common sludges,Iceland,2012,0.0,ISL
T,W11,Common sludges,Iceland,2014,37.0,ISL
T,W11,Common sludges,Iceland,2016,44.0,ISL
T,W11,Common sludges,Iceland,2018,40.0,ISL
T,W11,Common sludges,Iceland,2020,45.0,ISL
T,W11,Common sludges,Iceland,2022,258.0,ISL
T,W11,Common sludges,Italy,2004,0.0,ITA
T,W11,Common sludges,Italy,2006,0.0,ITA
T,W11,Common sludges,Italy,2008,0.0,ITA
T,W11,Common sludges,Italy,2010,0.0,ITA
T,W11,Common sludges,Italy,2012,0.0,ITA
T,W11,Common sludges,Italy,2014,0.0,ITA
T,W11,Common sludges,Italy,2016,0.0,ITA
T,W11,Common sludges,Italy,2018,0.0,ITA
T,W11,Common sludges,Italy,2020,0.0,ITA
T,W11,Common sludges,Italy,2022,39.0,ITA
T,W11,Common sludges,Liechtenstein,2008,0.0,
T,W11,Common sludges,Liechtenstein,2010,0.0,
T,W11,Common sludges,Liechtenstein,2012,8289.0,
T,W11,Common sludges,Liechtenstein,2014,0.0,
T,W11,Common sludges,Liechtenstein,2016,0.0,
T,W11,Common sludges,Liechtenstein,2018,0.0,
T,W11,Common sludges,Liechtenstein,2020,0.0,
T,W11,Common sludges,Liechtenstein,2022,0.0,
T,W11,Common sludges,Lithuania,2004,2197.0,LTU
T,W11,Common sludges,Lithuania,2006,273.0,LTU
T,W11,Common sludges,Lithuania,2008,865.0,LTU
T,W11,Common sludges,Lithuania,2010,0.0,LTU
T,W11,Common sludges,Lithuania,2012,0.0,LTU
T,W11,Common sludges,Lithuania,2014,0.0,LTU
T,W11,Common sludges,Lithuania,2016,0.0,LTU
T,W11,Common sludges,Lithuania,2018,0.0,LTU
T,W11,Common sludges,Lithuania,2020,4.0,LTU
T,W11,Common sludges,Lithuania,2022,10.0,LTU
T,W11,Common sludges,Luxembourg,2004,967.0,LUX
T,W11,Common sludges,Luxembourg,2006,834.0,LUX
T,W11,Common sludges,Luxembourg,2008,815.0,LUX
T,W11,Common sludges,Luxembourg,2010,733.0,LUX
T,W11,Common sludges,Luxembourg,2012,346.0,LUX
T,W11,Common sludges,Luxembourg,2014,677.0,LUX
T,W11,Common sludges,Luxembourg,2016,699.0,LUX
T,W11,Common sludges,Luxembourg,2018,589.0,LUX
T,W11,Common sludges,Luxembourg,2020,581.0,LUX
T,W11,Common sludges,Luxembourg,2022,1.0,LUX
T,W11,Common sludges,Latvia,2004,0.0,LVA
T,W11,Common sludges,Latvia,2006,407.0,LVA
T,W11,Common sludges,Latvia,2008,0.0,LVA
T,W11,Common sludges,Latvia,2010,3533.0,LVA
T,W11,Common sludges,Latvia,2012,13992.0,LVA
T,W11,Common sludges,Latvia,2014,0.0,LVA
T,W11,Common sludges,Latvia,2016,0.0,LVA
T,W11,Common sludges,Latvia,2018,286.0,LVA
T,W11,Common sludges,Latvia,2020,0.0,LVA
T,W11,Common sludges,Latvia,2022,0.0,LVA
T,W11,Common sludges,Montenegro,2012,0.0,
T,W11,Common sludges,Montenegro,2014,0.0,
T,W11,Common sludges,Montenegro,2016,0.0,
T,W11,Common sludges,Montenegro,2018,0.0,
T,W11,Common sludges,Montenegro,2020,0.0,
T,W11,Common sludges,Montenegro,2022,0.0,
T,W11,Common sludges,North Macedonia,2008,0.0,
T,W11,Common sludges,North Macedonia,2010,0.0,
T,W11,Common sludges,North Macedonia,2012,0.0,
T,W11,Common sludges,North Macedonia,2014,0.0,
T,W11,Common sludges,North Macedonia,2016,0.0,
T,W11,Common sludges,North Macedonia,2018,0.0,
T,W11,Common sludges,North Macedonia,2020,0.0,
T,W11,Common sludges,North Macedonia,2022,0.0,
T,W11,Common sludges,Malta,2004,108.0,MLT
T,W11,Common sludges,Malta,2006,0.0,MLT
T,W11,Common sludges,Malta,2008,0.0,MLT
T,W11,Common sludges,Malta,2010,0.0,MLT
T,W11,Common sludges,Malta,2012,0.0,MLT
T,W11,Common sludges,Malta,2014,0.0,MLT
T,W11,Common sludges,Malta,2016,0.0,MLT
T,W11,Common sludges,Malta,2018,0.0,MLT
T,W11,Common sludges,Malta,2020,0.0,MLT
T,W11,Common sludges,Malta,2022,0.0,MLT
T,W11,Common sludges,Netherlands,2004,7.0,NLD
T,W11,Common sludges,Netherlands,2006,0.0,NLD
T,W11,Common sludges,Netherlands,2008,0.0,NLD
T,W11,Common sludges,Netherlands,2010,0.0,NLD
T,W11,Common sludges,Netherlands,2016,0.0,NLD
T,W11,Common sludges,Netherlands,2018,0.0,NLD
T,W11,Common sludges,Netherlands,2020,0.0,NLD
T,W11,Common sludges,Netherlands,2022,0.0,NLD
T,W11,Common sludges,Norway,2004,0.0,NOR
T,W11,Common sludges,Norway,2006,0.0,NOR
T,W11,Common sludges,Norway,2008,0.0,NOR
T,W11,Common sludges,Norway,2010,0.0,NOR
T,W11,Common sludges,Norway,2012,0.0,NOR
T,W11,Common sludges,Norway,2014,0.0,NOR
T,W11,Common sludges,Norway,2016,0.0,NOR
T,W11,Common sludges,Norway,2018,0.0,NOR
T,W11,Common sludges,Norway,2020,0.0,NOR
T,W11,Common sludges,Norway,2022,0.0,NOR
T,W11,Common sludges,Poland,2004,0.0,POL
T,W11,Common sludges,Poland,2006,0.0,POL
T,W11,Common sludges,Poland,2008,0.0,POL
T,W11,Common sludges,Poland,2010,0.0,POL
T,W11,Common sludges,Poland,2012,0.0,POL
T,W11,Common sludges,Poland,2014,0.0,POL
T,W11,Common sludges,Poland,2016,0.0,POL
T,W11,Common sludges,Poland,2018,0.0,POL
T,W11,Common sludges,Poland,2020,0.0,POL
T,W11,Common sludges,Poland,2022,104.0,POL
T,W11,Common sludges,Portugal,2004,0.0,PRT
T,W11,Common sludges,Portugal,2006,0.0,PRT
T,W11,Common sludges,Portugal,2008,0.0,PRT
T,W11,Common sludges,Portugal,2010,0.0,PRT
T,W11,Common sludges,Portugal,2012,0.0,PRT
T,W11,Common sludges,Portugal,2014,0.0,PRT
T,W11,Common sludges,Portugal,2016,0.0,PRT
T,W11,Common sludges,Portugal,2018,0.0,PRT
T,W11,Common sludges,Portugal,2020,0.0,PRT
T,W11,Common sludges,Portugal,2022,0.0,PRT
T,W11,Common sludges,Romania,2004,0.0,ROU
T,W11,Common sludges,Romania,2006,0.0,ROU
T,W11,Common sludges,Romania,2008,0.0,ROU
T,W11,Common sludges,Romania,2010,0.0,ROU
T,W11,Common sludges,Romania,2012,0.0,ROU
T,W11,Common sludges,Romania,2014,0.0,ROU
T,W11,Common sludges,Romania,2016,0.0,ROU
T,W11,Common sludges,Romania,2018,3.0,ROU
T,W11,Common sludges,Romania,2020,0.0,ROU
T,W11,Common sludges,Romania,2022,0.0,ROU
T,W11,Common sludges,Serbia,2010,0.0,
T,W11,Common sludges,Serbia,2014,0.0,
T,W11,Common sludges,Serbia,2016,0.0,
T,W11,Common sludges,Serbia,2018,0.0,
T,W11,Common sludges,Serbia,2020,0.0,
T,W11,Common sludges,Serbia,2022,0.0,
T,W11,Common sludges,Sweden,2004,83546.0,SWE
T,W11,Common sludges,Sweden,2006,87897.0,SWE
T,W11,Common sludges,Sweden,2008,85026.0,SWE
T,W11,Common sludges,Sweden,2010,85026.0,SWE
T,W11,Common sludges,Sweden,2012,83097.0,SWE
T,W11,Common sludges,Sweden,2014,82662.0,SWE
T,W11,Common sludges,Sweden,2016,87958.0,SWE
T,W11,Common sludges,Sweden,2018,87853.0,SWE
T,W11,Common sludges,Sweden,2020,88926.0,SWE
T,W11,Common sludges,Sweden,2022,88008.0,SWE
T,W11,Common sludges,Slovenia,2004,11559.0,SVN
T,W11,Common sludges,Slovenia,2006,3891.0,SVN
T,W11,Common sludges,Slovenia,2008,1967.0,SVN
T,W11,Common sludges,Slovenia,2010,5658.0,SVN
T,W11,Common sludges,Slovenia,2012,2437.0,SVN
T,W11,Common sludges,Slovenia,2014,5.0,SVN
T,W11,Common sludges,Slovenia,2016,12110.0,SVN
T,W11,Common sludges,Slovenia,2018,14721.0,SVN
T,W11,Common sludges,Slovenia,2020,0.0,SVN
T,W11,Common sludges,Slovenia,2022,0.0,SVN
T,W11,Common sludges,Slovakia,2004,0.0,SVK
T,W11,Common sludges,Slovakia,2006,499.0,SVK
T,W11,Common sludges,Slovakia,2008,3926.0,SVK
T,W11,Common sludges,Slovakia,2010,3714.0,SVK
T,W11,Common sludges,Slovakia,2012,2373.0,SVK
T,W11,Common sludges,Slovakia,2014,14904.0,SVK
T,W11,Common sludges,Slovakia,2016,3371.0,SVK
T,W11,Common sludges,Slovakia,2018,1208.0,SVK
T,W11,Common sludges,Slovakia,2020,0.0,SVK
T,W11,Common sludges,Slovakia,2022,0.0,SVK
T,W11,Common sludges,Türkiye,2004,0.0,
T,W11,Common sludges,Türkiye,2006,0.0,
T,W11,Common sludges,Türkiye,2008,5696.0,
T,W11,Common sludges,Türkiye,2010,36384.0,
T,W11,Common sludges,Türkiye,2012,98068.0,
T,W11,Common sludges,Türkiye,2014,25358.0,
T,W11,Common sludges,Türkiye,2018,0.0,
T,W11,Common sludges,Türkiye,2020,0.0,
T,W11,Common sludges,Türkiye,2022,0.0,
T,W11,Common sludges,United Kingdom,2004,0.0,GBR
T,W11,Common sludges,United Kingdom,2006,0.0,GBR
T,W11,Common sludges,United Kingdom,2008,0.0,GBR
T,W11,Common sludges,United Kingdom,2010,0.0,GBR
T,W11,Common sludges,United Kingdom,2012,0.0,GBR
T,W11,Common sludges,United Kingdom,2014,0.0,GBR
T,W11,Common sludges,United Kingdom,2016,0.0,GBR
T,W11,Common sludges,United Kingdom,2018,0.0,GBR
T,W11,Common sludges,Kosovo*,2012,0.0,
T,W11,Common sludges,Kosovo*,2014,0.0,
T,W11,Common sludges,Kosovo*,2016,0.0,
T,W11,Common sludges,Kosovo*,2018,0.0,
T,W11,Common sludges,Kosovo*,2020,0.0,
T,W11,Common sludges,Kosovo*,2022,0.0,
T,W12-13,Mineral and solidified wastes (subtotal),Austria,2004,3.0,AUT
T,W12-13,Mineral and solidified wastes (subtotal),Austria,2006,10.0,AUT
T,W12-13,Mineral and solidified wastes (subtotal),Austria,2008,1718.0,AUT
T,W12-13,Mineral and solidified wastes (subtotal),Belgium,2004,870084.0,BEL
T,W12-13,Mineral and solidified wastes (subtotal),Belgium,2006,557372.0,BEL
T,W12-13,Mineral and solidified wastes (subtotal),Belgium,2008,101746.0,BEL
T,W12-13,Mineral and solidified wastes (subtotal),Bulgaria,2004,0.0,BGR
T,W12-13,Mineral and solidified wastes (subtotal),Bulgaria,2006,0.0,BGR
T,W12-13,Mineral and solidified wastes (subtotal),Bulgaria,2008,0.0,BGR
T,W12-13,Mineral and solidified wastes (subtotal),Cyprus,2004,0.0,CYP
T,W12-13,Mineral and solidified wastes (subtotal),Cyprus,2006,0.0,CYP
T,W12-13,Mineral and solidified wastes (subtotal),Cyprus,2008,37179.0,CYP
T,W12-13,Mineral and solidified wastes (subtotal),Czechia,2004,7267.0,CZE
T,W12-13,Mineral and solidified wastes (subtotal),Czechia,2006,302919.0,CZE
T,W12-13,Mineral and solidified wastes (subtotal),Czechia,2008,25174.0,CZE
T,W12-13,Mineral and solidified wastes (subtotal),Germany,2004,0.0,DEU
T,W12-13,Mineral and solidified wastes (subtotal),Germany,2006,0.0,DEU
T,W12-13,Mineral and solidified wastes (subtotal),Germany,2008,0.0,DEU
T,W12-13,Mineral and solidified wastes (subtotal),Denmark,2004,78244.0,DNK
T,W12-13,Mineral and solidified wastes (subtotal),Denmark,2006,63409.0,DNK
T,W12-13,Mineral and solidified wastes (subtotal),Denmark,2008,132906.0,DNK
T,W12-13,Mineral and solidified wastes (subtotal),Estonia,2004,30550.0,EST
T,W12-13,Mineral and solidified wastes (subtotal),Estonia,2006,28327.0,EST
T,W12-13,Mineral and solidified wastes (subtotal),Estonia,2008,25608.0,EST
T,W12-13,Mineral and solidified wastes (subtotal),Greece,2004,0.0,GRC
T,W12-13,Mineral and solidified wastes (subtotal),Greece,2006,1111.0,GRC
T,W12-13,Mineral and solidified wastes (subtotal),Greece,2008,0.0,GRC
T,W12-13,Mineral and solidified wastes (subtotal),Spain,2004,2520971.0,ESP
T,W12-13,Mineral and solidified wastes (subtotal),Spain,2006,1854334.0,ESP
T,W12-13,Mineral and solidified wastes (subtotal),Spain,2008,974931.0,ESP
T,W12-13,Mineral and solidified wastes (subtotal),European Union - 27 countries (from 2020),2004,4420000.0,EU27_2020
T,W12-13,Mineral and solidified wastes (subtotal),European Union - 27 countries (from 2020),2006,4200000.0,EU27_2020
T,W12-13,Mineral and solidified wastes (subtotal),European Union - 27 countries (from 2020),2008,4730000.0,EU27_2020
T,W12-13,Mineral and solidified wastes (subtotal),European Union - 28 countries (2013-2020),2004,4490000.0,
T,W12-13,Mineral and solidified wastes (subtotal),European Union - 28 countries (2013-2020),2006,4840000.0,
T,W12-13,Mineral and solidified wastes (subtotal),European Union - 28 countries (2013-2020),2008,5650000.0,
T,W12-13,Mineral and solidified wastes (subtotal),Finland,2004,0.0,FIN
T,W12-13,Mineral and solidified wastes (subtotal),Finland,2006,290.0,FIN
T,W12-13,Mineral and solidified wastes (subtotal),Finland,2008,0.0,FIN
T,W12-13,Mineral and solidified wastes (subtotal),France,2004,0.0,FRA
T,W12-13,Mineral and solidified wastes (subtotal),France,2006,0.0,FRA
T,W12-13,Mineral and solidified wastes (subtotal),France,2008,2597900.0,FRA
T,W12-13,Mineral and solidified wastes (subtotal),Croatia,2004,0.0,HRV
T,W12-13,Mineral and solidified wastes (subtotal),Croatia,2006,57427.0,HRV
T,W12-13,Mineral and solidified wastes (subtotal),Croatia,2008,0.0,HRV
T,W12-13,Mineral and solidified wastes (subtotal),Hungary,2004,48030.0,HUN
T,W12-13,Mineral and solidified wastes (subtotal),Hungary,2006,0.0,HUN
T,W12-13,Mineral and solidified wastes (subtotal),Hungary,2008,0.0,HUN
T,W12-13,Mineral and solidified wastes (subtotal),Ireland,2004,0.0,IRL
T,W12-13,Mineral and solidified wastes (subtotal),Ireland,2006,0.0,IRL
T,W12-13,Mineral and solidified wastes (subtotal),Iceland,2004,0.0,ISL
T,W12-13,Mineral and solidified wastes (subtotal),Italy,2004,0.0,ITA
T,W12-13,Mineral and solidified wastes (subtotal),Italy,2006,0.0,ITA
T,W12-13,Mineral and solidified wastes (subtotal),Italy,2008,517.0,ITA
T,W12-13,Mineral and solidified wastes (subtotal),Liechtenstein,2008,0.0,
T,W12-13,Mineral and solidified wastes (subtotal),Lithuania,2004,4941.0,LTU
T,W12-13,Mineral and solidified wastes (subtotal),Lithuania,2006,13690.0,LTU
T,W12-13,Mineral and solidified wastes (subtotal),Lithuania,2008,26721.0,LTU
T,W12-13,Mineral and solidified wastes (subtotal),Luxembourg,2004,6022.0,LUX
T,W12-13,Mineral and solidified wastes (subtotal),Luxembourg,2006,6363.0,LUX
T,W12-13,Mineral and solidified wastes (subtotal),Luxembourg,2008,5667.0,LUX
T,W12-13,Mineral and solidified wastes (subtotal),Latvia,2004,0.0,LVA
T,W12-13,Mineral and solidified wastes (subtotal),Latvia,2006,27015.0,LVA
T,W12-13,Mineral and solidified wastes (subtotal),Latvia,2008,3257.0,LVA
T,W12-13,Mineral and solidified wastes (subtotal),North Macedonia,2008,0.0,
T,W12-13,Mineral and solidified wastes (subtotal),Malta,2004,0.0,MLT
T,W12-13,Mineral and solidified wastes (subtotal),Malta,2006,998.0,MLT
T,W12-13,Mineral and solidified wastes (subtotal),Malta,2008,820.0,MLT
T,W12-13,Mineral and solidified wastes (subtotal),Netherlands,2004,611983.0,NLD
T,W12-13,Mineral and solidified wastes (subtotal),Netherlands,2006,596518.0,NLD
T,W12-13,Mineral and solidified wastes (subtotal),Netherlands,2008,570633.0,NLD
T,W12-13,Mineral and solidified wastes (subtotal),Norway,2004,0.0,NOR
T,W12-13,Mineral and solidified wastes (subtotal),Norway,2006,344.0,NOR
T,W12-13,Mineral and solidified wastes (subtotal),Norway,2008,1164.0,NOR
T,W12-13,Mineral and solidified wastes (subtotal),Poland,2004,0.0,POL
T,W12-13,Mineral and solidified wastes (subtotal),Poland,2006,0.0,POL
T,W12-13,Mineral and solidified wastes (subtotal),Poland,2008,0.0,POL
T,W12-13,Mineral and solidified wastes (subtotal),Portugal,2004,0.0,PRT
T,W12-13,Mineral and solidified wastes (subtotal),Portugal,2006,0.0,PRT
T,W12-13,Mineral and solidified wastes (subtotal),Portugal,2008,0.0,PRT
T,W12-13,Mineral and solidified wastes (subtotal),Romania,2004,220839.0,ROU
T,W12-13,Mineral and solidified wastes (subtotal),Romania,2006,250289.0,ROU
T,W12-13,Mineral and solidified wastes (subtotal),Romania,2008,196013.0,ROU
T,W12-13,Mineral and solidified wastes (subtotal),Sweden,2004,0.0,SWE
T,W12-13,Mineral and solidified wastes (subtotal),Sweden,2006,1760.0,SWE
T,W12-13,Mineral and solidified wastes (subtotal),Sweden,2008,0.0,SWE
T,W12-13,Mineral and solidified wastes (subtotal),Slovenia,2004,22023.0,SVN
T,W12-13,Mineral and solidified wastes (subtotal),Slovenia,2006,411734.0,SVN
T,W12-13,Mineral and solidified wastes (subtotal),Slovenia,2008,13841.0,SVN
T,W12-13,Mineral and solidified wastes (subtotal),Slovakia,2004,0.0,SVK
T,W12-13,Mineral and solidified wastes (subtotal),Slovakia,2006,22670.0,SVK
T,W12-13,Mineral and solidified wastes (subtotal),Slovakia,2008,15704.0,SVK
T,W12-13,Mineral and solidified wastes (subtotal),Türkiye,2004,0.0,
T,W12-13,Mineral and solidified wastes (subtotal),Türkiye,2006,0.0,
T,W12-13,Mineral and solidified wastes (subtotal),Türkiye,2008,638179.0,
T,W12-13,Mineral and solidified wastes (subtotal),United Kingdom,2004,70953.0,GBR
T,W12-13,Mineral and solidified wastes (subtotal),United Kingdom,2006,644534.0,GBR
T,W12-13,Mineral and solidified wastes (subtotal),United Kingdom,2008,921015.0,GBR
T,W073_076,Textile + rubber,Austria,2004,23000.0,AUT
T,W073_076,Textile + rubber,Austria,2006,22200.0,AUT
T,W073_076,Textile + rubber,Austria,2008,27248.0,AUT
T,W073_076,Textile + rubber,Austria,2010,29452.0,AUT
T,W073_076,Textile + rubber,Austria,2012,27426.0,AUT
T,W073_076,Textile + rubber,Austria,2014,31328.0,AUT
T,W073_076,Textile + rubber,Austria,2016,38126.0,AUT
T,W073_076,Textile + rubber,Austria,2018,38676.0,AUT
T,W073_076,Textile + rubber,Austria,2020,38330.0,AUT
T,W073_076,Textile + rubber,Austria,2022,36589.0,AUT
T,W073_076,Textile + rubber,Bosnia and Herzegovina,2012,0.0,
T,W073_076,Textile + rubber,Bosnia and Herzegovina,2018,0.0,
T,W073_076,Textile + rubber,Bosnia and Herzegovina,2020,2409.0,
T,W073_076,Textile + rubber,Bosnia and Herzegovina,2022,2417.0,
T,W073_076,Textile + rubber,Belgium,2004,20349.0,BEL
T,W073_076,Textile + rubber,Belgium,2006,92862.0,BEL
T,W073_076,Textile + rubber,Belgium,2008,69463.0,BEL
T,W073_076,Textile + rubber,Belgium,2010,83433.0,BEL
T,W073_076,Textile + rubber,Belgium,2012,83220.0,BEL
T,W073_076,Textile + rubber,Belgium,2014,79807.0,BEL
T,W073_076,Textile + rubber,Belgium,2016,82325.0,BEL
T,W073_076,Textile + rubber,Belgium,2018,86841.0,BEL
T,W073_076,Textile + rubber,Belgium,2020,89743.0,BEL
T,W073_076,Textile + rubber,Belgium,2022,80521.0,BEL
T,W073_076,Textile + rubber,Bulgaria,2004,0.0,BGR
T,W073_076,Textile + rubber,Bulgaria,2006,0.0,BGR
T,W073_076,Textile + rubber,Bulgaria,2008,0.0,BGR
T,W073_076,Textile + rubber,Bulgaria,2010,9447.0,BGR
T,W073_076,Textile + rubber,Bulgaria,2012,19163.0,BGR
T,W073_076,Textile + rubber,Bulgaria,2014,1217.0,BGR
T,W073_076,Textile + rubber,Bulgaria,2016,32560.0,BGR
T,W073_076,Textile + rubber,Bulgaria,2018,1589.0,BGR
T,W073_076,Textile + rubber,Bulgaria,2020,737.0,BGR
T,W073_076,Textile + rubber,Bulgaria,2022,12337.0,BGR
T,W073_076,Textile + rubber,Cyprus,2004,24613.0,CYP
T,W073_076,Textile + rubber,Cyprus,2006,27314.0,CYP
T,W073_076,Textile + rubber,Cyprus,2008,46066.0,CYP
T,W073_076,Textile + rubber,Cyprus,2010,35726.0,CYP
T,W073_076,Textile + rubber,Cyprus,2012,1110.0,CYP
T,W073_076,Textile + rubber,Cyprus,2014,1300.0,CYP
T,W073_076,Textile + rubber,Cyprus,2016,2042.0,CYP
T,W073_076,Textile + rubber,Cyprus,2018,2527.0,CYP
T,W073_076,Textile + rubber,Cyprus,2020,2740.0,CYP
T,W073_076,Textile + rubber,Cyprus,2022,2806.0,CYP
T,W073_076,Textile + rubber,Czechia,2004,6286.0,CZE
T,W073_076,Textile + rubber,Czechia,2006,6833.0,CZE
T,W073_076,Textile + rubber,Czechia,2008,2256.0,CZE
T,W073_076,Textile + rubber,Czechia,2010,2911.0,CZE
T,W073_076,Textile + rubber,Czechia,2012,4774.0,CZE
T,W073_076,Textile + rubber,Czechia,2014,8262.0,CZE
T,W073_076,Textile + rubber,Czechia,2016,12165.0,CZE
T,W073_076,Textile + rubber,Czechia,2018,36900.0,CZE
T,W073_076,Textile + rubber,Czechia,2020,37944.0,CZE
T,W073_076,Textile + rubber,Czechia,2022,39657.0,CZE
T,W073_076,Textile + rubber,Germany,2004,82434.0,DEU
T,W073_076,Textile + rubber,Germany,2006,47996.0,DEU
T,W073_076,Textile + rubber,Germany,2008,82914.0,DEU
T,W073_076,Textile + rubber,Germany,2010,80733.0,DEU
T,W073_076,Textile + rubber,Germany,2012,99955.0,DEU
T,W073_076,Textile + rubber,Germany,2014,114230.0,DEU
T,W073_076,Textile + rubber,Germany,2016,141667.0,DEU
T,W073_076,Textile + rubber,Germany,2018,140946.0,DEU
T,W073_076,Textile + rubber,Germany,2020,123775.0,DEU
T,W073_076,Textile + rubber,Germany,2022,148897.0,DEU
T,W073_076,Textile + rubber,Denmark,2004,547.0,DNK
T,W073_076,Textile + rubber,Denmark,2006,145.0,DNK
T,W073_076,Textile + rubber,Denmark,2008,117.0,DNK
T,W073_076,Textile + rubber,Denmark,2010,1898.0,DNK
T,W073_076,Textile + rubber,Denmark,2012,7753.0,DNK
T,W073_076,Textile + rubber,Denmark,2014,6331.0,DNK
T,W073_076,Textile + rubber,Denmark,2016,9305.0,DNK
T,W073_076,Textile + rubber,Denmark,2018,12358.0,DNK
T,W073_076,Textile + rubber,Denmark,2020,14400.0,DNK
T,W073_076,Textile + rubber,Denmark,2022,15488.0,DNK
T,W073_076,Textile + rubber,Estonia,2004,194.0,EST
T,W073_076,Textile + rubber,Estonia,2006,5232.0,EST
T,W073_076,Textile + rubber,Estonia,2008,2788.0,EST
T,W073_076,Textile + rubber,Estonia,2010,2163.0,EST
T,W073_076,Textile + rubber,Estonia,2012,2091.0,EST
T,W073_076,Textile + rubber,Estonia,2014,2501.0,EST
T,W073_076,Textile + rubber,Estonia,2016,2088.0,EST
T,W073_076,Textile + rubber,Estonia,2018,2421.0,EST
T,W073_076,Textile + rubber,Estonia,2020,3545.0,EST
T,W073_076,Textile + rubber,Estonia,2022,3492.0,EST
T,W073_076,Textile + rubber,Greece,2004,0.0,GRC
T,W073_076,Textile + rubber,Greece,2006,0.0,GRC
T,W073_076,Textile + rubber,Greece,2008,0.0,GRC
T,W073_076,Textile + rubber,Greece,2010,0.0,GRC
T,W073_076,Textile + rubber,Greece,2016,0.0,GRC
T,W073_076,Textile + rubber,Greece,2018,1924.0,GRC
T,W073_076,Textile + rubber,Greece,2020,1994.0,GRC
T,W073_076,Textile + rubber,Greece,2022,3763.0,GRC
T,W073_076,Textile + rubber,Spain,2004,31580.0,ESP
T,W073_076,Textile + rubber,Spain,2006,15747.0,ESP
T,W073_076,Textile + rubber,Spain,2008,12456.0,ESP
T,W073_076,Textile + rubber,Spain,2010,9889.0,ESP
T,W073_076,Textile + rubber,Spain,2012,21002.0,ESP
T,W073_076,Textile + rubber,Spain,2014,42507.0,ESP
T,W073_076,Textile + rubber,Spain,2016,34616.0,ESP
T,W073_076,Textile + rubber,Spain,2018,40344.0,ESP
T,W073_076,Textile + rubber,Spain,2020,35823.0,ESP
T,W073_076,Textile + rubber,Spain,2022,47631.0,ESP
T,W073_076,Textile + rubber,European Union - 27 countries (from 2020),2004,790000.0,EU27_2020
T,W073_076,Textile + rubber,European Union - 27 countries (from 2020),2006,850000.0,EU27_2020
T,W073_076,Textile + rubber,European Union - 27 countries (from 2020),2008,590000.0,EU27_2020
T,W073_076,Textile + rubber,European Union - 27 countries (from 2020),2010,590000.0,EU27_2020
T,W073_076,Textile + rubber,European Union - 27 countries (from 2020),2016,920000.0,EU27_2020
T,W073_076,Textile + rubber,European Union - 27 countries (from 2020),2018,910000.0,EU27_2020
T,W073_076,Textile + rubber,European Union - 27 countries (from 2020),2020,990000.0,EU27_2020
T,W073_076,Textile + rubber,European Union - 27 countries (from 2020),2022,1190000.0,EU27_2020
T,W073_076,Textile + rubber,European Union - 28 countries (2013-2020),2004,870000.0,
T,W073_076,Textile + rubber,European Union - 28 countries (2013-2020),2006,950000.0,
T,W073_076,Textile + rubber,European Union - 28 countries (2013-2020),2008,750000.0,
T,W073_076,Textile + rubber,European Union - 28 countries (2013-2020),2010,750000.0,
T,W073_076,Textile + rubber,European Union - 28 countries (2013-2020),2012,870000.0,
T,W073_076,Textile + rubber,European Union - 28 countries (2013-2020),2014,940000.0,
T,W073_076,Textile + rubber,European Union - 28 countries (2013-2020),2016,1070000.0,
T,W073_076,Textile + rubber,European Union - 28 countries (2013-2020),2018,1080000.0,
T,W073_076,Textile + rubber,Finland,2004,0.0,FIN
T,W073_076,Textile + rubber,Finland,2006,6.0,FIN
T,W073_076,Textile + rubber,Finland,2008,0.0,FIN
T,W073_076,Textile + rubber,Finland,2010,0.0,FIN
T,W073_076,Textile + rubber,Finland,2012,0.0,FIN
T,W073_076,Textile + rubber,Finland,2014,0.0,FIN
T,W073_076,Textile + rubber,Finland,2016,0.0,FIN
T,W073_076,Textile + rubber,Finland,2018,219.0,FIN
T,W073_076,Textile + rubber,Finland,2020,290.0,FIN
T,W073_076,Textile + rubber,Finland,2022,192.0,FIN
T,W073_076,Textile + rubber,France,2004,14000.0,FRA
T,W073_076,Textile + rubber,France,2006,12700.0,FRA
T,W073_076,Textile + rubber,France,2008,10730.0,FRA
T,W073_076,Textile + rubber,France,2010,10058.0,FRA
T,W073_076,Textile + rubber,France,2012,125468.0,FRA
T,W073_076,Textile + rubber,France,2014,144513.0,FRA
T,W073_076,Textile + rubber,France,2016,182983.0,FRA
T,W073_076,Textile + rubber,France,2018,164590.0,FRA
T,W073_076,Textile + rubber,France,2020,225064.0,FRA
T,W073_076,Textile + rubber,France,2022,276509.0,FRA
T,W073_076,Textile + rubber,Croatia,2004,0.0,HRV
T,W073_076,Textile + rubber,Croatia,2006,0.0,HRV
T,W073_076,Textile + rubber,Croatia,2008,0.0,HRV
T,W073_076,Textile + rubber,Croatia,2010,0.0,HRV
T,W073_076,Textile + rubber,Croatia,2012,22.0,HRV
T,W073_076,Textile + rubber,Croatia,2014,191.0,HRV
T,W073_076,Textile + rubber,Croatia,2016,1595.0,HRV
T,W073_076,Textile + rubber,Croatia,2018,3534.0,HRV
T,W073_076,Textile + rubber,Croatia,2020,4818.0,HRV
T,W073_076,Textile + rubber,Croatia,2022,5475.0,HRV
T,W073_076,Textile + rubber,Hungary,2004,3550.0,HUN
T,W073_076,Textile + rubber,Hungary,2006,1931.0,HUN
T,W073_076,Textile + rubber,Hungary,2008,22526.0,HUN
T,W073_076,Textile + rubber,Hungary,2010,16184.0,HUN
T,W073_076,Textile + rubber,Hungary,2012,2513.0,HUN
T,W073_076,Textile + rubber,Hungary,2014,277.0,HUN
T,W073_076,Textile + rubber,Hungary,2016,5893.0,HUN
T,W073_076,Textile + rubber,Hungary,2018,4930.0,HUN
T,W073_076,Textile + rubber,Hungary,2020,8271.0,HUN
T,W073_076,Textile + rubber,Hungary,2022,29003.0,HUN
T,W073_076,Textile + rubber,Ireland,2004,137830.0,IRL
T,W073_076,Textile + rubber,Ireland,2006,161078.0,IRL
T,W073_076,Textile + rubber,Ireland,2010,114.0,IRL
T,W073_076,Textile + rubber,Ireland,2012,241.0,IRL
T,W073_076,Textile + rubber,Ireland,2014,516.0,IRL
T,W073_076,Textile + rubber,Ireland,2016,739.0,IRL
T,W073_076,Textile + rubber,Ireland,2018,766.0,IRL
T,W073_076,Textile + rubber,Ireland,2020,1620.0,IRL
T,W073_076,Textile + rubber,Ireland,2022,1182.0,IRL
T,W073_076,Textile + rubber,Iceland,2004,900.0,ISL
T,W073_076,Textile + rubber,Iceland,2010,3899.0,ISL
T,W073_076,Textile + rubber,Iceland,2012,3350.0,ISL
T,W073_076,Textile + rubber,Iceland,2014,4800.0,ISL
T,W073_076,Textile + rubber,Iceland,2016,5990.0,ISL
T,W073_076,Textile + rubber,Iceland,2018,9330.0,ISL
T,W073_076,Textile + rubber,Iceland,2020,5265.0,ISL
T,W073_076,Textile + rubber,Iceland,2022,2732.0,ISL
T,W073_076,Textile + rubber,Italy,2004,56501.0,ITA
T,W073_076,Textile + rubber,Italy,2006,70448.0,ITA
T,W073_076,Textile + rubber,Italy,2008,80338.0,ITA
T,W073_076,Textile + rubber,Italy,2010,111597.0,ITA
T,W073_076,Textile + rubber,Italy,2012,117605.0,ITA
T,W073_076,Textile + rubber,Italy,2014,139161.0,ITA
T,W073_076,Textile + rubber,Italy,2016,154204.0,ITA
T,W073_076,Textile + rubber,Italy,2018,163120.0,ITA
T,W073_076,Textile + rubber,Italy,2020,160081.0,ITA
T,W073_076,Textile + rubber,Italy,2022,176494.0,ITA
T,W073_076,Textile + rubber,Liechtenstein,2008,0.0,
T,W073_076,Textile + rubber,Liechtenstein,2010,0.0,
T,W073_076,Textile + rubber,Liechtenstein,2012,0.0,
T,W073_076,Textile + rubber,Liechtenstein,2014,0.0,
T,W073_076,Textile + rubber,Liechtenstein,2016,0.0,
T,W073_076,Textile + rubber,Liechtenstein,2018,0.0,
T,W073_076,Textile + rubber,Liechtenstein,2020,0.0,
T,W073_076,Textile + rubber,Liechtenstein,2022,0.0,
T,W073_076,Textile + rubber,Lithuania,2004,4.0,LTU
T,W073_076,Textile + rubber,Lithuania,2006,10224.0,LTU
T,W073_076,Textile + rubber,Lithuania,2008,2132.0,LTU
T,W073_076,Textile + rubber,Lithuania,2010,3242.0,LTU
T,W073_076,Textile + rubber,Lithuania,2012,9610.0,LTU
T,W073_076,Textile + rubber,Lithuania,2014,7790.0,LTU
T,W073_076,Textile + rubber,Lithuania,2016,8935.0,LTU
T,W073_076,Textile + rubber,Lithuania,2018,10609.0,LTU
T,W073_076,Textile + rubber,Lithuania,2020,13391.0,LTU
T,W073_076,Textile + rubber,Lithuania,2022,17750.0,LTU
T,W073_076,Textile + rubber,Luxembourg,2004,2510.0,LUX
T,W073_076,Textile + rubber,Luxembourg,2006,3223.0,LUX
T,W073_076,Textile + rubber,Luxembourg,2008,3194.0,LUX
T,W073_076,Textile + rubber,Luxembourg,2010,3862.0,LUX
T,W073_076,Textile + rubber,Luxembourg,2012,3796.0,LUX
T,W073_076,Textile + rubber,Luxembourg,2014,5932.0,LUX
T,W073_076,Textile + rubber,Luxembourg,2016,4700.0,LUX
T,W073_076,Textile + rubber,Luxembourg,2018,5487.0,LUX
T,W073_076,Textile + rubber,Luxembourg,2020,5495.0,LUX
T,W073_076,Textile + rubber,Luxembourg,2022,2743.0,LUX
T,W073_076,Textile + rubber,Latvia,2004,0.0,LVA
T,W073_076,Textile + rubber,Latvia,2006,1354.0,LVA
T,W073_076,Textile + rubber,Latvia,2008,0.0,LVA
T,W073_076,Textile + rubber,Latvia,2010,4290.0,LVA
T,W073_076,Textile + rubber,Latvia,2012,7105.0,LVA
T,W073_076,Textile + rubber,Latvia,2014,10385.0,LVA
T,W073_076,Textile + rubber,Latvia,2016,10850.0,LVA
T,W073_076,Textile + rubber,Latvia,2018,12784.0,LVA
T,W073_076,Textile + rubber,Latvia,2020,18705.0,LVA
T,W073_076,Textile + rubber,Latvia,2022,13891.0,LVA
T,W073_076,Textile + rubber,Montenegro,2012,573.0,
T,W073_076,Textile + rubber,Montenegro,2014,720.0,
T,W073_076,Textile + rubber,Montenegro,2016,452.0,
T,W073_076,Textile + rubber,Montenegro,2018,405.0,
T,W073_076,Textile + rubber,Montenegro,2020,51.0,
T,W073_076,Textile + rubber,Montenegro,2022,384.0,
T,W073_076,Textile + rubber,North Macedonia,2008,0.0,
T,W073_076,Textile + rubber,North Macedonia,2010,0.0,
T,W073_076,Textile + rubber,North Macedonia,2012,0.0,
T,W073_076,Textile + rubber,North Macedonia,2014,0.0,
T,W073_076,Textile + rubber,North Macedonia,2016,0.0,
T,W073_076,Textile + rubber,North Macedonia,2018,0.0,
T,W073_076,Textile + rubber,North Macedonia,2020,0.0,
T,W073_076,Textile + rubber,North Macedonia,2022,0.0,
T,W073_076,Textile + rubber,Malta,2004,988.0,MLT
T,W073_076,Textile + rubber,Malta,2006,1146.0,MLT
T,W073_076,Textile + rubber,Malta,2008,1653.0,MLT
T,W073_076,Textile + rubber,Malta,2010,1510.0,MLT
T,W073_076,Textile + rubber,Malta,2012,1527.0,MLT
T,W073_076,Textile + rubber,Malta,2014,1987.0,MLT
T,W073_076,Textile + rubber,Malta,2016,2349.0,MLT
T,W073_076,Textile + rubber,Malta,2018,3202.0,MLT
T,W073_076,Textile + rubber,Malta,2020,3796.0,MLT
T,W073_076,Textile + rubber,Malta,2022,3641.0,MLT
T,W073_076,Textile + rubber,Netherlands,2004,177406.0,NLD
T,W073_076,Textile + rubber,Netherlands,2006,149547.0,NLD
T,W073_076,Textile + rubber,Netherlands,2008,147250.0,NLD
T,W073_076,Textile + rubber,Netherlands,2010,114039.0,NLD
T,W073_076,Textile + rubber,Netherlands,2016,140574.0,NLD
T,W073_076,Textile + rubber,Netherlands,2018,130855.0,NLD
T,W073_076,Textile + rubber,Netherlands,2020,134768.0,NLD
T,W073_076,Textile + rubber,Netherlands,2022,155663.0,NLD
T,W073_076,Textile + rubber,Norway,2004,38538.0,NOR
T,W073_076,Textile + rubber,Norway,2006,42193.0,NOR
T,W073_076,Textile + rubber,Norway,2008,50479.0,NOR
T,W073_076,Textile + rubber,Norway,2010,59176.0,NOR
T,W073_076,Textile + rubber,Norway,2012,1772.0,NOR
T,W073_076,Textile + rubber,Norway,2014,134.0,NOR
T,W073_076,Textile + rubber,Norway,2016,499.0,NOR
T,W073_076,Textile + rubber,Norway,2018,249.0,NOR
T,W073_076,Textile + rubber,Norway,2020,4330.0,NOR
T,W073_076,Textile + rubber,Norway,2022,4020.0,NOR
T,W073_076,Textile + rubber,Poland,2004,12955.0,POL
T,W073_076,Textile + rubber,Poland,2006,23655.0,POL
T,W073_076,Textile + rubber,Poland,2008,36623.0,POL
T,W073_076,Textile + rubber,Poland,2010,35256.0,POL
T,W073_076,Textile + rubber,Poland,2012,37237.0,POL
T,W073_076,Textile + rubber,Poland,2014,31447.0,POL
T,W073_076,Textile + rubber,Poland,2016,1442.0,POL
T,W073_076,Textile + rubber,Poland,2018,2241.0,POL
T,W073_076,Textile + rubber,Poland,2020,21653.0,POL
T,W073_076,Textile + rubber,Poland,2022,59917.0,POL
T,W073_076,Textile + rubber,Portugal,2004,0.0,PRT
T,W073_076,Textile + rubber,Portugal,2006,0.0,PRT
T,W073_076,Textile + rubber,Portugal,2008,1409.0,PRT
T,W073_076,Textile + rubber,Portugal,2010,0.0,PRT
T,W073_076,Textile + rubber,Portugal,2012,0.0,PRT
T,W073_076,Textile + rubber,Portugal,2014,0.0,PRT
T,W073_076,Textile + rubber,Portugal,2016,0.0,PRT
T,W073_076,Textile + rubber,Portugal,2018,0.0,PRT
T,W073_076,Textile + rubber,Portugal,2020,0.0,PRT
T,W073_076,Textile + rubber,Portugal,2022,373.0,PRT
T,W073_076,Textile + rubber,Romania,2004,160081.0,ROU
T,W073_076,Textile + rubber,Romania,2006,159339.0,ROU
T,W073_076,Textile + rubber,Romania,2008,0.0,ROU
T,W073_076,Textile + rubber,Romania,2010,83.0,ROU
T,W073_076,Textile + rubber,Romania,2012,491.0,ROU
T,W073_076,Textile + rubber,Romania,2014,156.0,ROU
T,W073_076,Textile + rubber,Romania,2016,142.0,ROU
T,W073_076,Textile + rubber,Romania,2018,204.0,ROU
T,W073_076,Textile + rubber,Romania,2020,801.0,ROU
T,W073_076,Textile + rubber,Romania,2022,2670.0,ROU
T,W073_076,Textile + rubber,Serbia,2010,0.0,
T,W073_076,Textile + rubber,Serbia,2014,547.0,
T,W073_076,Textile + rubber,Serbia,2016,1676.0,
T,W073_076,Textile + rubber,Serbia,2018,491.0,
T,W073_076,Textile + rubber,Serbia,2020,0.0,
T,W073_076,Textile + rubber,Serbia,2022,0.0,
T,W073_076,Textile + rubber,Sweden,2004,27617.0,SWE
T,W073_076,Textile + rubber,Sweden,2006,31433.0,SWE
T,W073_076,Textile + rubber,Sweden,2008,32387.0,SWE
T,W073_076,Textile + rubber,Sweden,2010,31845.0,SWE
T,W073_076,Textile + rubber,Sweden,2012,32480.0,SWE
T,W073_076,Textile + rubber,Sweden,2014,33373.0,SWE
T,W073_076,Textile + rubber,Sweden,2016,35561.0,SWE
T,W073_076,Textile + rubber,Sweden,2018,37643.0,SWE
T,W073_076,Textile + rubber,Sweden,2020,39122.0,SWE
T,W073_076,Textile + rubber,Sweden,2022,40977.0,SWE
T,W073_076,Textile + rubber,Slovenia,2004,702.0,SVN
T,W073_076,Textile + rubber,Slovenia,2006,2337.0,SVN
T,W073_076,Textile + rubber,Slovenia,2008,608.0,SVN
T,W073_076,Textile + rubber,Slovenia,2010,2848.0,SVN
T,W073_076,Textile + rubber,Slovenia,2012,960.0,SVN
T,W073_076,Textile + rubber,Slovenia,2014,1206.0,SVN
T,W073_076,Textile + rubber,Slovenia,2016,3996.0,SVN
T,W073_076,Textile + rubber,Slovenia,2018,1579.0,SVN
T,W073_076,Textile + rubber,Slovenia,2020,1633.0,SVN
T,W073_076,Textile + rubber,Slovenia,2022,2063.0,SVN
T,W073_076,Textile + rubber,Slovakia,2004,0.0,SVK
T,W073_076,Textile + rubber,Slovakia,2006,675.0,SVK
T,W073_076,Textile + rubber,Slovakia,2008,573.0,SVK
T,W073_076,Textile + rubber,Slovakia,2010,265.0,SVK
T,W073_076,Textile + rubber,Slovakia,2012,2798.0,SVK
T,W073_076,Textile + rubber,Slovakia,2014,6636.0,SVK
T,W073_076,Textile + rubber,Slovakia,2016,4507.0,SVK
T,W073_076,Textile + rubber,Slovakia,2018,3416.0,SVK
T,W073_076,Textile + rubber,Slovakia,2020,4655.0,SVK
T,W073_076,Textile + rubber,Slovakia,2022,8393.0,SVK
T,W073_076,Textile + rubber,Türkiye,2004,0.0,
T,W073_076,Textile + rubber,Türkiye,2006,0.0,
T,W073_076,Textile + rubber,Türkiye,2008,448341.0,
T,W073_076,Textile + rubber,Türkiye,2010,4154.0,
T,W073_076,Textile + rubber,Türkiye,2012,18335.0,
T,W073_076,Textile + rubber,Türkiye,2014,8462.0,
T,W073_076,Textile + rubber,Türkiye,2018,0.0,
T,W073_076,Textile + rubber,Türkiye,2020,0.0,
T,W073_076,Textile + rubber,Türkiye,2022,0.0,
T,W073_076,Textile + rubber,United Kingdom,2004,82518.0,GBR
T,W073_076,Textile + rubber,United Kingdom,2006,103616.0,GBR
T,W073_076,Textile + rubber,United Kingdom,2008,166064.0,GBR
T,W073_076,Textile + rubber,United Kingdom,2010,157922.0,GBR
T,W073_076,Textile + rubber,United Kingdom,2012,128580.0,GBR
T,W073_076,Textile + rubber,United Kingdom,2014,149927.0,GBR
T,W073_076,Textile + rubber,United Kingdom,2016,158075.0,GBR
T,W073_076,Textile + rubber,United Kingdom,2018,152534.0,GBR
T,W073_076,Textile + rubber,Kosovo*,2012,0.0,
T,W073_076,Textile + rubber,Kosovo*,2014,0.0,
T,W073_076,Textile + rubber,Kosovo*,2016,0.0,
T,W073_076,Textile + rubber,Kosovo*,2018,0.0,
T,W073_076,Textile + rubber,Kosovo*,2020,0.0,
T,W073_076,Textile + rubber,Kosovo*,2022,0.0,
