unit,Geopolitical entity (reporting),TIME_PERIOD,category code,OBS_VALUE,Aggregated category name,NUTS_code
T,Albania,2010,W01-05,0.0,chemical and medical,
T,Albania,2010,W06,0.0,metal,
T,Albania,2010,W072,0.0,paper,
T,Albania,2010,W074,0.0,plastic,
T,Albania,2010,W077_08,0.0,weee + batt + vehicles,
T,Albania,2010,W09,0.0,organic waste,
T,Albania,2010,W10,0.0,mixed waste,
T,Albania,2010,W11,0.0,common sludges,
T,Albania,2012,W01-05,0.0,chemical and medical,
T,Albania,2012,W06,0.0,metal,
T,Albania,2012,W072,0.0,paper,
T,Albania,2012,W074,0.0,plastic,
T,Albania,2012,W077_08,0.0,weee + batt + vehicles,
T,Albania,2012,W09,0.0,organic waste,
T,Albania,2012,W10,0.0,mixed waste,
T,Albania,2012,W11,0.0,common sludges,
T,Albania,2014,W01-05,0.0,chemical and medical,
T,Albania,2014,W06,0.0,metal,
T,Albania,2014,W072,0.0,paper,
T,Albania,2014,W074,0.0,plastic,
T,Albania,2014,W077_08,0.0,weee + batt + vehicles,
T,Albania,2014,W09,0.0,organic waste,
T,Albania,2014,W10,2457768.0,mixed waste,
T,Albania,2014,W11,0.0,common sludges,
T,Albania,2016,W01-05,0.0,chemical and medical,
T,Albania,2016,W06,0.0,metal,
T,Albania,2016,W072,0.0,paper,
T,Albania,2016,W074,0.0,plastic,
T,Albania,2016,W077_08,0.0,weee + batt + vehicles,
T,Albania,2016,W09,0.0,organic waste,
T,Albania,2016,W10,0.0,mixed waste,
T,Albania,2016,W11,0.0,common sludges,
T,Albania,2018,W01-05,0.0,chemical and medical,
T,Albania,2018,W06,0.0,metal,
T,Albania,2018,W072,0.0,paper,
T,Albania,2018,W074,0.0,plastic,
T,Albania,2018,W077_08,0.0,weee + batt + vehicles,
T,Albania,2018,W09,0.0,organic waste,
T,Albania,2018,W10,0.0,mixed waste,
T,Albania,2018,W11,0.0,common sludges,
T,Albania,2020,W01-05,0.0,chemical and medical,
T,Albania,2020,W06,0.0,metal,
T,Albania,2020,W072,0.0,paper,
T,Albania,2020,W074,0.0,plastic,
T,Albania,2020,W077_08,0.0,weee + batt + vehicles,
T,Albania,2020,W09,0.0,organic waste,
T,Albania,2020,W10,0.0,mixed waste,
T,Albania,2020,W11,0.0,common sludges,
T,Albania,2022,W01-05,0.0,chemical and medical,
T,Albania,2022,W06,0.0,metal,
T,Albania,2022,W072,0.0,paper,
T,Albania,2022,W074,0.0,plastic,
T,Albania,2022,W077_08,0.0,weee + batt + vehicles,
T,Albania,2022,W09,0.0,organic waste,
T,Albania,2022,W10,0.0,mixed waste,
T,Albania,2022,W11,0.0,common sludges,
T,Austria,2004,W01-05,16318.0,chemical and medical,AUT
T,Austria,2004,W071,371604.0,glass,AUT
T,Austria,2004,W072,1202200.0,paper,AUT
T,Austria,2004,W074,254000.0,plastic,AUT
T,Austria,2004,W075,242610.0,wood,AUT
T,Austria,2004,W077_08,131956.0,weee + batt + vehicles,AUT
T,Austria,2004,W09,0.0,organic waste,AUT
T,Austria,2004,W10,3262388.0,mixed waste,AUT
T,Austria,2004,W11,0.0,common sludges,AUT
T,Austria,2004,W12-13,0.0,mineral waste,AUT
T,Austria,2006,W01-05,16108.0,chemical and medical,AUT
T,Austria,2006,W071,390800.0,glass,AUT
T,Austria,2006,W072,1309600.0,paper,AUT
T,Austria,2006,W074,258400.0,plastic,AUT
T,Austria,2006,W075,285920.0,wood,AUT
T,Austria,2006,W077_08,185716.0,weee + batt + vehicles,AUT
T,Austria,2006,W09,0.0,organic waste,AUT
T,Austria,2006,W10,3376314.0,mixed waste,AUT
T,Austria,2006,W11,0.0,common sludges,AUT
T,Austria,2006,W12-13,0.0,mineral waste,AUT
T,Austria,2008,W01-05,15468.0,chemical and medical,AUT
T,Austria,2008,W071,416922.0,glass,AUT
T,Austria,2008,W072,1407568.0,paper,AUT
T,Austria,2008,W074,284026.0,plastic,AUT
T,Austria,2008,W075,325802.0,wood,AUT
T,Austria,2008,W077_08,192432.0,weee + batt + vehicles,AUT
T,Austria,2008,W09,0.0,organic waste,AUT
T,Austria,2008,W10,3286570.0,mixed waste,AUT
T,Austria,2008,W11,0.0,common sludges,AUT
T,Austria,2008,W12-13,0.0,mineral waste,AUT
T,Austria,2010,W01-05,16230.0,chemical and medical,AUT
T,Austria,2010,W06,234800.0,metal,AUT
T,Austria,2010,W071,445702.0,glass,AUT
T,Austria,2010,W072,1354000.0,paper,AUT
T,Austria,2010,W074,302912.0,plastic,AUT
T,Austria,2010,W075,394408.0,wood,AUT
T,Austria,2010,W077_08,177970.0,weee + batt + vehicles,AUT
T,Austria,2010,W09,928240.0,organic waste,AUT
T,Austria,2010,W10,3039156.0,mixed waste,AUT
T,Austria,2010,W11,880.0,common sludges,AUT
T,Austria,2010,W12-13,2265242.0,mineral waste,AUT
T,Austria,2012,W01-05,28320.0,chemical and medical,AUT
T,Austria,2012,W06,234392.0,metal,AUT
T,Austria,2012,W071,442460.0,glass,AUT
T,Austria,2012,W072,1277128.0,paper,AUT
T,Austria,2012,W074,305314.0,plastic,AUT
T,Austria,2012,W075,441776.0,wood,AUT
T,Austria,2012,W077_08,161146.0,weee + batt + vehicles,AUT
T,Austria,2012,W09,1756462.0,organic waste,AUT
T,Austria,2012,W10,3334534.0,mixed waste,AUT
T,Austria,2012,W11,0.0,common sludges,AUT
T,Austria,2012,W12-13,0.0,mineral waste,AUT
T,Austria,2014,W01-05,28822.0,chemical and medical,AUT
T,Austria,2014,W06,229836.0,metal,AUT
T,Austria,2014,W071,454286.0,glass,AUT
T,Austria,2014,W072,1355200.0,paper,AUT
T,Austria,2014,W074,328480.0,plastic,AUT
T,Austria,2014,W075,468368.0,wood,AUT
T,Austria,2014,W077_08,161606.0,weee + batt + vehicles,AUT
T,Austria,2014,W09,1872720.0,organic waste,AUT
T,Austria,2014,W10,3374332.0,mixed waste,AUT
T,Austria,2014,W11,0.0,common sludges,AUT
T,Austria,2014,W12-13,16.0,mineral waste,AUT
T,Austria,2016,W01-05,29434.0,chemical and medical,AUT
T,Austria,2016,W06,245794.0,metal,AUT
T,Austria,2016,W071,447950.0,glass,AUT
T,Austria,2016,W072,1311262.0,paper,AUT
T,Austria,2016,W074,337754.0,plastic,AUT
T,Austria,2016,W075,507916.0,wood,AUT
T,Austria,2016,W077_08,174230.0,weee + batt + vehicles,AUT
T,Austria,2016,W09,2036226.0,organic waste,AUT
T,Austria,2016,W10,3366616.0,mixed waste,AUT
T,Austria,2016,W11,0.0,common sludges,AUT
T,Austria,2016,W12-13,0.0,mineral waste,AUT
T,Austria,2018,W01-05,26342.0,chemical and medical,AUT
T,Austria,2018,W06,248694.0,metal,AUT
T,Austria,2018,W071,472182.0,glass,AUT
T,Austria,2018,W072,1308356.0,paper,AUT
T,Austria,2018,W074,353056.0,plastic,AUT
T,Austria,2018,W075,567393.0,wood,AUT
T,Austria,2018,W077_08,239098.0,weee + batt + vehicles,AUT
T,Austria,2018,W09,2077708.0,organic waste,AUT
T,Austria,2018,W10,3444207.0,mixed waste,AUT
T,Austria,2018,W11,0.0,common sludges,AUT
T,Austria,2018,W12-13,2.0,mineral waste,AUT
T,Austria,2020,W01-05,29184.0,chemical and medical,AUT
T,Austria,2020,W06,284114.0,metal,AUT
T,Austria,2020,W071,520290.0,glass,AUT
T,Austria,2020,W072,1249706.0,paper,AUT
T,Austria,2020,W074,371862.0,plastic,AUT
T,Austria,2020,W075,585924.0,wood,AUT
T,Austria,2020,W077_08,284136.0,weee + batt + vehicles,AUT
T,Austria,2020,W09,2285094.0,organic waste,AUT
T,Austria,2020,W10,3573628.0,mixed waste,AUT
T,Austria,2020,W11,0.0,common sludges,AUT
T,Austria,2020,W12-13,4.0,mineral waste,AUT
T,Austria,2022,W01-05,28319.0,chemical and medical,AUT
T,Austria,2022,W06,228902.0,metal,AUT
T,Austria,2022,W071,528270.0,glass,AUT
T,Austria,2022,W072,1203296.0,paper,AUT
T,Austria,2022,W074,370786.0,plastic,AUT
T,Austria,2022,W075,501798.0,wood,AUT
T,Austria,2022,W077_08,279926.0,weee + batt + vehicles,AUT
T,Austria,2022,W09,2204242.0,organic waste,AUT
T,Austria,2022,W10,3494624.0,mixed waste,AUT
T,Austria,2022,W11,0.0,common sludges,AUT
T,Austria,2022,W12-13,0.0,mineral waste,AUT
T,Bosnia and Herzegovina,2010,W01-05,0.0,chemical and medical,
T,Bosnia and Herzegovina,2010,W06,0.0,metal,
T,Bosnia and Herzegovina,2010,W072,0.0,paper,
T,Bosnia and Herzegovina,2010,W074,0.0,plastic,
T,Bosnia and Herzegovina,2010,W077_08,0.0,weee + batt + vehicles,
T,Bosnia and Herzegovina,2010,W09,0.0,organic waste,
T,Bosnia and Herzegovina,2010,W10,0.0,mixed waste,
T,Bosnia and Herzegovina,2010,W11,0.0,common sludges,
T,Bosnia and Herzegovina,2012,W01-05,0.0,chemical and medical,
T,Bosnia and Herzegovina,2012,W06,0.0,metal,
T,Bosnia and Herzegovina,2012,W071,0.0,glass,
T,Bosnia and Herzegovina,2012,W072,0.0,paper,
T,Bosnia and Herzegovina,2012,W074,0.0,plastic,
T,Bosnia and Herzegovina,2012,W075,0.0,wood,
T,Bosnia and Herzegovina,2012,W077_08,0.0,weee + batt + vehicles,
T,Bosnia and Herzegovina,2012,W09,0.0,organic waste,
T,Bosnia and Herzegovina,2012,W10,0.0,mixed waste,
T,Bosnia and Herzegovina,2012,W11,0.0,common sludges,
T,Bosnia and Herzegovina,2012,W12-13,0.0,mineral waste,
T,Bosnia and Herzegovina,2014,W01-05,0.0,chemical and medical,
T,Bosnia and Herzegovina,2014,W06,0.0,metal,
T,Bosnia and Herzegovina,2014,W072,0.0,paper,
T,Bosnia and Herzegovina,2014,W074,0.0,plastic,
T,Bosnia and Herzegovina,2014,W077_08,0.0,weee + batt + vehicles,
T,Bosnia and Herzegovina,2014,W09,0.0,organic waste,
T,Bosnia and Herzegovina,2014,W10,0.0,mixed waste,
T,Bosnia and Herzegovina,2014,W11,0.0,common sludges,
T,Bosnia and Herzegovina,2016,W01-05,0.0,chemical and medical,
T,Bosnia and Herzegovina,2016,W06,0.0,metal,
T,Bosnia and Herzegovina,2016,W072,0.0,paper,
T,Bosnia and Herzegovina,2016,W074,0.0,plastic,
T,Bosnia and Herzegovina,2016,W077_08,0.0,weee + batt + vehicles,
T,Bosnia and Herzegovina,2016,W09,0.0,organic waste,
T,Bosnia and Herzegovina,2016,W10,0.0,mixed waste,
T,Bosnia and Herzegovina,2016,W11,0.0,common sludges,
T,Bosnia and Herzegovina,2018,W01-05,0.0,chemical and medical,
T,Bosnia and Herzegovina,2018,W06,1818.0,metal,
T,Bosnia and Herzegovina,2018,W071,9166.0,glass,
T,Bosnia and Herzegovina,2018,W072,42936.0,paper,
T,Bosnia and Herzegovina,2018,W074,14364.0,plastic,
T,Bosnia and Herzegovina,2018,W075,798.0,wood,
T,Bosnia and Herzegovina,2018,W077_08,0.0,weee + batt + vehicles,
T,Bosnia and Herzegovina,2018,W09,52428.0,organic waste,
T,Bosnia and Herzegovina,2018,W10,1690670.0,mixed waste,
T,Bosnia and Herzegovina,2018,W11,4210.0,common sludges,
T,Bosnia and Herzegovina,2018,W12-13,13272.0,mineral waste,
T,Bosnia and Herzegovina,2020,W01-05,3690.0,chemical and medical,
T,Bosnia and Herzegovina,2020,W06,1692.0,metal,
T,Bosnia and Herzegovina,2020,W071,7346.0,glass,
T,Bosnia and Herzegovina,2020,W072,33924.0,paper,
T,Bosnia and Herzegovina,2020,W074,10890.0,plastic,
T,Bosnia and Herzegovina,2020,W075,7468.0,wood,
T,Bosnia and Herzegovina,2020,W077_08,0.0,weee + batt + vehicles,
T,Bosnia and Herzegovina,2020,W09,52416.0,organic waste,
T,Bosnia and Herzegovina,2020,W10,1700770.0,mixed waste,
T,Bosnia and Herzegovina,2020,W11,4474.0,common sludges,
T,Bosnia and Herzegovina,2020,W12-13,15756.0,mineral waste,
T,Bosnia and Herzegovina,2022,W01-05,2952.0,chemical and medical,
T,Bosnia and Herzegovina,2022,W06,1752.0,metal,
T,Bosnia and Herzegovina,2022,W071,6768.0,glass,
T,Bosnia and Herzegovina,2022,W072,25668.0,paper,
T,Bosnia and Herzegovina,2022,W074,7664.0,plastic,
T,Bosnia and Herzegovina,2022,W075,6532.0,wood,
T,Bosnia and Herzegovina,2022,W077_08,68.0,weee + batt + vehicles,
T,Bosnia and Herzegovina,2022,W09,28860.0,organic waste,
T,Bosnia and Herzegovina,2022,W10,1759064.0,mixed waste,
T,Bosnia and Herzegovina,2022,W11,3626.0,common sludges,
T,Bosnia and Herzegovina,2022,W12-13,7522.0,mineral waste,
T,Belgium,2004,W01-05,31628.0,chemical and medical,BEL
T,Belgium,2004,W071,491936.0,glass,BEL
T,Belgium,2004,W072,1013010.0,paper,BEL
T,Belgium,2004,W074,101128.0,plastic,BEL
T,Belgium,2004,W075,486308.0,wood,BEL
T,Belgium,2004,W077_08,425980.0,weee + batt + vehicles,BEL
T,Belgium,2004,W09,0.0,organic waste,BEL
T,Belgium,2004,W10,3615792.0,mixed waste,BEL
T,Belgium,2004,W11,0.0,common sludges,BEL
T,Belgium,2004,W12-13,23588.0,mineral waste,BEL
T,Belgium,2006,W01-05,23066.0,chemical and medical,BEL
T,Belgium,2006,W071,619128.0,glass,BEL
T,Belgium,2006,W072,1334844.0,paper,BEL
T,Belgium,2006,W074,220734.0,plastic,BEL
T,Belgium,2006,W075,422990.0,wood,BEL
T,Belgium,2006,W077_08,456066.0,weee + batt + vehicles,BEL
T,Belgium,2006,W09,0.0,organic waste,BEL
T,Belgium,2006,W10,3082962.0,mixed waste,BEL
T,Belgium,2006,W11,2550.0,common sludges,BEL
T,Belgium,2006,W12-13,0.0,mineral waste,BEL
T,Belgium,2008,W01-05,35348.0,chemical and medical,BEL
T,Belgium,2008,W071,610846.0,glass,BEL
T,Belgium,2008,W072,1341024.0,paper,BEL
T,Belgium,2008,W074,204594.0,plastic,BEL
T,Belgium,2008,W075,471712.0,wood,BEL
T,Belgium,2008,W077_08,430681.0,weee + batt + vehicles,BEL
T,Belgium,2008,W09,0.0,organic waste,BEL
T,Belgium,2008,W10,3362820.0,mixed waste,BEL
T,Belgium,2008,W11,0.0,common sludges,BEL
T,Belgium,2008,W12-13,0.0,mineral waste,BEL
T,Belgium,2010,W01-05,37324.0,chemical and medical,BEL
T,Belgium,2010,W06,209172.0,metal,BEL
T,Belgium,2010,W071,660632.0,glass,BEL
T,Belgium,2010,W072,1579538.0,paper,BEL
T,Belgium,2010,W074,238784.0,plastic,BEL
T,Belgium,2010,W075,493224.0,wood,BEL
T,Belgium,2010,W077_08,518940.0,weee + batt + vehicles,BEL
T,Belgium,2010,W09,2397272.0,organic waste,BEL
T,Belgium,2010,W10,4040022.0,mixed waste,BEL
T,Belgium,2010,W11,0.0,common sludges,BEL
T,Belgium,2010,W12-13,1382290.0,mineral waste,BEL
T,Belgium,2012,W01-05,37828.0,chemical and medical,BEL
T,Belgium,2012,W06,188146.0,metal,BEL
T,Belgium,2012,W071,653862.0,glass,BEL
T,Belgium,2012,W072,1554252.0,paper,BEL
T,Belgium,2012,W074,225248.0,plastic,BEL
T,Belgium,2012,W075,497330.0,wood,BEL
T,Belgium,2012,W077_08,526774.0,weee + batt + vehicles,BEL
T,Belgium,2012,W09,2197990.0,organic waste,BEL
T,Belgium,2012,W10,3086484.0,mixed waste,BEL
T,Belgium,2012,W11,22998.0,common sludges,BEL
T,Belgium,2012,W12-13,1432134.0,mineral waste,BEL
T,Belgium,2014,W01-05,36790.0,chemical and medical,BEL
T,Belgium,2014,W06,179918.0,metal,BEL
T,Belgium,2014,W071,660012.0,glass,BEL
T,Belgium,2014,W072,1409824.0,paper,BEL
T,Belgium,2014,W074,235904.0,plastic,BEL
T,Belgium,2014,W075,497714.0,wood,BEL
T,Belgium,2014,W077_08,523272.0,weee + batt + vehicles,BEL
T,Belgium,2014,W09,1926252.0,organic waste,BEL
T,Belgium,2014,W10,3955406.0,mixed waste,BEL
T,Belgium,2014,W11,27356.0,common sludges,BEL
T,Belgium,2014,W12-13,1226022.0,mineral waste,BEL
T,Belgium,2016,W01-05,35570.0,chemical and medical,BEL
T,Belgium,2016,W06,181366.0,metal,BEL
T,Belgium,2016,W071,670762.0,glass,BEL
T,Belgium,2016,W072,1278768.0,paper,BEL
T,Belgium,2016,W074,214902.0,plastic,BEL
T,Belgium,2016,W075,643768.0,wood,BEL
T,Belgium,2016,W077_08,527302.0,weee + batt + vehicles,BEL
T,Belgium,2016,W09,1593120.0,organic waste,BEL
T,Belgium,2016,W10,3831786.0,mixed waste,BEL
T,Belgium,2016,W11,0.0,common sludges,BEL
T,Belgium,2016,W12-13,940420.0,mineral waste,BEL
T,Belgium,2018,W01-05,29608.0,chemical and medical,BEL
T,Belgium,2018,W06,179704.0,metal,BEL
T,Belgium,2018,W071,676624.0,glass,BEL
T,Belgium,2018,W072,1229080.0,paper,BEL
T,Belgium,2018,W074,187742.0,plastic,BEL
T,Belgium,2018,W075,655926.0,wood,BEL
T,Belgium,2018,W077_08,525434.0,weee + batt + vehicles,BEL
T,Belgium,2018,W09,1539774.0,organic waste,BEL
T,Belgium,2018,W10,3734766.0,mixed waste,BEL
T,Belgium,2018,W11,0.0,common sludges,BEL
T,Belgium,2018,W12-13,837908.0,mineral waste,BEL
T,Belgium,2020,W01-05,31522.0,chemical and medical,BEL
T,Belgium,2020,W06,234428.0,metal,BEL
T,Belgium,2020,W071,736150.0,glass,BEL
T,Belgium,2020,W072,1185988.0,paper,BEL
T,Belgium,2020,W074,308358.0,plastic,BEL
T,Belgium,2020,W075,712606.0,wood,BEL
T,Belgium,2020,W077_08,527172.0,weee + batt + vehicles,BEL
T,Belgium,2020,W09,1964314.0,organic waste,BEL
T,Belgium,2020,W10,3971764.0,mixed waste,BEL
T,Belgium,2020,W11,0.0,common sludges,BEL
T,Belgium,2020,W12-13,832992.0,mineral waste,BEL
T,Belgium,2022,W01-05,42622.0,chemical and medical,BEL
T,Belgium,2022,W06,201834.0,metal,BEL
T,Belgium,2022,W071,699934.0,glass,BEL
T,Belgium,2022,W072,1087518.0,paper,BEL
T,Belgium,2022,W074,365408.0,plastic,BEL
T,Belgium,2022,W075,611698.0,wood,BEL
T,Belgium,2022,W077_08,233770.0,weee + batt + vehicles,BEL
T,Belgium,2022,W09,1820574.0,organic waste,BEL
T,Belgium,2022,W10,3717534.0,mixed waste,BEL
T,Belgium,2022,W11,622.0,common sludges,BEL
T,Belgium,2022,W12-13,661816.0,mineral waste,BEL
T,Bulgaria,2004,W01-05,0.0,chemical and medical,BGR
T,Bulgaria,2004,W071,0.0,glass,BGR
T,Bulgaria,2004,W072,0.0,paper,BGR
T,Bulgaria,2004,W074,0.0,plastic,BGR
T,Bulgaria,2004,W075,0.0,wood,BGR
T,Bulgaria,2004,W077_08,0.0,weee + batt + vehicles,BGR
T,Bulgaria,2004,W09,0.0,organic waste,BGR
T,Bulgaria,2004,W10,5267184.0,mixed waste,BGR
T,Bulgaria,2004,W11,0.0,common sludges,BGR
T,Bulgaria,2004,W12-13,0.0,mineral waste,BGR
T,Bulgaria,2006,W01-05,0.0,chemical and medical,BGR
T,Bulgaria,2006,W071,0.0,glass,BGR
T,Bulgaria,2006,W072,0.0,paper,BGR
T,Bulgaria,2006,W074,0.0,plastic,BGR
T,Bulgaria,2006,W075,0.0,wood,BGR
T,Bulgaria,2006,W077_08,0.0,weee + batt + vehicles,BGR
T,Bulgaria,2006,W09,0.0,organic waste,BGR
T,Bulgaria,2006,W10,5857962.0,mixed waste,BGR
T,Bulgaria,2006,W11,0.0,common sludges,BGR
T,Bulgaria,2006,W12-13,0.0,mineral waste,BGR
T,Bulgaria,2008,W01-05,0.0,chemical and medical,BGR
T,Bulgaria,2008,W071,0.0,glass,BGR
T,Bulgaria,2008,W072,0.0,paper,BGR
T,Bulgaria,2008,W074,0.0,plastic,BGR
T,Bulgaria,2008,W075,0.0,wood,BGR
T,Bulgaria,2008,W077_08,0.0,weee + batt + vehicles,BGR
T,Bulgaria,2008,W09,0.0,organic waste,BGR
T,Bulgaria,2008,W10,5814242.0,mixed waste,BGR
T,Bulgaria,2008,W11,0.0,common sludges,BGR
T,Bulgaria,2008,W12-13,0.0,mineral waste,BGR
T,Bulgaria,2010,W01-05,5650.0,chemical and medical,BGR
T,Bulgaria,2010,W06,1652848.0,metal,BGR
T,Bulgaria,2010,W071,124516.0,glass,BGR
T,Bulgaria,2010,W072,166654.0,paper,BGR
T,Bulgaria,2010,W074,42458.0,plastic,BGR
T,Bulgaria,2010,W075,0.0,wood,BGR
T,Bulgaria,2010,W077_08,255222.0,weee + batt + vehicles,BGR
T,Bulgaria,2010,W09,0.0,organic waste,BGR
T,Bulgaria,2010,W10,4792674.0,mixed waste,BGR
T,Bulgaria,2010,W11,0.0,common sludges,BGR
T,Bulgaria,2010,W12-13,0.0,mineral waste,BGR
T,Bulgaria,2012,W01-05,6404.0,chemical and medical,BGR
T,Bulgaria,2012,W06,1077362.0,metal,BGR
T,Bulgaria,2012,W071,54252.0,glass,BGR
T,Bulgaria,2012,W072,161264.0,paper,BGR
T,Bulgaria,2012,W074,78572.0,plastic,BGR
T,Bulgaria,2012,W075,64268.0,wood,BGR
T,Bulgaria,2012,W077_08,205264.0,weee + batt + vehicles,BGR
T,Bulgaria,2012,W09,0.0,organic waste,BGR
T,Bulgaria,2012,W10,3823334.0,mixed waste,BGR
T,Bulgaria,2012,W11,0.0,common sludges,BGR
T,Bulgaria,2012,W12-13,0.0,mineral waste,BGR
T,Bulgaria,2014,W01-05,196.0,chemical and medical,BGR
T,Bulgaria,2014,W06,628596.0,metal,BGR
T,Bulgaria,2014,W071,25128.0,glass,BGR
T,Bulgaria,2014,W072,305824.0,paper,BGR
T,Bulgaria,2014,W074,108150.0,plastic,BGR
T,Bulgaria,2014,W075,13584.0,wood,BGR
T,Bulgaria,2014,W077_08,195424.0,weee + batt + vehicles,BGR
T,Bulgaria,2014,W09,69840.0,organic waste,BGR
T,Bulgaria,2014,W10,4003050.0,mixed waste,BGR
T,Bulgaria,2014,W11,7422.0,common sludges,BGR
T,Bulgaria,2014,W12-13,6350.0,mineral waste,BGR
T,Bulgaria,2016,W01-05,36408.0,chemical and medical,BGR
T,Bulgaria,2016,W06,206702.0,metal,BGR
T,Bulgaria,2016,W071,145238.0,glass,BGR
T,Bulgaria,2016,W072,339950.0,paper,BGR
T,Bulgaria,2016,W074,74358.0,plastic,BGR
T,Bulgaria,2016,W075,102800.0,wood,BGR
T,Bulgaria,2016,W077_08,318172.0,weee + batt + vehicles,BGR
T,Bulgaria,2016,W09,283676.0,organic waste,BGR
T,Bulgaria,2016,W10,3236560.0,mixed waste,BGR
T,Bulgaria,2016,W11,0.0,common sludges,BGR
T,Bulgaria,2016,W12-13,871648.0,mineral waste,BGR
T,Bulgaria,2018,W01-05,3448.0,chemical and medical,BGR
T,Bulgaria,2018,W06,380390.0,metal,BGR
T,Bulgaria,2018,W071,237156.0,glass,BGR
T,Bulgaria,2018,W072,685982.0,paper,BGR
T,Bulgaria,2018,W074,350462.0,plastic,BGR
T,Bulgaria,2018,W075,165534.0,wood,BGR
T,Bulgaria,2018,W077_08,430866.0,weee + batt + vehicles,BGR
T,Bulgaria,2018,W09,170426.0,organic waste,BGR
T,Bulgaria,2018,W10,3826350.0,mixed waste,BGR
T,Bulgaria,2018,W11,32642.0,common sludges,BGR
T,Bulgaria,2018,W12-13,3820.0,mineral waste,BGR
T,Bulgaria,2020,W01-05,9716.0,chemical and medical,BGR
T,Bulgaria,2020,W06,200566.0,metal,BGR
T,Bulgaria,2020,W071,26876.0,glass,BGR
T,Bulgaria,2020,W072,219312.0,paper,BGR
T,Bulgaria,2020,W074,65190.0,plastic,BGR
T,Bulgaria,2020,W075,18548.0,wood,BGR
T,Bulgaria,2020,W077_08,250871.0,weee + batt + vehicles,BGR
T,Bulgaria,2020,W09,49020.0,organic waste,BGR
T,Bulgaria,2020,W10,3707918.0,mixed waste,BGR
T,Bulgaria,2020,W11,59080.0,common sludges,BGR
T,Bulgaria,2020,W12-13,15514.0,mineral waste,BGR
T,Bulgaria,2022,W01-05,4658.0,chemical and medical,BGR
T,Bulgaria,2022,W06,225416.0,metal,BGR
T,Bulgaria,2022,W071,40068.0,glass,BGR
T,Bulgaria,2022,W072,241806.0,paper,BGR
T,Bulgaria,2022,W074,59938.0,plastic,BGR
T,Bulgaria,2022,W075,62004.0,wood,BGR
T,Bulgaria,2022,W077_08,366306.0,weee + batt + vehicles,BGR
T,Bulgaria,2022,W09,166190.0,organic waste,BGR
T,Bulgaria,2022,W10,4045964.0,mixed waste,BGR
T,Bulgaria,2022,W11,0.0,common sludges,BGR
T,Bulgaria,2022,W12-13,0.0,mineral waste,BGR
T,Cyprus,2004,W01-05,0.0,chemical and medical,CYP
T,Cyprus,2004,W071,8816.0,glass,CYP
T,Cyprus,2004,W072,209390.0,paper,CYP
T,Cyprus,2004,W074,88900.0,plastic,CYP
T,Cyprus,2004,W075,0.0,wood,CYP
T,Cyprus,2004,W077_08,0.0,weee + batt + vehicles,CYP
T,Cyprus,2004,W09,0.0,organic waste,CYP
T,Cyprus,2004,W10,361476.0,mixed waste,CYP
T,Cyprus,2004,W11,0.0,common sludges,CYP
T,Cyprus,2004,W12-13,0.0,mineral waste,CYP
T,Cyprus,2006,W01-05,2520.0,chemical and medical,CYP
T,Cyprus,2006,W071,8350.0,glass,CYP
T,Cyprus,2006,W072,198422.0,paper,CYP
T,Cyprus,2006,W074,84248.0,plastic,CYP
T,Cyprus,2006,W075,0.0,wood,CYP
T,Cyprus,2006,W077_08,6304.0,weee + batt + vehicles,CYP
T,Cyprus,2006,W09,0.0,organic waste,CYP
T,Cyprus,2006,W10,342552.0,mixed waste,CYP
T,Cyprus,2006,W11,0.0,common sludges,CYP
T,Cyprus,2006,W12-13,0.0,mineral waste,CYP
T,Cyprus,2008,W01-05,3232.0,chemical and medical,CYP
T,Cyprus,2008,W071,22820.0,glass,CYP
T,Cyprus,2008,W072,227122.0,paper,CYP
T,Cyprus,2008,W074,116612.0,plastic,CYP
T,Cyprus,2008,W075,0.0,wood,CYP
T,Cyprus,2008,W077_08,16898.0,weee + batt + vehicles,CYP
T,Cyprus,2008,W09,0.0,organic waste,CYP
T,Cyprus,2008,W10,196518.0,mixed waste,CYP
T,Cyprus,2008,W11,0.0,common sludges,CYP
T,Cyprus,2008,W12-13,0.0,mineral waste,CYP
T,Cyprus,2010,W01-05,1902.0,chemical and medical,CYP
T,Cyprus,2010,W06,34176.0,metal,CYP
T,Cyprus,2010,W071,31192.0,glass,CYP
T,Cyprus,2010,W072,222158.0,paper,CYP
T,Cyprus,2010,W074,152406.0,plastic,CYP
T,Cyprus,2010,W075,15538.0,wood,CYP
T,Cyprus,2010,W077_08,26288.0,weee + batt + vehicles,CYP
T,Cyprus,2010,W09,81482.0,organic waste,CYP
T,Cyprus,2010,W10,193066.0,mixed waste,CYP
T,Cyprus,2010,W11,0.0,common sludges,CYP
T,Cyprus,2010,W12-13,0.0,mineral waste,CYP
T,Cyprus,2012,W01-05,0.0,chemical and medical,CYP
T,Cyprus,2012,W06,0.0,metal,CYP
T,Cyprus,2012,W071,10060.0,glass,CYP
T,Cyprus,2012,W072,23022.0,paper,CYP
T,Cyprus,2012,W074,0.0,plastic,CYP
T,Cyprus,2012,W075,0.0,wood,CYP
T,Cyprus,2012,W077_08,22008.0,weee + batt + vehicles,CYP
T,Cyprus,2012,W09,13560.0,organic waste,CYP
T,Cyprus,2012,W10,668302.0,mixed waste,CYP
T,Cyprus,2012,W11,0.0,common sludges,CYP
T,Cyprus,2012,W12-13,0.0,mineral waste,CYP
T,Cyprus,2014,W01-05,0.0,chemical and medical,CYP
T,Cyprus,2014,W06,0.0,metal,CYP
T,Cyprus,2014,W071,9924.0,glass,CYP
T,Cyprus,2014,W072,20470.0,paper,CYP
T,Cyprus,2014,W074,0.0,plastic,CYP
T,Cyprus,2014,W075,0.0,wood,CYP
T,Cyprus,2014,W077_08,20336.0,weee + batt + vehicles,CYP
T,Cyprus,2014,W09,29204.0,organic waste,CYP
T,Cyprus,2014,W10,565184.0,mixed waste,CYP
T,Cyprus,2014,W11,0.0,common sludges,CYP
T,Cyprus,2014,W12-13,0.0,mineral waste,CYP
T,Cyprus,2016,W01-05,0.0,chemical and medical,CYP
T,Cyprus,2016,W06,0.0,metal,CYP
T,Cyprus,2016,W071,11454.0,glass,CYP
T,Cyprus,2016,W072,20526.0,paper,CYP
T,Cyprus,2016,W074,0.0,plastic,CYP
T,Cyprus,2016,W075,0.0,wood,CYP
T,Cyprus,2016,W077_08,16582.0,weee + batt + vehicles,CYP
T,Cyprus,2016,W09,32064.0,organic waste,CYP
T,Cyprus,2016,W10,705112.0,mixed waste,CYP
T,Cyprus,2016,W11,0.0,common sludges,CYP
T,Cyprus,2016,W12-13,0.0,mineral waste,CYP
T,Cyprus,2018,W01-05,0.0,chemical and medical,CYP
T,Cyprus,2018,W06,0.0,metal,CYP
T,Cyprus,2018,W071,14014.0,glass,CYP
T,Cyprus,2018,W072,20152.0,paper,CYP
T,Cyprus,2018,W074,0.0,plastic,CYP
T,Cyprus,2018,W075,0.0,wood,CYP
T,Cyprus,2018,W077_08,14390.0,weee + batt + vehicles,CYP
T,Cyprus,2018,W09,32494.0,organic waste,CYP
T,Cyprus,2018,W10,687232.0,mixed waste,CYP
T,Cyprus,2018,W11,0.0,common sludges,CYP
T,Cyprus,2018,W12-13,0.0,mineral waste,CYP
T,Cyprus,2020,W01-05,0.0,chemical and medical,CYP
T,Cyprus,2020,W06,0.0,metal,CYP
T,Cyprus,2020,W071,11934.0,glass,CYP
T,Cyprus,2020,W072,18960.0,paper,CYP
T,Cyprus,2020,W074,342.0,plastic,CYP
T,Cyprus,2020,W075,64.0,wood,CYP
T,Cyprus,2020,W077_08,15306.0,weee + batt + vehicles,CYP
T,Cyprus,2020,W09,25800.0,organic waste,CYP
T,Cyprus,2020,W10,677862.0,mixed waste,CYP
T,Cyprus,2020,W11,0.0,common sludges,CYP
T,Cyprus,2020,W12-13,0.0,mineral waste,CYP
T,Cyprus,2022,W01-05,0.0,chemical and medical,CYP
T,Cyprus,2022,W06,0.0,metal,CYP
T,Cyprus,2022,W071,18142.0,glass,CYP
T,Cyprus,2022,W072,19526.0,paper,CYP
T,Cyprus,2022,W074,0.0,plastic,CYP
T,Cyprus,2022,W075,0.0,wood,CYP
T,Cyprus,2022,W077_08,14490.0,weee + batt + vehicles,CYP
T,Cyprus,2022,W09,33588.0,organic waste,CYP
T,Cyprus,2022,W10,672032.0,mixed waste,CYP
T,Cyprus,2022,W11,0.0,common sludges,CYP
T,Cyprus,2022,W12-13,0.0,mineral waste,CYP
T,Czechia,2004,W01-05,6914.0,chemical and medical,CZE
T,Czechia,2004,W071,100330.0,glass,CZE
T,Czechia,2004,W072,165966.0,paper,CZE
T,Czechia,2004,W074,74760.0,plastic,CZE
T,Czechia,2004,W075,17242.0,wood,CZE
T,Czechia,2004,W077_08,31988.0,weee + batt + vehicles,CZE
T,Czechia,2004,W09,0.0,organic waste,CZE
T,Czechia,2004,W10,4995586.0,mixed waste,CZE
T,Czechia,2004,W11,36012.0,common sludges,CZE
T,Czechia,2004,W12-13,0.0,mineral waste,CZE
T,Czechia,2006,W01-05,9270.0,chemical and medical,CZE
T,Czechia,2006,W071,153340.0,glass,CZE
T,Czechia,2006,W072,268544.0,paper,CZE
T,Czechia,2006,W074,107396.0,plastic,CZE
T,Czechia,2006,W075,68554.0,wood,CZE
T,Czechia,2006,W077_08,15422.0,weee + batt + vehicles,CZE
T,Czechia,2006,W09,0.0,organic waste,CZE
T,Czechia,2006,W10,5291916.0,mixed waste,CZE
T,Czechia,2006,W11,20418.0,common sludges,CZE
T,Czechia,2006,W12-13,2532.0,mineral waste,CZE
T,Czechia,2008,W01-05,6608.0,chemical and medical,CZE
T,Czechia,2008,W071,139396.0,glass,CZE
T,Czechia,2008,W072,269002.0,paper,CZE
T,Czechia,2008,W074,107294.0,plastic,CZE
T,Czechia,2008,W075,20432.0,wood,CZE
T,Czechia,2008,W077_08,4810.0,weee + batt + vehicles,CZE
T,Czechia,2008,W09,0.0,organic waste,CZE
T,Czechia,2008,W10,5331248.0,mixed waste,CZE
T,Czechia,2008,W11,2788.0,common sludges,CZE
T,Czechia,2008,W12-13,0.0,mineral waste,CZE
T,Czechia,2010,W01-05,7608.0,chemical and medical,CZE
T,Czechia,2010,W06,165344.0,metal,CZE
T,Czechia,2010,W071,156578.0,glass,CZE
T,Czechia,2010,W072,317252.0,paper,CZE
T,Czechia,2010,W074,127000.0,plastic,CZE
T,Czechia,2010,W075,55846.0,wood,CZE
T,Czechia,2010,W077_08,3182.0,weee + batt + vehicles,CZE
T,Czechia,2010,W09,344394.0,organic waste,CZE
T,Czechia,2010,W10,5409622.0,mixed waste,CZE
T,Czechia,2010,W11,2416.0,common sludges,CZE
T,Czechia,2010,W12-13,17152.0,mineral waste,CZE
T,Czechia,2012,W01-05,11018.0,chemical and medical,CZE
T,Czechia,2012,W06,111046.0,metal,CZE
T,Czechia,2012,W071,217468.0,glass,CZE
T,Czechia,2012,W072,328578.0,paper,CZE
T,Czechia,2012,W074,191578.0,plastic,CZE
T,Czechia,2012,W075,59826.0,wood,CZE
T,Czechia,2012,W077_08,3424.0,weee + batt + vehicles,CZE
T,Czechia,2012,W09,427234.0,organic waste,CZE
T,Czechia,2012,W10,5064290.0,mixed waste,CZE
T,Czechia,2012,W11,4330.0,common sludges,CZE
T,Czechia,2012,W12-13,7596.0,mineral waste,CZE
T,Czechia,2014,W01-05,12888.0,chemical and medical,CZE
T,Czechia,2014,W06,117664.0,metal,CZE
T,Czechia,2014,W071,219452.0,glass,CZE
T,Czechia,2014,W072,325250.0,paper,CZE
T,Czechia,2014,W074,206368.0,plastic,CZE
T,Czechia,2014,W075,67296.0,wood,CZE
T,Czechia,2014,W077_08,2018.0,weee + batt + vehicles,CZE
T,Czechia,2014,W09,635408.0,organic waste,CZE
T,Czechia,2014,W10,4872164.0,mixed waste,CZE
T,Czechia,2014,W11,2638.0,common sludges,CZE
T,Czechia,2014,W12-13,21612.0,mineral waste,CZE
T,Czechia,2016,W01-05,13264.0,chemical and medical,CZE
T,Czechia,2016,W06,66458.0,metal,CZE
T,Czechia,2016,W071,245540.0,glass,CZE
T,Czechia,2016,W072,354684.0,paper,CZE
T,Czechia,2016,W074,242486.0,plastic,CZE
T,Czechia,2016,W075,110102.0,wood,CZE
T,Czechia,2016,W077_08,814.0,weee + batt + vehicles,CZE
T,Czechia,2016,W09,994896.0,organic waste,CZE
T,Czechia,2016,W10,5060228.0,mixed waste,CZE
T,Czechia,2016,W11,5372.0,common sludges,CZE
T,Czechia,2016,W12-13,21536.0,mineral waste,CZE
T,Czechia,2018,W01-05,18354.0,chemical and medical,CZE
T,Czechia,2018,W06,1601058.0,metal,CZE
T,Czechia,2018,W071,281980.0,glass,CZE
T,Czechia,2018,W072,711410.0,paper,CZE
T,Czechia,2018,W074,309624.0,plastic,CZE
T,Czechia,2018,W075,140876.0,wood,CZE
T,Czechia,2018,W077_08,24378.0,weee + batt + vehicles,CZE
T,Czechia,2018,W09,1272864.0,organic waste,CZE
T,Czechia,2018,W10,5195912.0,mixed waste,CZE
T,Czechia,2018,W11,10366.0,common sludges,CZE
T,Czechia,2018,W12-13,1915083.0,mineral waste,CZE
T,Czechia,2020,W01-05,27944.0,chemical and medical,CZE
T,Czechia,2020,W06,1448108.0,metal,CZE
T,Czechia,2020,W071,340760.0,glass,CZE
T,Czechia,2020,W072,615990.0,paper,CZE
T,Czechia,2020,W074,359772.0,plastic,CZE
T,Czechia,2020,W075,134998.0,wood,CZE
T,Czechia,2020,W077_08,179049.0,weee + batt + vehicles,CZE
T,Czechia,2020,W09,1454186.0,organic waste,CZE
T,Czechia,2020,W10,5480814.0,mixed waste,CZE
T,Czechia,2020,W11,10966.0,common sludges,CZE
T,Czechia,2020,W12-13,1850170.0,mineral waste,CZE
T,Czechia,2022,W01-05,15446.0,chemical and medical,CZE
T,Czechia,2022,W06,118146.0,metal,CZE
T,Czechia,2022,W071,317574.0,glass,CZE
T,Czechia,2022,W072,443226.0,paper,CZE
T,Czechia,2022,W074,365860.0,plastic,CZE
T,Czechia,2022,W075,141141.0,wood,CZE
T,Czechia,2022,W077_08,546.0,weee + batt + vehicles,CZE
T,Czechia,2022,W09,1451016.0,organic waste,CZE
T,Czechia,2022,W10,4921766.0,mixed waste,CZE
T,Czechia,2022,W11,0.0,common sludges,CZE
T,Czechia,2022,W12-13,726426.0,mineral waste,CZE
T,Germany,2004,W01-05,77570.0,chemical and medical,DEU
T,Germany,2004,W071,4576816.0,glass,DEU
T,Germany,2004,W072,11471870.0,paper,DEU
T,Germany,2004,W074,347154.0,plastic,DEU
T,Germany,2004,W075,1163730.0,wood,DEU
T,Germany,2004,W077_08,622836.0,weee + batt + vehicles,DEU
T,Germany,2004,W09,0.0,organic waste,DEU
T,Germany,2004,W10,48120020.0,mixed waste,DEU
T,Germany,2004,W11,0.0,common sludges,DEU
T,Germany,2004,W12-13,0.0,mineral waste,DEU
T,Germany,2006,W01-05,36338.0,chemical and medical,DEU
T,Germany,2006,W071,1940240.0,glass,DEU
T,Germany,2006,W072,11103254.0,paper,DEU
T,Germany,2006,W074,596752.0,plastic,DEU
T,Germany,2006,W075,1322608.0,wood,DEU
T,Germany,2006,W077_08,573276.0,weee + batt + vehicles,DEU
T,Germany,2006,W09,0.0,organic waste,DEU
T,Germany,2006,W10,37756446.0,mixed waste,DEU
T,Germany,2006,W11,0.0,common sludges,DEU
T,Germany,2006,W12-13,0.0,mineral waste,DEU
T,Germany,2008,W01-05,42600.0,chemical and medical,DEU
T,Germany,2008,W071,2756756.0,glass,DEU
T,Germany,2008,W072,12261160.0,paper,DEU
T,Germany,2008,W074,259508.0,plastic,DEU
T,Germany,2008,W075,1441064.0,wood,DEU
T,Germany,2008,W077_08,803458.0,weee + batt + vehicles,DEU
T,Germany,2008,W09,0.0,organic waste,DEU
T,Germany,2008,W10,37050274.0,mixed waste,DEU
T,Germany,2008,W11,0.0,common sludges,DEU
T,Germany,2008,W12-13,0.0,mineral waste,DEU
T,Germany,2010,W01-05,54588.0,chemical and medical,DEU
T,Germany,2010,W06,544278.0,metal,DEU
T,Germany,2010,W071,3821692.0,glass,DEU
T,Germany,2010,W072,11291486.0,paper,DEU
T,Germany,2010,W074,91790.0,plastic,DEU
T,Germany,2010,W075,1341034.0,wood,DEU
T,Germany,2010,W077_08,1049678.0,weee + batt + vehicles,DEU
T,Germany,2010,W09,16989262.0,organic waste,DEU
T,Germany,2010,W10,37277948.0,mixed waste,DEU
T,Germany,2010,W11,0.0,common sludges,DEU
T,Germany,2010,W12-13,0.0,mineral waste,DEU
T,Germany,2012,W01-05,52662.0,chemical and medical,DEU
T,Germany,2012,W06,506612.0,metal,DEU
T,Germany,2012,W071,3817574.0,glass,DEU
T,Germany,2012,W072,11270240.0,paper,DEU
T,Germany,2012,W074,252190.0,plastic,DEU
T,Germany,2012,W075,1249806.0,wood,DEU
T,Germany,2012,W077_08,1089098.0,weee + batt + vehicles,DEU
T,Germany,2012,W09,18160774.0,organic waste,DEU
T,Germany,2012,W10,36344754.0,mixed waste,DEU
T,Germany,2012,W11,0.0,common sludges,DEU
T,Germany,2012,W12-13,0.0,mineral waste,DEU
T,Germany,2014,W01-05,64038.0,chemical and medical,DEU
T,Germany,2014,W06,522744.0,metal,DEU
T,Germany,2014,W071,3755710.0,glass,DEU
T,Germany,2014,W072,10811506.0,paper,DEU
T,Germany,2014,W074,203388.0,plastic,DEU
T,Germany,2014,W075,1470922.0,wood,DEU
T,Germany,2014,W077_08,1032870.0,weee + batt + vehicles,DEU
T,Germany,2014,W09,19308662.0,organic waste,DEU
T,Germany,2014,W10,36376968.0,mixed waste,DEU
T,Germany,2014,W11,0.0,common sludges,DEU
T,Germany,2014,W12-13,0.0,mineral waste,DEU
T,Germany,2016,W01-05,65352.0,chemical and medical,DEU
T,Germany,2016,W06,591020.0,metal,DEU
T,Germany,2016,W071,3758330.0,glass,DEU
T,Germany,2016,W072,10823046.0,paper,DEU
T,Germany,2016,W074,247578.0,plastic,DEU
T,Germany,2016,W075,1331444.0,wood,DEU
T,Germany,2016,W077_08,1103944.0,weee + batt + vehicles,DEU
T,Germany,2016,W09,19962110.0,organic waste,DEU
T,Germany,2016,W10,36653634.0,mixed waste,DEU
T,Germany,2016,W11,0.0,common sludges,DEU
T,Germany,2016,W12-13,0.0,mineral waste,DEU
T,Germany,2018,W01-05,69944.0,chemical and medical,DEU
T,Germany,2018,W06,636872.0,metal,DEU
T,Germany,2018,W071,3753372.0,glass,DEU
T,Germany,2018,W072,10760284.0,paper,DEU
T,Germany,2018,W074,222438.0,plastic,DEU
T,Germany,2018,W075,1393768.0,wood,DEU
T,Germany,2018,W077_08,1253816.0,weee + batt + vehicles,DEU
T,Germany,2018,W09,19506692.0,organic waste,DEU
T,Germany,2018,W10,36738706.0,mixed waste,DEU
T,Germany,2018,W11,0.0,common sludges,DEU
T,Germany,2018,W12-13,0.0,mineral waste,DEU
T,Germany,2020,W01-05,74100.0,chemical and medical,DEU
T,Germany,2020,W06,709366.0,metal,DEU
T,Germany,2020,W071,4068332.0,glass,DEU
T,Germany,2020,W072,9416104.0,paper,DEU
T,Germany,2020,W074,212990.0,plastic,DEU
T,Germany,2020,W075,1440288.0,wood,DEU
T,Germany,2020,W077_08,1465159.0,weee + batt + vehicles,DEU
T,Germany,2020,W09,21000996.0,organic waste,DEU
T,Germany,2020,W10,38313118.0,mixed waste,DEU
T,Germany,2020,W11,0.0,common sludges,DEU
T,Germany,2020,W12-13,0.0,mineral waste,DEU
T,Germany,2022,W01-05,66756.0,chemical and medical,DEU
T,Germany,2022,W06,734130.0,metal,DEU
T,Germany,2022,W071,3941872.0,glass,DEU
T,Germany,2022,W072,9406140.0,paper,DEU
T,Germany,2022,W074,260334.0,plastic,DEU
T,Germany,2022,W075,1236742.0,wood,DEU
T,Germany,2022,W077_08,1285666.0,weee + batt + vehicles,DEU
T,Germany,2022,W09,19394920.0,organic waste,DEU
T,Germany,2022,W10,36032152.0,mixed waste,DEU
T,Germany,2022,W11,0.0,common sludges,DEU
T,Germany,2022,W12-13,0.0,mineral waste,DEU
T,Denmark,2004,W01-05,222.0,chemical and medical,DNK
T,Denmark,2004,W071,101064.0,glass,DNK
T,Denmark,2004,W072,249114.0,paper,DNK
T,Denmark,2004,W074,5618.0,plastic,DNK
T,Denmark,2004,W075,419948.0,wood,DNK
T,Denmark,2004,W077_08,4518.0,weee + batt + vehicles,DNK
T,Denmark,2004,W09,0.0,organic waste,DNK
T,Denmark,2004,W10,2963118.0,mixed waste,DNK
T,Denmark,2004,W11,912.0,common sludges,DNK
T,Denmark,2004,W12-13,12.0,mineral waste,DNK
T,Denmark,2006,W01-05,34.0,chemical and medical,DNK
T,Denmark,2006,W071,85390.0,glass,DNK
T,Denmark,2006,W072,184044.0,paper,DNK
T,Denmark,2006,W074,4304.0,plastic,DNK
T,Denmark,2006,W075,530140.0,wood,DNK
T,Denmark,2006,W077_08,4120.0,weee + batt + vehicles,DNK
T,Denmark,2006,W09,0.0,organic waste,DNK
T,Denmark,2006,W10,3089338.0,mixed waste,DNK
T,Denmark,2006,W11,692.0,common sludges,DNK
T,Denmark,2006,W12-13,122.0,mineral waste,DNK
T,Denmark,2008,W01-05,480.0,chemical and medical,DNK
T,Denmark,2008,W071,77871.0,glass,DNK
T,Denmark,2008,W072,194306.0,paper,DNK
T,Denmark,2008,W074,5046.0,plastic,DNK
T,Denmark,2008,W075,473314.0,wood,DNK
T,Denmark,2008,W077_08,63689.0,weee + batt + vehicles,DNK
T,Denmark,2008,W09,0.0,organic waste,DNK
T,Denmark,2008,W10,3113982.0,mixed waste,DNK
T,Denmark,2008,W11,1788.0,common sludges,DNK
T,Denmark,2008,W12-13,0.0,mineral waste,DNK
T,Denmark,2010,W01-05,55724.0,chemical and medical,DNK
T,Denmark,2010,W06,311060.0,metal,DNK
T,Denmark,2010,W071,305810.0,glass,DNK
T,Denmark,2010,W072,465792.0,paper,DNK
T,Denmark,2010,W074,50148.0,plastic,DNK
T,Denmark,2010,W075,173456.0,wood,DNK
T,Denmark,2010,W077_08,124036.0,weee + batt + vehicles,DNK
T,Denmark,2010,W09,994848.0,organic waste,DNK
T,Denmark,2010,W10,4086050.0,mixed waste,DNK
T,Denmark,2010,W11,30902.0,common sludges,DNK
T,Denmark,2010,W12-13,475848.0,mineral waste,DNK
T,Denmark,2012,W01-05,51516.0,chemical and medical,DNK
T,Denmark,2012,W06,193910.0,metal,DNK
T,Denmark,2012,W071,231576.0,glass,DNK
T,Denmark,2012,W072,482864.0,paper,DNK
T,Denmark,2012,W074,50776.0,plastic,DNK
T,Denmark,2012,W075,217148.0,wood,DNK
T,Denmark,2012,W077_08,120310.0,weee + batt + vehicles,DNK
T,Denmark,2012,W09,1211882.0,organic waste,DNK
T,Denmark,2012,W10,4040212.0,mixed waste,DNK
T,Denmark,2012,W11,426.0,common sludges,DNK
T,Denmark,2012,W12-13,32728.0,mineral waste,DNK
T,Denmark,2014,W01-05,27676.0,chemical and medical,DNK
T,Denmark,2014,W06,217980.0,metal,DNK
T,Denmark,2014,W071,231290.0,glass,DNK
T,Denmark,2014,W072,492200.0,paper,DNK
T,Denmark,2014,W074,60116.0,plastic,DNK
T,Denmark,2014,W075,731762.0,wood,DNK
T,Denmark,2014,W077_08,163988.0,weee + batt + vehicles,DNK
T,Denmark,2014,W09,1304816.0,organic waste,DNK
T,Denmark,2014,W10,3883468.0,mixed waste,DNK
T,Denmark,2014,W11,494.0,common sludges,DNK
T,Denmark,2014,W12-13,24478.0,mineral waste,DNK
T,Denmark,2016,W01-05,30984.0,chemical and medical,DNK
T,Denmark,2016,W06,290678.0,metal,DNK
T,Denmark,2016,W071,255476.0,glass,DNK
T,Denmark,2016,W072,535276.0,paper,DNK
T,Denmark,2016,W074,77834.0,plastic,DNK
T,Denmark,2016,W075,400752.0,wood,DNK
T,Denmark,2016,W077_08,176538.0,weee + batt + vehicles,DNK
T,Denmark,2016,W09,1368052.0,organic waste,DNK
T,Denmark,2016,W10,3782402.0,mixed waste,DNK
T,Denmark,2016,W11,408.0,common sludges,DNK
T,Denmark,2016,W12-13,4614.0,mineral waste,DNK
T,Denmark,2018,W01-05,28797.0,chemical and medical,DNK
T,Denmark,2018,W06,288506.0,metal,DNK
T,Denmark,2018,W071,273512.0,glass,DNK
T,Denmark,2018,W072,506994.0,paper,DNK
T,Denmark,2018,W074,99056.0,plastic,DNK
T,Denmark,2018,W075,536369.0,wood,DNK
T,Denmark,2018,W077_08,156080.0,weee + batt + vehicles,DNK
T,Denmark,2018,W09,1550174.0,organic waste,DNK
T,Denmark,2018,W10,3552268.0,mixed waste,DNK
T,Denmark,2018,W11,272.0,common sludges,DNK
T,Denmark,2018,W12-13,3223.0,mineral waste,DNK
T,Denmark,2020,W01-05,33042.0,chemical and medical,DNK
T,Denmark,2020,W06,297514.0,metal,DNK
T,Denmark,2020,W071,296604.0,glass,DNK
T,Denmark,2020,W072,468116.0,paper,DNK
T,Denmark,2020,W074,162820.0,plastic,DNK
T,Denmark,2020,W075,631786.0,wood,DNK
T,Denmark,2020,W077_08,189810.0,weee + batt + vehicles,DNK
T,Denmark,2020,W09,1901402.0,organic waste,DNK
T,Denmark,2020,W10,3220643.0,mixed waste,DNK
T,Denmark,2020,W11,298.0,common sludges,DNK
T,Denmark,2020,W12-13,1485.0,mineral waste,DNK
T,Denmark,2022,W01-05,37708.0,chemical and medical,DNK
T,Denmark,2022,W06,221120.0,metal,DNK
T,Denmark,2022,W071,277726.0,glass,DNK
T,Denmark,2022,W072,421052.0,paper,DNK
T,Denmark,2022,W074,174380.0,plastic,DNK
T,Denmark,2022,W075,477120.0,wood,DNK
T,Denmark,2022,W077_08,120780.0,weee + batt + vehicles,DNK
T,Denmark,2022,W09,1880306.0,organic waste,DNK
T,Denmark,2022,W10,2874975.0,mixed waste,DNK
T,Denmark,2022,W11,1350.0,common sludges,DNK
T,Denmark,2022,W12-13,776.0,mineral waste,DNK
T,Estonia,2004,W01-05,1046.0,chemical and medical,EST
T,Estonia,2004,W071,8978.0,glass,EST
T,Estonia,2004,W072,12000.0,paper,EST
T,Estonia,2004,W074,2910.0,plastic,EST
T,Estonia,2004,W075,7528.0,wood,EST
T,Estonia,2004,W077_08,14446.0,weee + batt + vehicles,EST
T,Estonia,2004,W09,0.0,organic waste,EST
T,Estonia,2004,W10,352518.0,mixed waste,EST
T,Estonia,2004,W11,2898.0,common sludges,EST
T,Estonia,2004,W12-13,4836.0,mineral waste,EST
T,Estonia,2006,W01-05,1040.0,chemical and medical,EST
T,Estonia,2006,W071,7406.0,glass,EST
T,Estonia,2006,W072,15014.0,paper,EST
T,Estonia,2006,W074,888.0,plastic,EST
T,Estonia,2006,W075,7138.0,wood,EST
T,Estonia,2006,W077_08,22654.0,weee + batt + vehicles,EST
T,Estonia,2006,W09,0.0,organic waste,EST
T,Estonia,2006,W10,329578.0,mixed waste,EST
T,Estonia,2006,W11,3812.0,common sludges,EST
T,Estonia,2006,W12-13,288.0,mineral waste,EST
T,Estonia,2008,W01-05,1492.0,chemical and medical,EST
T,Estonia,2008,W071,26698.0,glass,EST
T,Estonia,2008,W072,20974.0,paper,EST
T,Estonia,2008,W074,4250.0,plastic,EST
T,Estonia,2008,W075,7838.0,wood,EST
T,Estonia,2008,W077_08,32563.0,weee + batt + vehicles,EST
T,Estonia,2008,W09,0.0,organic waste,EST
T,Estonia,2008,W10,352302.0,mixed waste,EST
T,Estonia,2008,W11,3064.0,common sludges,EST
T,Estonia,2008,W12-13,232.0,mineral waste,EST
T,Estonia,2010,W01-05,754.0,chemical and medical,EST
T,Estonia,2010,W06,335404.0,metal,EST
T,Estonia,2010,W071,40626.0,glass,EST
T,Estonia,2010,W072,20316.0,paper,EST
T,Estonia,2010,W074,5086.0,plastic,EST
T,Estonia,2010,W075,3910.0,wood,EST
T,Estonia,2010,W077_08,28976.0,weee + batt + vehicles,EST
T,Estonia,2010,W09,16232.0,organic waste,EST
T,Estonia,2010,W10,357522.0,mixed waste,EST
T,Estonia,2010,W11,1534.0,common sludges,EST
T,Estonia,2010,W12-13,44776.0,mineral waste,EST
T,Estonia,2012,W01-05,862.0,chemical and medical,EST
T,Estonia,2012,W06,347028.0,metal,EST
T,Estonia,2012,W071,24194.0,glass,EST
T,Estonia,2012,W072,19476.0,paper,EST
T,Estonia,2012,W074,3348.0,plastic,EST
T,Estonia,2012,W075,10718.0,wood,EST
T,Estonia,2012,W077_08,34645.0,weee + batt + vehicles,EST
T,Estonia,2012,W09,31452.0,organic waste,EST
T,Estonia,2012,W10,353330.0,mixed waste,EST
T,Estonia,2012,W11,142.0,common sludges,EST
T,Estonia,2012,W12-13,41799.0,mineral waste,EST
T,Estonia,2014,W01-05,1873.0,chemical and medical,EST
T,Estonia,2014,W06,324522.0,metal,EST
T,Estonia,2014,W071,14380.0,glass,EST
T,Estonia,2014,W072,33490.0,paper,EST
T,Estonia,2014,W074,6900.0,plastic,EST
T,Estonia,2014,W075,15056.0,wood,EST
T,Estonia,2014,W077_08,35069.0,weee + batt + vehicles,EST
T,Estonia,2014,W09,19364.0,organic waste,EST
T,Estonia,2014,W10,446164.0,mixed waste,EST
T,Estonia,2014,W11,762.0,common sludges,EST
T,Estonia,2014,W12-13,58200.0,mineral waste,EST
T,Estonia,2016,W01-05,1478.0,chemical and medical,EST
T,Estonia,2016,W06,212200.0,metal,EST
T,Estonia,2016,W071,15904.0,glass,EST
T,Estonia,2016,W072,33366.0,paper,EST
T,Estonia,2016,W074,5412.0,plastic,EST
T,Estonia,2016,W075,23718.0,wood,EST
T,Estonia,2016,W077_08,32708.0,weee + batt + vehicles,EST
T,Estonia,2016,W09,22974.0,organic waste,EST
T,Estonia,2016,W10,438336.0,mixed waste,EST
T,Estonia,2016,W11,430.0,common sludges,EST
T,Estonia,2016,W12-13,62656.0,mineral waste,EST
T,Estonia,2018,W01-05,1838.0,chemical and medical,EST
T,Estonia,2018,W06,266946.0,metal,EST
T,Estonia,2018,W071,26330.0,glass,EST
T,Estonia,2018,W072,45726.0,paper,EST
T,Estonia,2018,W074,10340.0,plastic,EST
T,Estonia,2018,W075,38664.0,wood,EST
T,Estonia,2018,W077_08,119276.0,weee + batt + vehicles,EST
T,Estonia,2018,W09,41892.0,organic waste,EST
T,Estonia,2018,W10,449903.0,mixed waste,EST
T,Estonia,2018,W11,1292.0,common sludges,EST
T,Estonia,2018,W12-13,89327.0,mineral waste,EST
T,Estonia,2020,W01-05,2561.0,chemical and medical,EST
T,Estonia,2020,W06,260732.0,metal,EST
T,Estonia,2020,W071,26410.0,glass,EST
T,Estonia,2020,W072,43948.0,paper,EST
T,Estonia,2020,W074,9436.0,plastic,EST
T,Estonia,2020,W075,28878.0,wood,EST
T,Estonia,2020,W077_08,48868.0,weee + batt + vehicles,EST
T,Estonia,2020,W09,34646.0,organic waste,EST
T,Estonia,2020,W10,470341.0,mixed waste,EST
T,Estonia,2020,W11,322.0,common sludges,EST
T,Estonia,2020,W12-13,154947.0,mineral waste,EST
T,Estonia,2022,W01-05,3278.0,chemical and medical,EST
T,Estonia,2022,W06,250378.0,metal,EST
T,Estonia,2022,W071,28830.0,glass,EST
T,Estonia,2022,W072,30804.0,paper,EST
T,Estonia,2022,W074,12158.0,plastic,EST
T,Estonia,2022,W075,42046.0,wood,EST
T,Estonia,2022,W077_08,49498.0,weee + batt + vehicles,EST
T,Estonia,2022,W09,47130.0,organic waste,EST
T,Estonia,2022,W10,300830.0,mixed waste,EST
T,Estonia,2022,W11,422.0,common sludges,EST
T,Estonia,2022,W12-13,124068.0,mineral waste,EST
T,Greece,2004,W01-05,0.0,chemical and medical,GRC
T,Greece,2004,W071,0.0,glass,GRC
T,Greece,2004,W072,0.0,paper,GRC
T,Greece,2004,W074,0.0,plastic,GRC
T,Greece,2004,W075,0.0,wood,GRC
T,Greece,2004,W077_08,0.0,weee + batt + vehicles,GRC
T,Greece,2004,W09,0.0,organic waste,GRC
T,Greece,2004,W10,8425924.0,mixed waste,GRC
T,Greece,2004,W11,0.0,common sludges,GRC
T,Greece,2004,W12-13,0.0,mineral waste,GRC
T,Greece,2006,W01-05,0.0,chemical and medical,GRC
T,Greece,2006,W071,12112.0,glass,GRC
T,Greece,2006,W072,28270.0,paper,GRC
T,Greece,2006,W074,23672.0,plastic,GRC
T,Greece,2006,W075,5426.0,wood,GRC
T,Greece,2006,W077_08,0.0,weee + batt + vehicles,GRC
T,Greece,2006,W09,0.0,organic waste,GRC
T,Greece,2006,W10,8176248.0,mixed waste,GRC
T,Greece,2006,W11,0.0,common sludges,GRC
T,Greece,2006,W12-13,0.0,mineral waste,GRC
T,Greece,2008,W01-05,0.0,chemical and medical,GRC
T,Greece,2008,W071,0.0,glass,GRC
T,Greece,2008,W072,0.0,paper,GRC
T,Greece,2008,W074,0.0,plastic,GRC
T,Greece,2008,W075,0.0,wood,GRC
T,Greece,2008,W077_08,0.0,weee + batt + vehicles,GRC
T,Greece,2008,W09,0.0,organic waste,GRC
T,Greece,2008,W10,7908972.0,mixed waste,GRC
T,Greece,2008,W11,0.0,common sludges,GRC
T,Greece,2008,W12-13,0.0,mineral waste,GRC
T,Greece,2010,W01-05,0.0,chemical and medical,GRC
T,Greece,2010,W06,0.0,metal,GRC
T,Greece,2010,W071,0.0,glass,GRC
T,Greece,2010,W072,0.0,paper,GRC
T,Greece,2010,W074,0.0,plastic,GRC
T,Greece,2010,W075,0.0,wood,GRC
T,Greece,2010,W077_08,88982.0,weee + batt + vehicles,GRC
T,Greece,2010,W09,0.0,organic waste,GRC
T,Greece,2010,W10,10306056.0,mixed waste,GRC
T,Greece,2010,W11,0.0,common sludges,GRC
T,Greece,2010,W12-13,0.0,mineral waste,GRC
T,Greece,2012,W01-05,0.0,chemical and medical,GRC
T,Greece,2012,W06,0.0,metal,GRC
T,Greece,2012,W072,0.0,paper,GRC
T,Greece,2012,W074,0.0,plastic,GRC
T,Greece,2012,W077_08,0.0,weee + batt + vehicles,GRC
T,Greece,2012,W09,0.0,organic waste,GRC
T,Greece,2012,W10,0.0,mixed waste,GRC
T,Greece,2012,W11,0.0,common sludges,GRC
T,Greece,2014,W01-05,0.0,chemical and medical,GRC
T,Greece,2014,W06,0.0,metal,GRC
T,Greece,2014,W072,0.0,paper,GRC
T,Greece,2014,W074,0.0,plastic,GRC
T,Greece,2014,W077_08,0.0,weee + batt + vehicles,GRC
T,Greece,2014,W09,0.0,organic waste,GRC
T,Greece,2014,W10,0.0,mixed waste,GRC
T,Greece,2014,W11,0.0,common sludges,GRC
T,Greece,2016,W01-05,0.0,chemical and medical,GRC
T,Greece,2016,W06,0.0,metal,GRC
T,Greece,2016,W071,0.0,glass,GRC
T,Greece,2016,W072,0.0,paper,GRC
T,Greece,2016,W074,0.0,plastic,GRC
T,Greece,2016,W075,0.0,wood,GRC
T,Greece,2016,W077_08,181694.0,weee + batt + vehicles,GRC
T,Greece,2016,W09,364034.0,organic waste,GRC
T,Greece,2016,W10,9032154.0,mixed waste,GRC
T,Greece,2016,W11,0.0,common sludges,GRC
T,Greece,2016,W12-13,0.0,mineral waste,GRC
T,Greece,2018,W01-05,2352.0,chemical and medical,GRC
T,Greece,2018,W06,16158.0,metal,GRC
T,Greece,2018,W071,27172.0,glass,GRC
T,Greece,2018,W072,59366.0,paper,GRC
T,Greece,2018,W074,21106.0,plastic,GRC
T,Greece,2018,W075,1692.0,wood,GRC
T,Greece,2018,W077_08,13836.0,weee + batt + vehicles,GRC
T,Greece,2018,W09,131062.0,organic waste,GRC
T,Greece,2018,W10,8838036.0,mixed waste,GRC
T,Greece,2018,W11,22.0,common sludges,GRC
T,Greece,2018,W12-13,100038.0,mineral waste,GRC
T,Greece,2020,W01-05,1960.0,chemical and medical,GRC
T,Greece,2020,W06,1586.0,metal,GRC
T,Greece,2020,W071,22034.0,glass,GRC
T,Greece,2020,W072,29952.0,paper,GRC
T,Greece,2020,W074,32230.0,plastic,GRC
T,Greece,2020,W075,1030.0,wood,GRC
T,Greece,2020,W077_08,6896.0,weee + batt + vehicles,GRC
T,Greece,2020,W09,196408.0,organic waste,GRC
T,Greece,2020,W10,8531068.0,mixed waste,GRC
T,Greece,2020,W11,106.0,common sludges,GRC
T,Greece,2020,W12-13,210043.0,mineral waste,GRC
T,Greece,2022,W01-05,2806.0,chemical and medical,GRC
T,Greece,2022,W06,1244.0,metal,GRC
T,Greece,2022,W071,20510.0,glass,GRC
T,Greece,2022,W072,8702.0,paper,GRC
T,Greece,2022,W074,3502.0,plastic,GRC
T,Greece,2022,W075,106.0,wood,GRC
T,Greece,2022,W077_08,8312.0,weee + batt + vehicles,GRC
T,Greece,2022,W09,133524.0,organic waste,GRC
T,Greece,2022,W10,7268158.0,mixed waste,GRC
T,Greece,2022,W11,260.0,common sludges,GRC
T,Greece,2022,W12-13,535114.0,mineral waste,GRC
T,Spain,2004,W01-05,86186.0,chemical and medical,ESP
T,Spain,2004,W071,803080.0,glass,ESP
T,Spain,2004,W072,1396548.0,paper,ESP
T,Spain,2004,W074,265406.0,plastic,ESP
T,Spain,2004,W075,234546.0,wood,ESP
T,Spain,2004,W077_08,307786.0,weee + batt + vehicles,ESP
T,Spain,2004,W09,23716.0,organic waste,ESP
T,Spain,2004,W10,40242000.0,mixed waste,ESP
T,Spain,2004,W11,93112.0,common sludges,ESP
T,Spain,2004,W12-13,746.0,mineral waste,ESP
T,Spain,2006,W01-05,93488.0,chemical and medical,ESP
T,Spain,2006,W071,1104228.0,glass,ESP
T,Spain,2006,W072,1649742.0,paper,ESP
T,Spain,2006,W074,218766.0,plastic,ESP
T,Spain,2006,W075,131494.0,wood,ESP
T,Spain,2006,W077_08,182778.0,weee + batt + vehicles,ESP
T,Spain,2006,W09,6104.0,organic waste,ESP
T,Spain,2006,W10,40803442.0,mixed waste,ESP
T,Spain,2006,W11,125782.0,common sludges,ESP
T,Spain,2006,W12-13,0.0,mineral waste,ESP
T,Spain,2008,W01-05,5790.0,chemical and medical,ESP
T,Spain,2008,W071,1053858.0,glass,ESP
T,Spain,2008,W072,2196748.0,paper,ESP
T,Spain,2008,W074,367896.0,plastic,ESP
T,Spain,2008,W075,242118.0,wood,ESP
T,Spain,2008,W077_08,223752.0,weee + batt + vehicles,ESP
T,Spain,2008,W09,0.0,organic waste,ESP
T,Spain,2008,W10,41824218.0,mixed waste,ESP
T,Spain,2008,W11,61022.0,common sludges,ESP
T,Spain,2008,W12-13,0.0,mineral waste,ESP
T,Spain,2010,W01-05,4740.0,chemical and medical,ESP
T,Spain,2010,W06,112830.0,metal,ESP
T,Spain,2010,W071,1219670.0,glass,ESP
T,Spain,2010,W072,2448076.0,paper,ESP
T,Spain,2010,W074,370998.0,plastic,ESP
T,Spain,2010,W075,384106.0,wood,ESP
T,Spain,2010,W077_08,204590.0,weee + batt + vehicles,ESP
T,Spain,2010,W09,1116860.0,organic waste,ESP
T,Spain,2010,W10,39767950.0,mixed waste,ESP
T,Spain,2010,W11,0.0,common sludges,ESP
T,Spain,2010,W12-13,746772.0,mineral waste,ESP
T,Spain,2012,W01-05,13354.0,chemical and medical,ESP
T,Spain,2012,W06,69280.0,metal,ESP
T,Spain,2012,W071,1283630.0,glass,ESP
T,Spain,2012,W072,1695434.0,paper,ESP
T,Spain,2012,W074,215048.0,plastic,ESP
T,Spain,2012,W075,261018.0,wood,ESP
T,Spain,2012,W077_08,105146.0,weee + batt + vehicles,ESP
T,Spain,2012,W09,1095128.0,organic waste,ESP
T,Spain,2012,W10,36790762.0,mixed waste,ESP
T,Spain,2012,W11,0.0,common sludges,ESP
T,Spain,2012,W12-13,877850.0,mineral waste,ESP
T,Spain,2014,W01-05,13758.0,chemical and medical,ESP
T,Spain,2014,W06,45196.0,metal,ESP
T,Spain,2014,W071,1244598.0,glass,ESP
T,Spain,2014,W072,1525702.0,paper,ESP
T,Spain,2014,W074,79782.0,plastic,ESP
T,Spain,2014,W075,177166.0,wood,ESP
T,Spain,2014,W077_08,147082.0,weee + batt + vehicles,ESP
T,Spain,2014,W09,1079370.0,organic waste,ESP
T,Spain,2014,W10,35002370.0,mixed waste,ESP
T,Spain,2014,W11,0.0,common sludges,ESP
T,Spain,2014,W12-13,919258.0,mineral waste,ESP
T,Spain,2016,W01-05,8476.0,chemical and medical,ESP
T,Spain,2016,W06,40752.0,metal,ESP
T,Spain,2016,W071,1595856.0,glass,ESP
T,Spain,2016,W072,2042332.0,paper,ESP
T,Spain,2016,W074,50238.0,plastic,ESP
T,Spain,2016,W075,190162.0,wood,ESP
T,Spain,2016,W077_08,95978.0,weee + batt + vehicles,ESP
T,Spain,2016,W09,1193970.0,organic waste,ESP
T,Spain,2016,W10,37501594.0,mixed waste,ESP
T,Spain,2016,W11,0.0,common sludges,ESP
T,Spain,2016,W12-13,590160.0,mineral waste,ESP
T,Spain,2018,W01-05,18544.0,chemical and medical,ESP
T,Spain,2018,W06,55750.0,metal,ESP
T,Spain,2018,W071,1669528.0,glass,ESP
T,Spain,2018,W072,2134770.0,paper,ESP
T,Spain,2018,W074,48100.0,plastic,ESP
T,Spain,2018,W075,272306.0,wood,ESP
T,Spain,2018,W077_08,121246.0,weee + batt + vehicles,ESP
T,Spain,2018,W09,2020034.0,organic waste,ESP
T,Spain,2018,W10,38032462.0,mixed waste,ESP
T,Spain,2018,W11,0.0,common sludges,ESP
T,Spain,2018,W12-13,945096.0,mineral waste,ESP
T,Spain,2020,W01-05,8714.0,chemical and medical,ESP
T,Spain,2020,W06,46102.0,metal,ESP
T,Spain,2020,W071,1657730.0,glass,ESP
T,Spain,2020,W072,2680034.0,paper,ESP
T,Spain,2020,W074,17426.0,plastic,ESP
T,Spain,2020,W075,275066.0,wood,ESP
T,Spain,2020,W077_08,359677.0,weee + batt + vehicles,ESP
T,Spain,2020,W09,2506424.0,organic waste,ESP
T,Spain,2020,W10,36434998.0,mixed waste,ESP
T,Spain,2020,W11,0.0,common sludges,ESP
T,Spain,2020,W12-13,903304.0,mineral waste,ESP
T,Spain,2022,W01-05,9976.0,chemical and medical,ESP
T,Spain,2022,W06,48384.0,metal,ESP
T,Spain,2022,W071,1868312.0,glass,ESP
T,Spain,2022,W072,2986900.0,paper,ESP
T,Spain,2022,W074,48586.0,plastic,ESP
T,Spain,2022,W075,330080.0,wood,ESP
T,Spain,2022,W077_08,418671.0,weee + batt + vehicles,ESP
T,Spain,2022,W09,2932712.0,organic waste,ESP
T,Spain,2022,W10,37581016.0,mixed waste,ESP
T,Spain,2022,W11,0.0,common sludges,ESP
T,Spain,2022,W12-13,993026.0,mineral waste,ESP
T,European Union - 27 countries (from 2020),2004,W01-05,440000.0,chemical and medical,EU27_2020
T,European Union - 27 countries (from 2020),2004,W071,14180000.0,glass,EU27_2020
T,European Union - 27 countries (from 2020),2004,W072,28440000.0,paper,EU27_2020
T,European Union - 27 countries (from 2020),2004,W074,3020000.0,plastic,EU27_2020
T,European Union - 27 countries (from 2020),2004,W075,3980000.0,wood,EU27_2020
T,European Union - 27 countries (from 2020),2004,W077_08,2530000.0,weee + batt + vehicles,EU27_2020
T,European Union - 27 countries (from 2020),2004,W09,20000.0,organic waste,EU27_2020
T,European Union - 27 countries (from 2020),2004,W10,259940000.0,mixed waste,EU27_2020
T,European Union - 27 countries (from 2020),2004,W11,320000.0,common sludges,EU27_2020
T,European Union - 27 countries (from 2020),2004,W12-13,20000.0,mineral waste,EU27_2020
T,European Union - 27 countries (from 2020),2006,W01-05,560000.0,chemical and medical,EU27_2020
T,European Union - 27 countries (from 2020),2006,W071,12860000.0,glass,EU27_2020
T,European Union - 27 countries (from 2020),2006,W072,29800000.0,paper,EU27_2020
T,European Union - 27 countries (from 2020),2006,W074,4180000.0,plastic,EU27_2020
T,European Union - 27 countries (from 2020),2006,W075,4940000.0,wood,EU27_2020
T,European Union - 27 countries (from 2020),2006,W077_08,3410000.0,weee + batt + vehicles,EU27_2020
T,European Union - 27 countries (from 2020),2006,W09,0.0,organic waste,EU27_2020
T,European Union - 27 countries (from 2020),2006,W10,258680000.0,mixed waste,EU27_2020
T,European Union - 27 countries (from 2020),2006,W11,340000.0,common sludges,EU27_2020
T,European Union - 27 countries (from 2020),2006,W12-13,620000.0,mineral waste,EU27_2020
T,European Union - 27 countries (from 2020),2008,W01-05,320000.0,chemical and medical,EU27_2020
T,European Union - 27 countries (from 2020),2008,W071,13840000.0,glass,EU27_2020
T,European Union - 27 countries (from 2020),2008,W072,31760000.0,paper,EU27_2020
T,European Union - 27 countries (from 2020),2008,W074,3720000.0,plastic,EU27_2020
T,European Union - 27 countries (from 2020),2008,W075,5470000.0,wood,EU27_2020
T,European Union - 27 countries (from 2020),2008,W077_08,3840000.0,weee + batt + vehicles,EU27_2020
T,European Union - 27 countries (from 2020),2008,W09,0.0,organic waste,EU27_2020
T,European Union - 27 countries (from 2020),2008,W10,257180000.0,mixed waste,EU27_2020
T,European Union - 27 countries (from 2020),2008,W11,260000.0,common sludges,EU27_2020
T,European Union - 27 countries (from 2020),2008,W12-13,0.0,mineral waste,EU27_2020
T,European Union - 27 countries (from 2020),2010,W01-05,170000.0,chemical and medical,EU27_2020
T,European Union - 27 countries (from 2020),2010,W06,3630000.0,metal,EU27_2020
T,European Union - 27 countries (from 2020),2010,W071,8220000.0,glass,EU27_2020
T,European Union - 27 countries (from 2020),2010,W072,16010000.0,paper,EU27_2020
T,European Union - 27 countries (from 2020),2010,W074,2070000.0,plastic,EU27_2020
T,European Union - 27 countries (from 2020),2010,W075,3280000.0,wood,EU27_2020
T,European Union - 27 countries (from 2020),2010,W077_08,2930000.0,weee + batt + vehicles,EU27_2020
T,European Union - 27 countries (from 2020),2010,W09,22250000.0,organic waste,EU27_2020
T,European Union - 27 countries (from 2020),2010,W10,248600000.0,mixed waste,EU27_2020
T,European Union - 27 countries (from 2020),2010,W11,250000.0,common sludges,EU27_2020
T,European Union - 27 countries (from 2020),2010,W12-13,3280000.0,mineral waste,EU27_2020
T,European Union - 27 countries (from 2020),2012,W01-05,80000.0,chemical and medical,EU27_2020
T,European Union - 27 countries (from 2020),2012,W06,0.0,metal,EU27_2020
T,European Union - 27 countries (from 2020),2012,W072,0.0,paper,EU27_2020
T,European Union - 27 countries (from 2020),2012,W074,0.0,plastic,EU27_2020
T,European Union - 27 countries (from 2020),2012,W077_08,1180000.0,weee + batt + vehicles,EU27_2020
T,European Union - 27 countries (from 2020),2012,W09,0.0,organic waste,EU27_2020
T,European Union - 27 countries (from 2020),2012,W10,20000.0,mixed waste,EU27_2020
T,European Union - 27 countries (from 2020),2012,W11,120000.0,common sludges,EU27_2020
T,European Union - 27 countries (from 2020),2012,W12-13,100000.0,mineral waste,EU27_2020
T,European Union - 27 countries (from 2020),2014,W01-05,90000.0,chemical and medical,EU27_2020
T,European Union - 27 countries (from 2020),2014,W06,0.0,metal,EU27_2020
T,European Union - 27 countries (from 2020),2014,W072,0.0,paper,EU27_2020
T,European Union - 27 countries (from 2020),2014,W074,0.0,plastic,EU27_2020
T,European Union - 27 countries (from 2020),2014,W077_08,160000.0,weee + batt + vehicles,EU27_2020
T,European Union - 27 countries (from 2020),2014,W09,0.0,organic waste,EU27_2020
T,European Union - 27 countries (from 2020),2014,W10,50000.0,mixed waste,EU27_2020
T,European Union - 27 countries (from 2020),2014,W11,240000.0,common sludges,EU27_2020
T,European Union - 27 countries (from 2020),2014,W12-13,90000.0,mineral waste,EU27_2020
T,European Union - 27 countries (from 2020),2016,W01-05,220000.0,chemical and medical,EU27_2020
T,European Union - 27 countries (from 2020),2016,W06,4350000.0,metal,EU27_2020
T,European Union - 27 countries (from 2020),2016,W071,16980000.0,glass,EU27_2020
T,European Union - 27 countries (from 2020),2016,W072,30720000.0,paper,EU27_2020
T,European Union - 27 countries (from 2020),2016,W074,5800000.0,plastic,EU27_2020
T,European Union - 27 countries (from 2020),2016,W075,4330000.0,wood,EU27_2020
T,European Union - 27 countries (from 2020),2016,W077_08,5590000.0,weee + batt + vehicles,EU27_2020
T,European Union - 27 countries (from 2020),2016,W09,48940000.0,organic waste,EU27_2020
T,European Union - 27 countries (from 2020),2016,W10,223600000.0,mixed waste,EU27_2020
T,European Union - 27 countries (from 2020),2016,W11,110000.0,common sludges,EU27_2020
T,European Union - 27 countries (from 2020),2016,W12-13,5510000.0,mineral waste,EU27_2020
T,European Union - 27 countries (from 2020),2018,W01-05,310000.0,chemical and medical,EU27_2020
T,European Union - 27 countries (from 2020),2018,W06,8400000.0,metal,EU27_2020
T,European Union - 27 countries (from 2020),2018,W071,18140000.0,glass,EU27_2020
T,European Union - 27 countries (from 2020),2018,W072,32480000.0,paper,EU27_2020
T,European Union - 27 countries (from 2020),2018,W074,6560000.0,plastic,EU27_2020
T,European Union - 27 countries (from 2020),2018,W075,9740000.0,wood,EU27_2020
T,European Union - 27 countries (from 2020),2018,W077_08,8670000.0,weee + batt + vehicles,EU27_2020
T,European Union - 27 countries (from 2020),2018,W09,43260000.0,organic waste,EU27_2020
T,European Union - 27 countries (from 2020),2018,W10,225240000.0,mixed waste,EU27_2020
T,European Union - 27 countries (from 2020),2018,W11,260000.0,common sludges,EU27_2020
T,European Union - 27 countries (from 2020),2018,W12-13,12240000.0,mineral waste,EU27_2020
T,European Union - 27 countries (from 2020),2020,W01-05,420000.0,chemical and medical,EU27_2020
T,European Union - 27 countries (from 2020),2020,W06,9080000.0,metal,EU27_2020
T,European Union - 27 countries (from 2020),2020,W071,19820000.0,glass,EU27_2020
T,European Union - 27 countries (from 2020),2020,W072,31380000.0,paper,EU27_2020
T,European Union - 27 countries (from 2020),2020,W074,7600000.0,plastic,EU27_2020
T,European Union - 27 countries (from 2020),2020,W075,10200000.0,wood,EU27_2020
T,European Union - 27 countries (from 2020),2020,W077_08,8850000.0,weee + batt + vehicles,EU27_2020
T,European Union - 27 countries (from 2020),2020,W09,67120000.0,organic waste,EU27_2020
T,European Union - 27 countries (from 2020),2020,W10,227530000.0,mixed waste,EU27_2020
T,European Union - 27 countries (from 2020),2020,W11,460000.0,common sludges,EU27_2020
T,European Union - 27 countries (from 2020),2020,W12-13,14850000.0,mineral waste,EU27_2020
T,European Union - 27 countries (from 2020),2022,W01-05,400000.0,chemical and medical,EU27_2020
T,European Union - 27 countries (from 2020),2022,W06,7860000.0,metal,EU27_2020
T,European Union - 27 countries (from 2020),2022,W071,20480000.0,glass,EU27_2020
T,European Union - 27 countries (from 2020),2022,W072,32000000.0,paper,EU27_2020
T,European Union - 27 countries (from 2020),2022,W074,8040000.0,plastic,EU27_2020
T,European Union - 27 countries (from 2020),2022,W075,9690000.0,wood,EU27_2020
T,European Union - 27 countries (from 2020),2022,W077_08,8300000.0,weee + batt + vehicles,EU27_2020
T,European Union - 27 countries (from 2020),2022,W09,67100000.0,organic waste,EU27_2020
T,European Union - 27 countries (from 2020),2022,W10,221300000.0,mixed waste,EU27_2020
T,European Union - 27 countries (from 2020),2022,W11,180000.0,common sludges,EU27_2020
T,European Union - 27 countries (from 2020),2022,W12-13,14280000.0,mineral waste,EU27_2020
T,European Union - 28 countries (2013-2020),2004,W01-05,480000.0,chemical and medical,
T,European Union - 28 countries (2013-2020),2004,W071,15760000.0,glass,
T,European Union - 28 countries (2013-2020),2004,W072,32560000.0,paper,
T,European Union - 28 countries (2013-2020),2004,W074,3260000.0,plastic,
T,European Union - 28 countries (2013-2020),2004,W075,4780000.0,wood,
T,European Union - 28 countries (2013-2020),2004,W077_08,4460000.0,weee + batt + vehicles,
T,European Union - 28 countries (2013-2020),2004,W09,20000.0,organic waste,
T,European Union - 28 countries (2013-2020),2004,W10,308860000.0,mixed waste,
T,European Union - 28 countries (2013-2020),2004,W11,320000.0,common sludges,
T,European Union - 28 countries (2013-2020),2004,W12-13,40000.0,mineral waste,
T,European Union - 28 countries (2013-2020),2006,W01-05,580000.0,chemical and medical,
T,European Union - 28 countries (2013-2020),2006,W071,14760000.0,glass,
T,European Union - 28 countries (2013-2020),2006,W072,33540000.0,paper,
T,European Union - 28 countries (2013-2020),2006,W074,4340000.0,plastic,
T,European Union - 28 countries (2013-2020),2006,W075,6020000.0,wood,
T,European Union - 28 countries (2013-2020),2006,W077_08,5790000.0,weee + batt + vehicles,
T,European Union - 28 countries (2013-2020),2006,W09,0.0,organic waste,
T,European Union - 28 countries (2013-2020),2006,W10,304860000.0,mixed waste,
T,European Union - 28 countries (2013-2020),2006,W11,340000.0,common sludges,
T,European Union - 28 countries (2013-2020),2006,W12-13,620000.0,mineral waste,
T,European Union - 28 countries (2013-2020),2008,W01-05,400000.0,chemical and medical,
T,European Union - 28 countries (2013-2020),2008,W071,16020000.0,glass,
T,European Union - 28 countries (2013-2020),2008,W072,35360000.0,paper,
T,European Union - 28 countries (2013-2020),2008,W074,3920000.0,plastic,
T,European Union - 28 countries (2013-2020),2008,W075,6570000.0,wood,
T,European Union - 28 countries (2013-2020),2008,W077_08,6250000.0,weee + batt + vehicles,
T,European Union - 28 countries (2013-2020),2008,W09,0.0,organic waste,
T,European Union - 28 countries (2013-2020),2008,W10,299520000.0,mixed waste,
T,European Union - 28 countries (2013-2020),2008,W11,260000.0,common sludges,
T,European Union - 28 countries (2013-2020),2008,W12-13,0.0,mineral waste,
T,European Union - 28 countries (2013-2020),2010,W01-05,190000.0,chemical and medical,
T,European Union - 28 countries (2013-2020),2010,W06,4140000.0,metal,
T,European Union - 28 countries (2013-2020),2010,W071,9580000.0,glass,
T,European Union - 28 countries (2013-2020),2010,W072,18920000.0,paper,
T,European Union - 28 countries (2013-2020),2010,W074,2410000.0,plastic,
T,European Union - 28 countries (2013-2020),2010,W075,4020000.0,wood,
T,European Union - 28 countries (2013-2020),2010,W077_08,3290000.0,weee + batt + vehicles,
T,European Union - 28 countries (2013-2020),2010,W09,26550000.0,organic waste,
T,European Union - 28 countries (2013-2020),2010,W10,281560000.0,mixed waste,
T,European Union - 28 countries (2013-2020),2010,W11,250000.0,common sludges,
T,European Union - 28 countries (2013-2020),2010,W12-13,3560000.0,mineral waste,
T,European Union - 28 countries (2013-2020),2012,W01-05,230000.0,chemical and medical,
T,European Union - 28 countries (2013-2020),2012,W06,6360000.0,metal,
T,European Union - 28 countries (2013-2020),2012,W071,19040000.0,glass,
T,European Union - 28 countries (2013-2020),2012,W072,37060000.0,paper,
T,European Union - 28 countries (2013-2020),2012,W074,5760000.0,plastic,
T,European Union - 28 countries (2013-2020),2012,W075,4200000.0,wood,
T,European Union - 28 countries (2013-2020),2012,W077_08,5430000.0,weee + batt + vehicles,
T,European Union - 28 countries (2013-2020),2012,W09,28730000.0,organic waste,
T,European Union - 28 countries (2013-2020),2012,W10,266260000.0,mixed waste,
T,European Union - 28 countries (2013-2020),2012,W11,120000.0,common sludges,
T,European Union - 28 countries (2013-2020),2012,W12-13,2280000.0,mineral waste,
T,European Union - 28 countries (2013-2020),2014,W01-05,370000.0,chemical and medical,
T,European Union - 28 countries (2013-2020),2014,W06,5210000.0,metal,
T,European Union - 28 countries (2013-2020),2014,W071,18920000.0,glass,
T,European Union - 28 countries (2013-2020),2014,W072,35840000.0,paper,
T,European Union - 28 countries (2013-2020),2014,W074,6200000.0,plastic,
T,European Union - 28 countries (2013-2020),2014,W075,5020000.0,wood,
T,European Union - 28 countries (2013-2020),2014,W077_08,4870000.0,weee + batt + vehicles,
T,European Union - 28 countries (2013-2020),2014,W09,55210000.0,organic waste,
T,European Union - 28 countries (2013-2020),2014,W10,257300000.0,mixed waste,
T,European Union - 28 countries (2013-2020),2014,W11,240000.0,common sludges,
T,European Union - 28 countries (2013-2020),2014,W12-13,2360000.0,mineral waste,
T,European Union - 28 countries (2013-2020),2016,W01-05,480000.0,chemical and medical,
T,European Union - 28 countries (2013-2020),2016,W06,6360000.0,metal,
T,European Union - 28 countries (2013-2020),2016,W071,19840000.0,glass,
T,European Union - 28 countries (2013-2020),2016,W072,36240000.0,paper,
T,European Union - 28 countries (2013-2020),2016,W074,6820000.0,plastic,
T,European Union - 28 countries (2013-2020),2016,W075,10270000.0,wood,
T,European Union - 28 countries (2013-2020),2016,W077_08,7610000.0,weee + batt + vehicles,
T,European Union - 28 countries (2013-2020),2016,W09,66540000.0,organic waste,
T,European Union - 28 countries (2013-2020),2016,W10,260280000.0,mixed waste,
T,European Union - 28 countries (2013-2020),2016,W11,220000.0,common sludges,
T,European Union - 28 countries (2013-2020),2016,W12-13,11020000.0,mineral waste,
T,European Union - 28 countries (2013-2020),2018,W01-05,360000.0,chemical and medical,
T,European Union - 28 countries (2013-2020),2018,W06,9540000.0,metal,
T,European Union - 28 countries (2013-2020),2018,W071,21000000.0,glass,
T,European Union - 28 countries (2013-2020),2018,W072,37860000.0,paper,
T,European Union - 28 countries (2013-2020),2018,W074,7620000.0,plastic,
T,European Union - 28 countries (2013-2020),2018,W075,11500000.0,wood,
T,European Union - 28 countries (2013-2020),2018,W077_08,9330000.0,weee + batt + vehicles,
T,European Union - 28 countries (2013-2020),2018,W09,51420000.0,organic waste,
T,European Union - 28 countries (2013-2020),2018,W10,255400000.0,mixed waste,
T,European Union - 28 countries (2013-2020),2018,W11,260000.0,common sludges,
T,European Union - 28 countries (2013-2020),2018,W12-13,12240000.0,mineral waste,
T,Finland,2004,W01-05,3610.0,chemical and medical,FIN
T,Finland,2004,W071,109490.0,glass,FIN
T,Finland,2004,W072,410000.0,paper,FIN
T,Finland,2004,W074,23058.0,plastic,FIN
T,Finland,2004,W075,47492.0,wood,FIN
T,Finland,2004,W077_08,17058.0,weee + batt + vehicles,FIN
T,Finland,2004,W09,0.0,organic waste,FIN
T,Finland,2004,W10,1559218.0,mixed waste,FIN
T,Finland,2004,W11,0.0,common sludges,FIN
T,Finland,2004,W12-13,0.0,mineral waste,FIN
T,Finland,2006,W01-05,2368.0,chemical and medical,FIN
T,Finland,2006,W071,126072.0,glass,FIN
T,Finland,2006,W072,392246.0,paper,FIN
T,Finland,2006,W074,25828.0,plastic,FIN
T,Finland,2006,W075,28908.0,wood,FIN
T,Finland,2006,W077_08,41044.0,weee + batt + vehicles,FIN
T,Finland,2006,W09,0.0,organic waste,FIN
T,Finland,2006,W10,1545174.0,mixed waste,FIN
T,Finland,2006,W11,0.0,common sludges,FIN
T,Finland,2006,W12-13,0.0,mineral waste,FIN
T,Finland,2008,W01-05,708.0,chemical and medical,FIN
T,Finland,2008,W071,106600.0,glass,FIN
T,Finland,2008,W072,453800.0,paper,FIN
T,Finland,2008,W074,45600.0,plastic,FIN
T,Finland,2008,W075,124800.0,wood,FIN
T,Finland,2008,W077_08,71710.0,weee + batt + vehicles,FIN
T,Finland,2008,W09,0.0,organic waste,FIN
T,Finland,2008,W10,2127182.0,mixed waste,FIN
T,Finland,2008,W11,0.0,common sludges,FIN
T,Finland,2008,W12-13,0.0,mineral waste,FIN
T,Finland,2010,W01-05,0.0,chemical and medical,FIN
T,Finland,2010,W06,19556.0,metal,FIN
T,Finland,2010,W071,86374.0,glass,FIN
T,Finland,2010,W072,494134.0,paper,FIN
T,Finland,2010,W074,18926.0,plastic,FIN
T,Finland,2010,W075,45392.0,wood,FIN
T,Finland,2010,W077_08,375400.0,weee + batt + vehicles,FIN
T,Finland,2010,W09,336948.0,organic waste,FIN
T,Finland,2010,W10,1724178.0,mixed waste,FIN
T,Finland,2010,W11,260618.0,common sludges,FIN
T,Finland,2010,W12-13,0.0,mineral waste,FIN
T,Finland,2012,W01-05,9840.0,chemical and medical,FIN
T,Finland,2012,W06,176080.0,metal,FIN
T,Finland,2012,W071,140418.0,glass,FIN
T,Finland,2012,W072,413180.0,paper,FIN
T,Finland,2012,W074,3956.0,plastic,FIN
T,Finland,2012,W075,69732.0,wood,FIN
T,Finland,2012,W077_08,387760.0,weee + batt + vehicles,FIN
T,Finland,2012,W09,330330.0,organic waste,FIN
T,Finland,2012,W10,1922224.0,mixed waste,FIN
T,Finland,2012,W11,0.0,common sludges,FIN
T,Finland,2012,W12-13,0.0,mineral waste,FIN
T,Finland,2014,W01-05,0.0,chemical and medical,FIN
T,Finland,2014,W06,62972.0,metal,FIN
T,Finland,2014,W071,9994.0,glass,FIN
T,Finland,2014,W072,406794.0,paper,FIN
T,Finland,2014,W074,57118.0,plastic,FIN
T,Finland,2014,W075,56946.0,wood,FIN
T,Finland,2014,W077_08,330136.0,weee + batt + vehicles,FIN
T,Finland,2014,W09,445084.0,organic waste,FIN
T,Finland,2014,W10,1836874.0,mixed waste,FIN
T,Finland,2014,W11,0.0,common sludges,FIN
T,Finland,2014,W12-13,0.0,mineral waste,FIN
T,Finland,2016,W01-05,0.0,chemical and medical,FIN
T,Finland,2016,W06,226686.0,metal,FIN
T,Finland,2016,W071,108300.0,glass,FIN
T,Finland,2016,W072,143272.0,paper,FIN
T,Finland,2016,W074,55228.0,plastic,FIN
T,Finland,2016,W075,58528.0,wood,FIN
T,Finland,2016,W077_08,316906.0,weee + batt + vehicles,FIN
T,Finland,2016,W09,522082.0,organic waste,FIN
T,Finland,2016,W10,2152316.0,mixed waste,FIN
T,Finland,2016,W11,0.0,common sludges,FIN
T,Finland,2016,W12-13,0.0,mineral waste,FIN
T,Finland,2018,W01-05,982.0,chemical and medical,FIN
T,Finland,2018,W06,179832.0,metal,FIN
T,Finland,2018,W071,125792.0,glass,FIN
T,Finland,2018,W072,583300.0,paper,FIN
T,Finland,2018,W074,75000.0,plastic,FIN
T,Finland,2018,W075,135542.0,wood,FIN
T,Finland,2018,W077_08,331310.0,weee + batt + vehicles,FIN
T,Finland,2018,W09,603574.0,organic waste,FIN
T,Finland,2018,W10,2033052.0,mixed waste,FIN
T,Finland,2018,W11,5266.0,common sludges,FIN
T,Finland,2018,W12-13,0.0,mineral waste,FIN
T,Finland,2020,W01-05,2376.0,chemical and medical,FIN
T,Finland,2020,W06,174008.0,metal,FIN
T,Finland,2020,W071,110018.0,glass,FIN
T,Finland,2020,W072,715146.0,paper,FIN
T,Finland,2020,W074,139288.0,plastic,FIN
T,Finland,2020,W075,143906.0,wood,FIN
T,Finland,2020,W077_08,369792.0,weee + batt + vehicles,FIN
T,Finland,2020,W09,740094.0,organic waste,FIN
T,Finland,2020,W10,2555606.0,mixed waste,FIN
T,Finland,2020,W11,0.0,common sludges,FIN
T,Finland,2020,W12-13,0.0,mineral waste,FIN
T,Finland,2022,W01-05,2734.0,chemical and medical,FIN
T,Finland,2022,W06,48740.0,metal,FIN
T,Finland,2022,W071,114098.0,glass,FIN
T,Finland,2022,W072,439376.0,paper,FIN
T,Finland,2022,W074,89772.0,plastic,FIN
T,Finland,2022,W075,83356.0,wood,FIN
T,Finland,2022,W077_08,339362.0,weee + batt + vehicles,FIN
T,Finland,2022,W09,506462.0,organic waste,FIN
T,Finland,2022,W10,1726022.0,mixed waste,FIN
T,Finland,2022,W11,0.0,common sludges,FIN
T,Finland,2022,W12-13,680.0,mineral waste,FIN
T,France,2004,W01-05,76400.0,chemical and medical,FRA
T,France,2004,W071,2932000.0,glass,FRA
T,France,2004,W072,2077000.0,paper,FRA
T,France,2004,W074,314000.0,plastic,FRA
T,France,2004,W075,0.0,wood,FRA
T,France,2004,W077_08,18000.0,weee + batt + vehicles,FRA
T,France,2004,W09,0.0,organic waste,FRA
T,France,2004,W10,39636000.0,mixed waste,FRA
T,France,2004,W11,0.0,common sludges,FRA
T,France,2004,W12-13,0.0,mineral waste,FRA
T,France,2006,W01-05,63400.0,chemical and medical,FRA
T,France,2006,W071,2984800.0,glass,FRA
T,France,2006,W072,2221600.0,paper,FRA
T,France,2006,W074,353000.0,plastic,FRA
T,France,2006,W075,0.0,wood,FRA
T,France,2006,W077_08,73600.0,weee + batt + vehicles,FRA
T,France,2006,W09,0.0,organic waste,FRA
T,France,2006,W10,40883000.0,mixed waste,FRA
T,France,2006,W11,0.0,common sludges,FRA
T,France,2006,W12-13,0.0,mineral waste,FRA
T,France,2008,W01-05,108120.0,chemical and medical,FRA
T,France,2008,W071,3337600.0,glass,FRA
T,France,2008,W072,2492860.0,paper,FRA
T,France,2008,W074,361880.0,plastic,FRA
T,France,2008,W075,0.0,wood,FRA
T,France,2008,W077_08,189820.0,weee + batt + vehicles,FRA
T,France,2008,W09,0.0,organic waste,FRA
T,France,2008,W10,38936000.0,mixed waste,FRA
T,France,2008,W11,0.0,common sludges,FRA
T,France,2008,W12-13,0.0,mineral waste,FRA
T,France,2010,W01-05,28870.0,chemical and medical,FRA
T,France,2010,W06,1272262.0,metal,FRA
T,France,2010,W071,3412370.0,glass,FRA
T,France,2010,W072,2785578.0,paper,FRA
T,France,2010,W074,381800.0,plastic,FRA
T,France,2010,W075,1249550.0,wood,FRA
T,France,2010,W077_08,456748.0,weee + batt + vehicles,FRA
T,France,2010,W09,7542556.0,organic waste,FRA
T,France,2010,W10,36085806.0,mixed waste,FRA
T,France,2010,W11,0.0,common sludges,FRA
T,France,2010,W12-13,0.0,mineral waste,FRA
T,France,2012,W01-05,38764.0,chemical and medical,FRA
T,France,2012,W06,1244684.0,metal,FRA
T,France,2012,W071,3490230.0,glass,FRA
T,France,2012,W072,3394560.0,paper,FRA
T,France,2012,W074,577200.0,plastic,FRA
T,France,2012,W075,1680762.0,wood,FRA
T,France,2012,W077_08,445162.0,weee + batt + vehicles,FRA
T,France,2012,W09,7407846.0,organic waste,FRA
T,France,2012,W10,35314816.0,mixed waste,FRA
T,France,2012,W11,0.0,common sludges,FRA
T,France,2012,W12-13,0.0,mineral waste,FRA
T,France,2014,W01-05,24874.0,chemical and medical,FRA
T,France,2014,W06,727404.0,metal,FRA
T,France,2014,W071,3467306.0,glass,FRA
T,France,2014,W072,3190000.0,paper,FRA
T,France,2014,W074,502000.0,plastic,FRA
T,France,2014,W075,1833620.0,wood,FRA
T,France,2014,W077_08,463502.0,weee + batt + vehicles,FRA
T,France,2014,W09,7393526.0,organic waste,FRA
T,France,2014,W10,33278346.0,mixed waste,FRA
T,France,2014,W11,0.0,common sludges,FRA
T,France,2014,W12-13,0.0,mineral waste,FRA
T,France,2016,W01-05,26376.0,chemical and medical,FRA
T,France,2016,W06,1138318.0,metal,FRA
T,France,2016,W071,3103820.0,glass,FRA
T,France,2016,W072,3160560.0,paper,FRA
T,France,2016,W074,564000.0,plastic,FRA
T,France,2016,W075,1959352.0,wood,FRA
T,France,2016,W077_08,1534336.0,weee + batt + vehicles,FRA
T,France,2016,W09,7613558.0,organic waste,FRA
T,France,2016,W10,33032700.0,mixed waste,FRA
T,France,2016,W11,0.0,common sludges,FRA
T,France,2016,W12-13,5612902.0,mineral waste,FRA
T,France,2018,W01-05,73000.0,chemical and medical,FRA
T,France,2018,W06,1337308.0,metal,FRA
T,France,2018,W071,3206986.0,glass,FRA
T,France,2018,W072,3135600.0,paper,FRA
T,France,2018,W074,626000.0,plastic,FRA
T,France,2018,W075,1993514.0,wood,FRA
T,France,2018,W077_08,2128236.0,weee + batt + vehicles,FRA
T,France,2018,W09,8191736.0,organic waste,FRA
T,France,2018,W10,32833972.0,mixed waste,FRA
T,France,2018,W11,0.0,common sludges,FRA
T,France,2018,W12-13,5714406.0,mineral waste,FRA
T,France,2020,W01-05,31430.0,chemical and medical,FRA
T,France,2020,W06,1387520.0,metal,FRA
T,France,2020,W071,3638706.0,glass,FRA
T,France,2020,W072,2766494.0,paper,FRA
T,France,2020,W074,658000.0,plastic,FRA
T,France,2020,W075,2053420.0,wood,FRA
T,France,2020,W077_08,1890714.0,weee + batt + vehicles,FRA
T,France,2020,W09,9038784.0,organic waste,FRA
T,France,2020,W10,32251538.0,mixed waste,FRA
T,France,2020,W11,0.0,common sludges,FRA
T,France,2020,W12-13,5786916.0,mineral waste,FRA
T,France,2022,W01-05,11308.0,chemical and medical,FRA
T,France,2022,W06,1510364.0,metal,FRA
T,France,2022,W071,3857170.0,glass,FRA
T,France,2022,W072,3008122.0,paper,FRA
T,France,2022,W074,760000.0,plastic,FRA
T,France,2022,W075,2193652.0,wood,FRA
T,France,2022,W077_08,1917984.0,weee + batt + vehicles,FRA
T,France,2022,W09,9666004.0,organic waste,FRA
T,France,2022,W10,32455772.0,mixed waste,FRA
T,France,2022,W11,0.0,common sludges,FRA
T,France,2022,W12-13,6720718.0,mineral waste,FRA
T,Croatia,2004,W01-05,0.0,chemical and medical,HRV
T,Croatia,2004,W071,0.0,glass,HRV
T,Croatia,2004,W072,0.0,paper,HRV
T,Croatia,2004,W074,0.0,plastic,HRV
T,Croatia,2004,W075,0.0,wood,HRV
T,Croatia,2004,W077_08,0.0,weee + batt + vehicles,HRV
T,Croatia,2004,W09,0.0,organic waste,HRV
T,Croatia,2004,W10,0.0,mixed waste,HRV
T,Croatia,2004,W11,0.0,common sludges,HRV
T,Croatia,2004,W12-13,0.0,mineral waste,HRV
T,Croatia,2006,W01-05,179112.0,chemical and medical,HRV
T,Croatia,2006,W071,0.0,glass,HRV
T,Croatia,2006,W072,0.0,paper,HRV
T,Croatia,2006,W074,0.0,plastic,HRV
T,Croatia,2006,W075,65666.0,wood,HRV
T,Croatia,2006,W077_08,6648.0,weee + batt + vehicles,HRV
T,Croatia,2006,W09,0.0,organic waste,HRV
T,Croatia,2006,W10,38.0,mixed waste,HRV
T,Croatia,2006,W11,0.0,common sludges,HRV
T,Croatia,2006,W12-13,4762.0,mineral waste,HRV
T,Croatia,2008,W01-05,0.0,chemical and medical,HRV
T,Croatia,2008,W071,0.0,glass,HRV
T,Croatia,2008,W072,0.0,paper,HRV
T,Croatia,2008,W074,0.0,plastic,HRV
T,Croatia,2008,W075,0.0,wood,HRV
T,Croatia,2008,W077_08,0.0,weee + batt + vehicles,HRV
T,Croatia,2008,W09,0.0,organic waste,HRV
T,Croatia,2008,W10,0.0,mixed waste,HRV
T,Croatia,2008,W11,0.0,common sludges,HRV
T,Croatia,2008,W12-13,0.0,mineral waste,HRV
T,Croatia,2010,W01-05,0.0,chemical and medical,HRV
T,Croatia,2010,W06,0.0,metal,HRV
T,Croatia,2010,W071,0.0,glass,HRV
T,Croatia,2010,W072,0.0,paper,HRV
T,Croatia,2010,W074,0.0,plastic,HRV
T,Croatia,2010,W075,0.0,wood,HRV
T,Croatia,2010,W077_08,0.0,weee + batt + vehicles,HRV
T,Croatia,2010,W09,0.0,organic waste,HRV
T,Croatia,2010,W10,0.0,mixed waste,HRV
T,Croatia,2010,W11,0.0,common sludges,HRV
T,Croatia,2010,W12-13,0.0,mineral waste,HRV
T,Croatia,2012,W01-05,66.0,chemical and medical,HRV
T,Croatia,2012,W06,28018.0,metal,HRV
T,Croatia,2012,W071,31288.0,glass,HRV
T,Croatia,2012,W072,40872.0,paper,HRV
T,Croatia,2012,W074,21634.0,plastic,HRV
T,Croatia,2012,W075,1370.0,wood,HRV
T,Croatia,2012,W077_08,84702.0,weee + batt + vehicles,HRV
T,Croatia,2012,W09,64686.0,organic waste,HRV
T,Croatia,2012,W10,2108426.0,mixed waste,HRV
T,Croatia,2012,W11,0.0,common sludges,HRV
T,Croatia,2012,W12-13,0.0,mineral waste,HRV
T,Croatia,2014,W01-05,20.0,chemical and medical,HRV
T,Croatia,2014,W06,9800.0,metal,HRV
T,Croatia,2014,W071,44132.0,glass,HRV
T,Croatia,2014,W072,57304.0,paper,HRV
T,Croatia,2014,W074,30338.0,plastic,HRV
T,Croatia,2014,W075,16484.0,wood,HRV
T,Croatia,2014,W077_08,70122.0,weee + batt + vehicles,HRV
T,Croatia,2014,W09,74604.0,organic waste,HRV
T,Croatia,2014,W10,2021038.0,mixed waste,HRV
T,Croatia,2014,W11,0.0,common sludges,HRV
T,Croatia,2014,W12-13,0.0,mineral waste,HRV
T,Croatia,2016,W01-05,36.0,chemical and medical,HRV
T,Croatia,2016,W06,9888.0,metal,HRV
T,Croatia,2016,W071,40274.0,glass,HRV
T,Croatia,2016,W072,78030.0,paper,HRV
T,Croatia,2016,W074,36188.0,plastic,HRV
T,Croatia,2016,W075,2360.0,wood,HRV
T,Croatia,2016,W077_08,81938.0,weee + batt + vehicles,HRV
T,Croatia,2016,W09,46796.0,organic waste,HRV
T,Croatia,2016,W10,1989698.0,mixed waste,HRV
T,Croatia,2016,W11,0.0,common sludges,HRV
T,Croatia,2016,W12-13,0.0,mineral waste,HRV
T,Croatia,2018,W01-05,614.0,chemical and medical,HRV
T,Croatia,2018,W06,102378.0,metal,HRV
T,Croatia,2018,W071,20484.0,glass,HRV
T,Croatia,2018,W072,120554.0,paper,HRV
T,Croatia,2018,W074,36500.0,plastic,HRV
T,Croatia,2018,W075,17676.0,wood,HRV
T,Croatia,2018,W077_08,136828.0,weee + batt + vehicles,HRV
T,Croatia,2018,W09,53066.0,organic waste,HRV
T,Croatia,2018,W10,2090860.0,mixed waste,HRV
T,Croatia,2018,W11,0.0,common sludges,HRV
T,Croatia,2018,W12-13,60.0,mineral waste,HRV
T,Croatia,2020,W01-05,1460.0,chemical and medical,HRV
T,Croatia,2020,W06,61000.0,metal,HRV
T,Croatia,2020,W071,23030.0,glass,HRV
T,Croatia,2020,W072,137592.0,paper,HRV
T,Croatia,2020,W074,65868.0,plastic,HRV
T,Croatia,2020,W075,28720.0,wood,HRV
T,Croatia,2020,W077_08,172820.0,weee + batt + vehicles,HRV
T,Croatia,2020,W09,118426.0,organic waste,HRV
T,Croatia,2020,W10,1805400.0,mixed waste,HRV
T,Croatia,2020,W11,0.0,common sludges,HRV
T,Croatia,2020,W12-13,52.0,mineral waste,HRV
T,Croatia,2022,W01-05,1720.0,chemical and medical,HRV
T,Croatia,2022,W06,58320.0,metal,HRV
T,Croatia,2022,W071,34884.0,glass,HRV
T,Croatia,2022,W072,164558.0,paper,HRV
T,Croatia,2022,W074,91750.0,plastic,HRV
T,Croatia,2022,W075,40638.0,wood,HRV
T,Croatia,2022,W077_08,140853.0,weee + batt + vehicles,HRV
T,Croatia,2022,W09,143248.0,organic waste,HRV
T,Croatia,2022,W10,1763826.0,mixed waste,HRV
T,Croatia,2022,W11,0.0,common sludges,HRV
T,Croatia,2022,W12-13,98.0,mineral waste,HRV
T,Hungary,2004,W01-05,0.0,chemical and medical,HUN
T,Hungary,2004,W071,6980.0,glass,HUN
T,Hungary,2004,W072,863420.0,paper,HUN
T,Hungary,2004,W074,61360.0,plastic,HUN
T,Hungary,2004,W075,51060.0,wood,HUN
T,Hungary,2004,W077_08,0.0,weee + batt + vehicles,HUN
T,Hungary,2004,W09,0.0,organic waste,HUN
T,Hungary,2004,W10,7528260.0,mixed waste,HUN
T,Hungary,2004,W11,0.0,common sludges,HUN
T,Hungary,2004,W12-13,0.0,mineral waste,HUN
T,Hungary,2006,W01-05,0.0,chemical and medical,HUN
T,Hungary,2006,W071,26910.0,glass,HUN
T,Hungary,2006,W072,101766.0,paper,HUN
T,Hungary,2006,W074,33264.0,plastic,HUN
T,Hungary,2006,W075,0.0,wood,HUN
T,Hungary,2006,W077_08,0.0,weee + batt + vehicles,HUN
T,Hungary,2006,W09,0.0,organic waste,HUN
T,Hungary,2006,W10,5694740.0,mixed waste,HUN
T,Hungary,2006,W11,0.0,common sludges,HUN
T,Hungary,2006,W12-13,0.0,mineral waste,HUN
T,Hungary,2008,W01-05,0.0,chemical and medical,HUN
T,Hungary,2008,W071,35484.0,glass,HUN
T,Hungary,2008,W072,244472.0,paper,HUN
T,Hungary,2008,W074,40386.0,plastic,HUN
T,Hungary,2008,W075,2928.0,wood,HUN
T,Hungary,2008,W077_08,85073.0,weee + batt + vehicles,HUN
T,Hungary,2008,W09,0.0,organic waste,HUN
T,Hungary,2008,W10,6040062.0,mixed waste,HUN
T,Hungary,2008,W11,0.0,common sludges,HUN
T,Hungary,2008,W12-13,0.0,mineral waste,HUN
T,Hungary,2010,W01-05,208.0,chemical and medical,HUN
T,Hungary,2010,W06,355072.0,metal,HUN
T,Hungary,2010,W071,44014.0,glass,HUN
T,Hungary,2010,W072,240586.0,paper,HUN
T,Hungary,2010,W074,46962.0,plastic,HUN
T,Hungary,2010,W075,5880.0,wood,HUN
T,Hungary,2010,W077_08,55880.0,weee + batt + vehicles,HUN
T,Hungary,2010,W09,206172.0,organic waste,HUN
T,Hungary,2010,W10,4734752.0,mixed waste,HUN
T,Hungary,2010,W11,0.0,common sludges,HUN
T,Hungary,2010,W12-13,5208.0,mineral waste,HUN
T,Hungary,2012,W01-05,344.0,chemical and medical,HUN
T,Hungary,2012,W06,410754.0,metal,HUN
T,Hungary,2012,W071,72008.0,glass,HUN
T,Hungary,2012,W072,306354.0,paper,HUN
T,Hungary,2012,W074,85444.0,plastic,HUN
T,Hungary,2012,W075,4142.0,wood,HUN
T,Hungary,2012,W077_08,74800.0,weee + batt + vehicles,HUN
T,Hungary,2012,W09,8024.0,organic waste,HUN
T,Hungary,2012,W10,4394250.0,mixed waste,HUN
T,Hungary,2012,W11,0.0,common sludges,HUN
T,Hungary,2012,W12-13,0.0,mineral waste,HUN
T,Hungary,2014,W01-05,42.0,chemical and medical,HUN
T,Hungary,2014,W06,305394.0,metal,HUN
T,Hungary,2014,W071,43564.0,glass,HUN
T,Hungary,2014,W072,280066.0,paper,HUN
T,Hungary,2014,W074,55220.0,plastic,HUN
T,Hungary,2014,W075,4262.0,wood,HUN
T,Hungary,2014,W077_08,48974.0,weee + batt + vehicles,HUN
T,Hungary,2014,W09,1058.0,organic waste,HUN
T,Hungary,2014,W10,5163472.0,mixed waste,HUN
T,Hungary,2014,W11,0.0,common sludges,HUN
T,Hungary,2014,W12-13,0.0,mineral waste,HUN
T,Hungary,2016,W01-05,2384.0,chemical and medical,HUN
T,Hungary,2016,W06,9870.0,metal,HUN
T,Hungary,2016,W071,48754.0,glass,HUN
T,Hungary,2016,W072,226328.0,paper,HUN
T,Hungary,2016,W074,42738.0,plastic,HUN
T,Hungary,2016,W075,2624.0,wood,HUN
T,Hungary,2016,W077_08,36024.0,weee + batt + vehicles,HUN
T,Hungary,2016,W09,19592.0,organic waste,HUN
T,Hungary,2016,W10,5373682.0,mixed waste,HUN
T,Hungary,2016,W11,0.0,common sludges,HUN
T,Hungary,2016,W12-13,0.0,mineral waste,HUN
T,Hungary,2018,W01-05,2478.0,chemical and medical,HUN
T,Hungary,2018,W06,13460.0,metal,HUN
T,Hungary,2018,W071,56452.0,glass,HUN
T,Hungary,2018,W072,210756.0,paper,HUN
T,Hungary,2018,W074,30098.0,plastic,HUN
T,Hungary,2018,W075,2357.0,wood,HUN
T,Hungary,2018,W077_08,60054.0,weee + batt + vehicles,HUN
T,Hungary,2018,W09,19016.0,organic waste,HUN
T,Hungary,2018,W10,5080782.0,mixed waste,HUN
T,Hungary,2018,W11,0.0,common sludges,HUN
T,Hungary,2018,W12-13,0.0,mineral waste,HUN
T,Hungary,2020,W01-05,3450.0,chemical and medical,HUN
T,Hungary,2020,W06,992174.0,metal,HUN
T,Hungary,2020,W071,77454.0,glass,HUN
T,Hungary,2020,W072,269272.0,paper,HUN
T,Hungary,2020,W074,26832.0,plastic,HUN
T,Hungary,2020,W075,8000.0,wood,HUN
T,Hungary,2020,W077_08,159068.0,weee + batt + vehicles,HUN
T,Hungary,2020,W09,688456.0,organic waste,HUN
T,Hungary,2020,W10,5640474.0,mixed waste,HUN
T,Hungary,2020,W11,200406.0,common sludges,HUN
T,Hungary,2020,W12-13,1381712.0,mineral waste,HUN
T,Hungary,2022,W01-05,3672.0,chemical and medical,HUN
T,Hungary,2022,W06,1083796.0,metal,HUN
T,Hungary,2022,W071,68846.0,glass,HUN
T,Hungary,2022,W072,310912.0,paper,HUN
T,Hungary,2022,W074,29916.0,plastic,HUN
T,Hungary,2022,W075,11978.0,wood,HUN
T,Hungary,2022,W077_08,155530.0,weee + batt + vehicles,HUN
T,Hungary,2022,W09,659376.0,organic waste,HUN
T,Hungary,2022,W10,5592586.0,mixed waste,HUN
T,Hungary,2022,W11,1470.0,common sludges,HUN
T,Hungary,2022,W12-13,1808950.0,mineral waste,HUN
T,Ireland,2004,W01-05,298.0,chemical and medical,IRL
T,Ireland,2004,W071,223386.0,glass,IRL
T,Ireland,2004,W072,707492.0,paper,IRL
T,Ireland,2004,W074,374262.0,plastic,IRL
T,Ireland,2004,W075,33322.0,wood,IRL
T,Ireland,2004,W077_08,31788.0,weee + batt + vehicles,IRL
T,Ireland,2004,W09,0.0,organic waste,IRL
T,Ireland,2004,W10,725986.0,mixed waste,IRL
T,Ireland,2004,W11,0.0,common sludges,IRL
T,Ireland,2004,W12-13,0.0,mineral waste,IRL
T,Ireland,2006,W01-05,0.0,chemical and medical,IRL
T,Ireland,2006,W071,273816.0,glass,IRL
T,Ireland,2006,W072,901544.0,paper,IRL
T,Ireland,2006,W074,444998.0,plastic,IRL
T,Ireland,2006,W075,53764.0,wood,IRL
T,Ireland,2006,W077_08,1204.0,weee + batt + vehicles,IRL
T,Ireland,2006,W09,0.0,organic waste,IRL
T,Ireland,2006,W10,767570.0,mixed waste,IRL
T,Ireland,2006,W11,0.0,common sludges,IRL
T,Ireland,2006,W12-13,0.0,mineral waste,IRL
T,Ireland,2010,W01-05,2710.0,chemical and medical,IRL
T,Ireland,2010,W06,21524.0,metal,IRL
T,Ireland,2010,W071,173664.0,glass,IRL
T,Ireland,2010,W072,41936.0,paper,IRL
T,Ireland,2010,W074,12088.0,plastic,IRL
T,Ireland,2010,W075,20312.0,wood,IRL
T,Ireland,2010,W077_08,162898.0,weee + batt + vehicles,IRL
T,Ireland,2010,W09,247252.0,organic waste,IRL
T,Ireland,2010,W10,2762434.0,mixed waste,IRL
T,Ireland,2010,W11,0.0,common sludges,IRL
T,Ireland,2010,W12-13,15010.0,mineral waste,IRL
T,Ireland,2012,W01-05,3268.0,chemical and medical,IRL
T,Ireland,2012,W06,16000.0,metal,IRL
T,Ireland,2012,W071,164666.0,glass,IRL
T,Ireland,2012,W072,32284.0,paper,IRL
T,Ireland,2012,W074,9940.0,plastic,IRL
T,Ireland,2012,W075,18394.0,wood,IRL
T,Ireland,2012,W077_08,160292.0,weee + batt + vehicles,IRL
T,Ireland,2012,W09,261100.0,organic waste,IRL
T,Ireland,2012,W10,2631620.0,mixed waste,IRL
T,Ireland,2012,W11,0.0,common sludges,IRL
T,Ireland,2012,W12-13,15294.0,mineral waste,IRL
T,Ireland,2014,W01-05,3278.0,chemical and medical,IRL
T,Ireland,2014,W06,19248.0,metal,IRL
T,Ireland,2014,W071,168796.0,glass,IRL
T,Ireland,2014,W072,32894.0,paper,IRL
T,Ireland,2014,W074,9954.0,plastic,IRL
T,Ireland,2014,W075,18876.0,wood,IRL
T,Ireland,2014,W077_08,184728.0,weee + batt + vehicles,IRL
T,Ireland,2014,W09,229640.0,organic waste,IRL
T,Ireland,2014,W10,2361524.0,mixed waste,IRL
T,Ireland,2014,W11,0.0,common sludges,IRL
T,Ireland,2014,W12-13,18742.0,mineral waste,IRL
T,Ireland,2016,W01-05,3646.0,chemical and medical,IRL
T,Ireland,2016,W06,22170.0,metal,IRL
T,Ireland,2016,W071,172148.0,glass,IRL
T,Ireland,2016,W072,34700.0,paper,IRL
T,Ireland,2016,W074,11544.0,plastic,IRL
T,Ireland,2016,W075,29226.0,wood,IRL
T,Ireland,2016,W077_08,128132.0,weee + batt + vehicles,IRL
T,Ireland,2016,W09,273136.0,organic waste,IRL
T,Ireland,2016,W10,2327980.0,mixed waste,IRL
T,Ireland,2016,W11,0.0,common sludges,IRL
T,Ireland,2016,W12-13,22928.0,mineral waste,IRL
T,Ireland,2018,W01-05,4472.0,chemical and medical,IRL
T,Ireland,2018,W06,23962.0,metal,IRL
T,Ireland,2018,W071,179968.0,glass,IRL
T,Ireland,2018,W072,33340.0,paper,IRL
T,Ireland,2018,W074,10164.0,plastic,IRL
T,Ireland,2018,W075,34356.0,wood,IRL
T,Ireland,2018,W077_08,225402.0,weee + batt + vehicles,IRL
T,Ireland,2018,W09,317840.0,organic waste,IRL
T,Ireland,2018,W10,2329608.0,mixed waste,IRL
T,Ireland,2018,W11,0.0,common sludges,IRL
T,Ireland,2018,W12-13,21796.0,mineral waste,IRL
T,Ireland,2020,W01-05,5426.0,chemical and medical,IRL
T,Ireland,2020,W06,31822.0,metal,IRL
T,Ireland,2020,W071,263934.0,glass,IRL
T,Ireland,2020,W072,36456.0,paper,IRL
T,Ireland,2020,W074,10926.0,plastic,IRL
T,Ireland,2020,W075,51476.0,wood,IRL
T,Ireland,2020,W077_08,220978.0,weee + batt + vehicles,IRL
T,Ireland,2020,W09,420068.0,organic waste,IRL
T,Ireland,2020,W10,2802296.0,mixed waste,IRL
T,Ireland,2020,W11,0.0,common sludges,IRL
T,Ireland,2020,W12-13,36860.0,mineral waste,IRL
T,Ireland,2022,W01-05,4640.0,chemical and medical,IRL
T,Ireland,2022,W06,27356.0,metal,IRL
T,Ireland,2022,W071,225994.0,glass,IRL
T,Ireland,2022,W072,29678.0,paper,IRL
T,Ireland,2022,W074,8482.0,plastic,IRL
T,Ireland,2022,W075,47574.0,wood,IRL
T,Ireland,2022,W077_08,171046.0,weee + batt + vehicles,IRL
T,Ireland,2022,W09,423880.0,organic waste,IRL
T,Ireland,2022,W10,2699258.0,mixed waste,IRL
T,Ireland,2022,W11,0.0,common sludges,IRL
T,Ireland,2022,W12-13,39782.0,mineral waste,IRL
T,Iceland,2004,W01-05,0.0,chemical and medical,ISL
T,Iceland,2004,W071,11000.0,glass,ISL
T,Iceland,2004,W072,15600.0,paper,ISL
T,Iceland,2004,W074,3000.0,plastic,ISL
T,Iceland,2004,W075,6000.0,wood,ISL
T,Iceland,2004,W077_08,1074.0,weee + batt + vehicles,ISL
T,Iceland,2004,W09,0.0,organic waste,ISL
T,Iceland,2004,W10,220000.0,mixed waste,ISL
T,Iceland,2004,W11,0.0,common sludges,ISL
T,Iceland,2004,W12-13,0.0,mineral waste,ISL
T,Iceland,2010,W01-05,54.0,chemical and medical,ISL
T,Iceland,2010,W06,72408.0,metal,ISL
T,Iceland,2010,W071,136.0,glass,ISL
T,Iceland,2010,W072,34400.0,paper,ISL
T,Iceland,2010,W074,3558.0,plastic,ISL
T,Iceland,2010,W075,3810.0,wood,ISL
T,Iceland,2010,W077_08,7608.0,weee + batt + vehicles,ISL
T,Iceland,2010,W09,23566.0,organic waste,ISL
T,Iceland,2010,W10,281812.0,mixed waste,ISL
T,Iceland,2010,W11,0.0,common sludges,ISL
T,Iceland,2010,W12-13,3886.0,mineral waste,ISL
T,Iceland,2012,W01-05,54.0,chemical and medical,ISL
T,Iceland,2012,W06,74444.0,metal,ISL
T,Iceland,2012,W071,80.0,glass,ISL
T,Iceland,2012,W072,39844.0,paper,ISL
T,Iceland,2012,W074,5246.0,plastic,ISL
T,Iceland,2012,W075,3604.0,wood,ISL
T,Iceland,2012,W077_08,10324.0,weee + batt + vehicles,ISL
T,Iceland,2012,W09,27482.0,organic waste,ISL
T,Iceland,2012,W10,282418.0,mixed waste,ISL
T,Iceland,2012,W11,0.0,common sludges,ISL
T,Iceland,2012,W12-13,2786.0,mineral waste,ISL
T,Iceland,2014,W01-05,606.0,chemical and medical,ISL
T,Iceland,2014,W06,88000.0,metal,ISL
T,Iceland,2014,W071,424.0,glass,ISL
T,Iceland,2014,W072,48760.0,paper,ISL
T,Iceland,2014,W074,4550.0,plastic,ISL
T,Iceland,2014,W075,3904.0,wood,ISL
T,Iceland,2014,W077_08,15280.0,weee + batt + vehicles,ISL
T,Iceland,2014,W09,43120.0,organic waste,ISL
T,Iceland,2014,W10,210370.0,mixed waste,ISL
T,Iceland,2014,W11,74.0,common sludges,ISL
T,Iceland,2014,W12-13,139514.0,mineral waste,ISL
T,Iceland,2016,W01-05,722.0,chemical and medical,ISL
T,Iceland,2016,W06,116888.0,metal,ISL
T,Iceland,2016,W071,288.0,glass,ISL
T,Iceland,2016,W072,60898.0,paper,ISL
T,Iceland,2016,W074,6540.0,plastic,ISL
T,Iceland,2016,W075,5534.0,wood,ISL
T,Iceland,2016,W077_08,20036.0,weee + batt + vehicles,ISL
T,Iceland,2016,W09,21038.0,organic waste,ISL
T,Iceland,2016,W10,239374.0,mixed waste,ISL
T,Iceland,2016,W11,88.0,common sludges,ISL
T,Iceland,2016,W12-13,350310.0,mineral waste,ISL
T,Iceland,2018,W01-05,668.0,chemical and medical,ISL
T,Iceland,2018,W06,155672.0,metal,ISL
T,Iceland,2018,W071,310.0,glass,ISL
T,Iceland,2018,W072,61784.0,paper,ISL
T,Iceland,2018,W074,8992.0,plastic,ISL
T,Iceland,2018,W075,5980.0,wood,ISL
T,Iceland,2018,W077_08,35098.0,weee + batt + vehicles,ISL
T,Iceland,2018,W09,19332.0,organic waste,ISL
T,Iceland,2018,W10,263788.0,mixed waste,ISL
T,Iceland,2018,W11,80.0,common sludges,ISL
T,Iceland,2018,W12-13,457362.0,mineral waste,ISL
T,Iceland,2020,W01-05,86.0,chemical and medical,ISL
T,Iceland,2020,W06,158568.0,metal,ISL
T,Iceland,2020,W071,258.0,glass,ISL
T,Iceland,2020,W072,41036.0,paper,ISL
T,Iceland,2020,W074,6538.0,plastic,ISL
T,Iceland,2020,W075,10750.0,wood,ISL
T,Iceland,2020,W077_08,35410.0,weee + batt + vehicles,ISL
T,Iceland,2020,W09,21404.0,organic waste,ISL
T,Iceland,2020,W10,217492.0,mixed waste,ISL
T,Iceland,2020,W11,90.0,common sludges,ISL
T,Iceland,2020,W12-13,321320.0,mineral waste,ISL
T,Iceland,2022,W01-05,84.0,chemical and medical,ISL
T,Iceland,2022,W06,18280.0,metal,ISL
T,Iceland,2022,W071,10850.0,glass,ISL
T,Iceland,2022,W072,8618.0,paper,ISL
T,Iceland,2022,W074,4724.0,plastic,ISL
T,Iceland,2022,W075,12750.0,wood,ISL
T,Iceland,2022,W077_08,2156.0,weee + batt + vehicles,ISL
T,Iceland,2022,W09,8760.0,organic waste,ISL
T,Iceland,2022,W10,36814.0,mixed waste,ISL
T,Iceland,2022,W11,516.0,common sludges,ISL
T,Iceland,2022,W12-13,2324.0,mineral waste,ISL
T,Italy,2004,W01-05,25392.0,chemical and medical,ITA
T,Italy,2004,W071,2112800.0,glass,ITA
T,Italy,2004,W072,4307650.0,paper,ITA
T,Italy,2004,W074,706324.0,plastic,ITA
T,Italy,2004,W075,955584.0,wood,ITA
T,Italy,2004,W077_08,170794.0,weee + batt + vehicles,ITA
T,Italy,2004,W09,0.0,organic waste,ITA
T,Italy,2004,W10,48753396.0,mixed waste,ITA
T,Italy,2004,W11,0.0,common sludges,ITA
T,Italy,2004,W12-13,0.0,mineral waste,ITA
T,Italy,2006,W01-05,19262.0,chemical and medical,ITA
T,Italy,2006,W071,2480384.0,glass,ITA
T,Italy,2006,W072,5058926.0,paper,ITA
T,Italy,2006,W074,914500.0,plastic,ITA
T,Italy,2006,W075,1161764.0,wood,ITA
T,Italy,2006,W077_08,252536.0,weee + batt + vehicles,ITA
T,Italy,2006,W09,0.0,organic waste,ITA
T,Italy,2006,W10,48929146.0,mixed waste,ITA
T,Italy,2006,W11,0.0,common sludges,ITA
T,Italy,2006,W12-13,0.0,mineral waste,ITA
T,Italy,2008,W01-05,23538.0,chemical and medical,ITA
T,Italy,2008,W071,2992454.0,glass,ITA
T,Italy,2008,W072,5868292.0,paper,ITA
T,Italy,2008,W074,1154756.0,plastic,ITA
T,Italy,2008,W075,1361986.0,wood,ITA
T,Italy,2008,W077_08,343396.0,weee + batt + vehicles,ITA
T,Italy,2008,W09,0.0,organic waste,ITA
T,Italy,2008,W10,45677400.0,mixed waste,ITA
T,Italy,2008,W11,0.0,common sludges,ITA
T,Italy,2008,W12-13,0.0,mineral waste,ITA
T,Italy,2010,W01-05,30692.0,chemical and medical,ITA
T,Italy,2010,W06,635644.0,metal,ITA
T,Italy,2010,W071,3557014.0,glass,ITA
T,Italy,2010,W072,6125436.0,paper,ITA
T,Italy,2010,W074,1297284.0,plastic,ITA
T,Italy,2010,W075,1383776.0,wood,ITA
T,Italy,2010,W077_08,538748.0,weee + batt + vehicles,ITA
T,Italy,2010,W09,8308660.0,organic waste,ITA
T,Italy,2010,W10,42847024.0,mixed waste,ITA
T,Italy,2010,W11,0.0,common sludges,ITA
T,Italy,2010,W12-13,3238.0,mineral waste,ITA
T,Italy,2012,W01-05,33538.0,chemical and medical,ITA
T,Italy,2012,W06,497814.0,metal,ITA
T,Italy,2012,W071,3196270.0,glass,ITA
T,Italy,2012,W072,6075072.0,paper,ITA
T,Italy,2012,W074,1779602.0,plastic,ITA
T,Italy,2012,W075,1228190.0,wood,ITA
T,Italy,2012,W077_08,465478.0,weee + batt + vehicles,ITA
T,Italy,2012,W09,9546778.0,organic waste,ITA
T,Italy,2012,W10,36916996.0,mixed waste,ITA
T,Italy,2012,W11,0.0,common sludges,ITA
T,Italy,2012,W12-13,0.0,mineral waste,ITA
T,Italy,2014,W01-05,38850.0,chemical and medical,ITA
T,Italy,2014,W06,499148.0,metal,ITA
T,Italy,2014,W071,3382606.0,glass,ITA
T,Italy,2014,W072,6307748.0,paper,ITA
T,Italy,2014,W074,2025090.0,plastic,ITA
T,Italy,2014,W075,1351948.0,wood,ITA
T,Italy,2014,W077_08,448370.0,weee + batt + vehicles,ITA
T,Italy,2014,W09,11370884.0,organic waste,ITA
T,Italy,2014,W10,33592590.0,mixed waste,ITA
T,Italy,2014,W11,0.0,common sludges,ITA
T,Italy,2014,W12-13,0.0,mineral waste,ITA
T,Italy,2016,W01-05,43816.0,chemical and medical,ITA
T,Italy,2016,W06,586254.0,metal,ITA
T,Italy,2016,W071,3704038.0,glass,ITA
T,Italy,2016,W072,6437450.0,paper,ITA
T,Italy,2016,W074,2467944.0,plastic,ITA
T,Italy,2016,W075,1478940.0,wood,ITA
T,Italy,2016,W077_08,487582.0,weee + batt + vehicles,ITA
T,Italy,2016,W09,12937994.0,organic waste,ITA
T,Italy,2016,W10,31070198.0,mixed waste,ITA
T,Italy,2016,W11,0.0,common sludges,ITA
T,Italy,2016,W12-13,700618.0,mineral waste,ITA
T,Italy,2018,W01-05,50728.0,chemical and medical,ITA
T,Italy,2018,W06,664140.0,metal,ITA
T,Italy,2018,W071,4239182.0,glass,ITA
T,Italy,2018,W072,6836882.0,paper,ITA
T,Italy,2018,W074,2724496.0,plastic,ITA
T,Italy,2018,W075,1816552.0,wood,ITA
T,Italy,2018,W077_08,529432.0,weee + batt + vehicles,ITA
T,Italy,2018,W09,14062272.0,organic waste,ITA
T,Italy,2018,W10,28278312.0,mixed waste,ITA
T,Italy,2018,W11,0.0,common sludges,ITA
T,Italy,2018,W12-13,780718.0,mineral waste,ITA
T,Italy,2020,W01-05,61614.0,chemical and medical,ITA
T,Italy,2020,W06,736164.0,metal,ITA
T,Italy,2020,W071,4447596.0,glass,ITA
T,Italy,2020,W072,7017074.0,paper,ITA
T,Italy,2020,W074,3149766.0,plastic,ITA
T,Italy,2020,W075,1763014.0,wood,ITA
T,Italy,2020,W077_08,589772.0,weee + batt + vehicles,ITA
T,Italy,2020,W09,14284532.0,organic waste,ITA
T,Italy,2020,W10,24707088.0,mixed waste,ITA
T,Italy,2020,W11,0.0,common sludges,ITA
T,Italy,2020,W12-13,806594.0,mineral waste,ITA
T,Italy,2022,W01-05,60826.0,chemical and medical,ITA
T,Italy,2022,W06,712040.0,metal,ITA
T,Italy,2022,W071,4658790.0,glass,ITA
T,Italy,2022,W072,7305558.0,paper,ITA
T,Italy,2022,W074,3406308.0,plastic,ITA
T,Italy,2022,W075,2007034.0,wood,ITA
T,Italy,2022,W077_08,563038.0,weee + batt + vehicles,ITA
T,Italy,2022,W09,14420694.0,organic waste,ITA
T,Italy,2022,W10,23893812.0,mixed waste,ITA
T,Italy,2022,W11,78.0,common sludges,ITA
T,Italy,2022,W12-13,725698.0,mineral waste,ITA
T,Liechtenstein,2008,W01-05,0.0,chemical and medical,
T,Liechtenstein,2008,W071,0.0,glass,
T,Liechtenstein,2008,W072,0.0,paper,
T,Liechtenstein,2008,W074,0.0,plastic,
T,Liechtenstein,2008,W075,0.0,wood,
T,Liechtenstein,2008,W077_08,0.0,weee + batt + vehicles,
T,Liechtenstein,2008,W09,0.0,organic waste,
T,Liechtenstein,2008,W10,0.0,mixed waste,
T,Liechtenstein,2008,W11,0.0,common sludges,
T,Liechtenstein,2008,W12-13,0.0,mineral waste,
T,Liechtenstein,2010,W01-05,0.0,chemical and medical,
T,Liechtenstein,2010,W06,0.0,metal,
T,Liechtenstein,2010,W071,0.0,glass,
T,Liechtenstein,2010,W072,0.0,paper,
T,Liechtenstein,2010,W074,0.0,plastic,
T,Liechtenstein,2010,W075,0.0,wood,
T,Liechtenstein,2010,W077_08,0.0,weee + batt + vehicles,
T,Liechtenstein,2010,W09,0.0,organic waste,
T,Liechtenstein,2010,W10,0.0,mixed waste,
T,Liechtenstein,2010,W11,0.0,common sludges,
T,Liechtenstein,2010,W12-13,0.0,mineral waste,
T,Liechtenstein,2012,W01-05,40.0,chemical and medical,
T,Liechtenstein,2012,W06,6452.0,metal,
T,Liechtenstein,2012,W071,1850.0,glass,
T,Liechtenstein,2012,W072,13044.0,paper,
T,Liechtenstein,2012,W074,108.0,plastic,
T,Liechtenstein,2012,W075,0.0,wood,
T,Liechtenstein,2012,W077_08,340.0,weee + batt + vehicles,
T,Liechtenstein,2012,W09,2.0,organic waste,
T,Liechtenstein,2012,W10,6172.0,mixed waste,
T,Liechtenstein,2012,W11,16578.0,common sludges,
T,Liechtenstein,2012,W12-13,0.0,mineral waste,
T,Liechtenstein,2014,W01-05,38.0,chemical and medical,
T,Liechtenstein,2014,W06,9714.0,metal,
T,Liechtenstein,2014,W071,1888.0,glass,
T,Liechtenstein,2014,W072,9582.0,paper,
T,Liechtenstein,2014,W074,100.0,plastic,
T,Liechtenstein,2014,W075,0.0,wood,
T,Liechtenstein,2014,W077_08,832.0,weee + batt + vehicles,
T,Liechtenstein,2014,W09,14660.0,organic waste,
T,Liechtenstein,2014,W10,17162.0,mixed waste,
T,Liechtenstein,2014,W11,0.0,common sludges,
T,Liechtenstein,2014,W12-13,0.0,mineral waste,
T,Liechtenstein,2016,W01-05,50.0,chemical and medical,
T,Liechtenstein,2016,W06,10616.0,metal,
T,Liechtenstein,2016,W071,2298.0,glass,
T,Liechtenstein,2016,W072,9560.0,paper,
T,Liechtenstein,2016,W074,352.0,plastic,
T,Liechtenstein,2016,W075,0.0,wood,
T,Liechtenstein,2016,W077_08,1494.0,weee + batt + vehicles,
T,Liechtenstein,2016,W09,13428.0,organic waste,
T,Liechtenstein,2016,W10,16536.0,mixed waste,
T,Liechtenstein,2016,W11,0.0,common sludges,
T,Liechtenstein,2016,W12-13,0.0,mineral waste,
T,Liechtenstein,2018,W01-05,52.0,chemical and medical,
T,Liechtenstein,2018,W06,13708.0,metal,
T,Liechtenstein,2018,W071,3004.0,glass,
T,Liechtenstein,2018,W072,10830.0,paper,
T,Liechtenstein,2018,W074,364.0,plastic,
T,Liechtenstein,2018,W075,0.0,wood,
T,Liechtenstein,2018,W077_08,1678.0,weee + batt + vehicles,
T,Liechtenstein,2018,W09,12640.0,organic waste,
T,Liechtenstein,2018,W10,16528.0,mixed waste,
T,Liechtenstein,2018,W11,0.0,common sludges,
T,Liechtenstein,2018,W12-13,0.0,mineral waste,
T,Liechtenstein,2020,W01-05,30.0,chemical and medical,
T,Liechtenstein,2020,W06,15318.0,metal,
T,Liechtenstein,2020,W071,3838.0,glass,
T,Liechtenstein,2020,W072,9212.0,paper,
T,Liechtenstein,2020,W074,576.0,plastic,
T,Liechtenstein,2020,W075,0.0,wood,
T,Liechtenstein,2020,W077_08,1926.0,weee + batt + vehicles,
T,Liechtenstein,2020,W09,18032.0,organic waste,
T,Liechtenstein,2020,W10,16404.0,mixed waste,
T,Liechtenstein,2020,W11,0.0,common sludges,
T,Liechtenstein,2020,W12-13,0.0,mineral waste,
T,Liechtenstein,2022,W01-05,0.0,chemical and medical,
T,Liechtenstein,2022,W06,17654.0,metal,
T,Liechtenstein,2022,W071,3188.0,glass,
T,Liechtenstein,2022,W072,10020.0,paper,
T,Liechtenstein,2022,W074,566.0,plastic,
T,Liechtenstein,2022,W075,0.0,wood,
T,Liechtenstein,2022,W077_08,1280.0,weee + batt + vehicles,
T,Liechtenstein,2022,W09,15266.0,organic waste,
T,Liechtenstein,2022,W10,15742.0,mixed waste,
T,Liechtenstein,2022,W11,0.0,common sludges,
T,Liechtenstein,2022,W12-13,0.0,mineral waste,
T,Lithuania,2004,W01-05,182.0,chemical and medical,LTU
T,Lithuania,2004,W071,3576.0,glass,LTU
T,Lithuania,2004,W072,8912.0,paper,LTU
T,Lithuania,2004,W074,4290.0,plastic,LTU
T,Lithuania,2004,W075,392.0,wood,LTU
T,Lithuania,2004,W077_08,16890.0,weee + batt + vehicles,LTU
T,Lithuania,2004,W09,0.0,organic waste,LTU
T,Lithuania,2004,W10,1064870.0,mixed waste,LTU
T,Lithuania,2004,W11,4394.0,common sludges,LTU
T,Lithuania,2004,W12-13,66.0,mineral waste,LTU
T,Lithuania,2006,W01-05,218.0,chemical and medical,LTU
T,Lithuania,2006,W071,57366.0,glass,LTU
T,Lithuania,2006,W072,66636.0,paper,LTU
T,Lithuania,2006,W074,11396.0,plastic,LTU
T,Lithuania,2006,W075,3870.0,wood,LTU
T,Lithuania,2006,W077_08,17772.0,weee + batt + vehicles,LTU
T,Lithuania,2006,W09,36.0,organic waste,LTU
T,Lithuania,2006,W10,1757372.0,mixed waste,LTU
T,Lithuania,2006,W11,546.0,common sludges,LTU
T,Lithuania,2006,W12-13,6.0,mineral waste,LTU
T,Lithuania,2008,W01-05,584.0,chemical and medical,LTU
T,Lithuania,2008,W071,47110.0,glass,LTU
T,Lithuania,2008,W072,98728.0,paper,LTU
T,Lithuania,2008,W074,16886.0,plastic,LTU
T,Lithuania,2008,W075,5586.0,wood,LTU
T,Lithuania,2008,W077_08,43589.0,weee + batt + vehicles,LTU
T,Lithuania,2008,W09,0.0,organic waste,LTU
T,Lithuania,2008,W10,1647776.0,mixed waste,LTU
T,Lithuania,2008,W11,1730.0,common sludges,LTU
T,Lithuania,2008,W12-13,1300.0,mineral waste,LTU
T,Lithuania,2010,W01-05,20.0,chemical and medical,LTU
T,Lithuania,2010,W06,702962.0,metal,LTU
T,Lithuania,2010,W071,45890.0,glass,LTU
T,Lithuania,2010,W072,99078.0,paper,LTU
T,Lithuania,2010,W074,27630.0,plastic,LTU
T,Lithuania,2010,W075,19220.0,wood,LTU
T,Lithuania,2010,W077_08,64156.0,weee + batt + vehicles,LTU
T,Lithuania,2010,W09,8918.0,organic waste,LTU
T,Lithuania,2010,W10,1517986.0,mixed waste,LTU
T,Lithuania,2010,W11,0.0,common sludges,LTU
T,Lithuania,2010,W12-13,21892.0,mineral waste,LTU
T,Lithuania,2012,W01-05,412.0,chemical and medical,LTU
T,Lithuania,2012,W06,462744.0,metal,LTU
T,Lithuania,2012,W071,56440.0,glass,LTU
T,Lithuania,2012,W072,39168.0,paper,LTU
T,Lithuania,2012,W074,18832.0,plastic,LTU
T,Lithuania,2012,W075,2850.0,wood,LTU
T,Lithuania,2012,W077_08,81286.0,weee + batt + vehicles,LTU
T,Lithuania,2012,W09,5396.0,organic waste,LTU
T,Lithuania,2012,W10,1559870.0,mixed waste,LTU
T,Lithuania,2012,W11,0.0,common sludges,LTU
T,Lithuania,2012,W12-13,83402.0,mineral waste,LTU
T,Lithuania,2014,W01-05,718.0,chemical and medical,LTU
T,Lithuania,2014,W06,377102.0,metal,LTU
T,Lithuania,2014,W071,57428.0,glass,LTU
T,Lithuania,2014,W072,61242.0,paper,LTU
T,Lithuania,2014,W074,25452.0,plastic,LTU
T,Lithuania,2014,W075,3768.0,wood,LTU
T,Lithuania,2014,W077_08,105180.0,weee + batt + vehicles,LTU
T,Lithuania,2014,W09,26356.0,organic waste,LTU
T,Lithuania,2014,W10,1533614.0,mixed waste,LTU
T,Lithuania,2014,W11,0.0,common sludges,LTU
T,Lithuania,2014,W12-13,90572.0,mineral waste,LTU
T,Lithuania,2016,W01-05,992.0,chemical and medical,LTU
T,Lithuania,2016,W06,395378.0,metal,LTU
T,Lithuania,2016,W071,75680.0,glass,LTU
T,Lithuania,2016,W072,56322.0,paper,LTU
T,Lithuania,2016,W074,34114.0,plastic,LTU
T,Lithuania,2016,W075,4978.0,wood,LTU
T,Lithuania,2016,W077_08,75054.0,weee + batt + vehicles,LTU
T,Lithuania,2016,W09,92274.0,organic waste,LTU
T,Lithuania,2016,W10,1373136.0,mixed waste,LTU
T,Lithuania,2016,W11,0.0,common sludges,LTU
T,Lithuania,2016,W12-13,83180.0,mineral waste,LTU
T,Lithuania,2018,W01-05,942.0,chemical and medical,LTU
T,Lithuania,2018,W06,717022.0,metal,LTU
T,Lithuania,2018,W071,67120.0,glass,LTU
T,Lithuania,2018,W072,55778.0,paper,LTU
T,Lithuania,2018,W074,38156.0,plastic,LTU
T,Lithuania,2018,W075,6894.0,wood,LTU
T,Lithuania,2018,W077_08,69021.0,weee + batt + vehicles,LTU
T,Lithuania,2018,W09,178926.0,organic waste,LTU
T,Lithuania,2018,W10,1515738.0,mixed waste,LTU
T,Lithuania,2018,W11,0.0,common sludges,LTU
T,Lithuania,2018,W12-13,123690.0,mineral waste,LTU
T,Lithuania,2020,W01-05,1344.0,chemical and medical,LTU
T,Lithuania,2020,W06,660540.0,metal,LTU
T,Lithuania,2020,W071,94056.0,glass,LTU
T,Lithuania,2020,W072,58514.0,paper,LTU
T,Lithuania,2020,W074,49182.0,plastic,LTU
T,Lithuania,2020,W075,14213.0,wood,LTU
T,Lithuania,2020,W077_08,103840.0,weee + batt + vehicles,LTU
T,Lithuania,2020,W09,115212.0,organic waste,LTU
T,Lithuania,2020,W10,1468444.0,mixed waste,LTU
T,Lithuania,2020,W11,8.0,common sludges,LTU
T,Lithuania,2020,W12-13,153616.0,mineral waste,LTU
T,Lithuania,2022,W01-05,1679.0,chemical and medical,LTU
T,Lithuania,2022,W06,609080.0,metal,LTU
T,Lithuania,2022,W071,84640.0,glass,LTU
T,Lithuania,2022,W072,91034.0,paper,LTU
T,Lithuania,2022,W074,109958.0,plastic,LTU
T,Lithuania,2022,W075,18456.0,wood,LTU
T,Lithuania,2022,W077_08,118151.0,weee + batt + vehicles,LTU
T,Lithuania,2022,W09,118490.0,organic waste,LTU
T,Lithuania,2022,W10,1405710.0,mixed waste,LTU
T,Lithuania,2022,W11,20.0,common sludges,LTU
T,Lithuania,2022,W12-13,183972.0,mineral waste,LTU
T,Luxembourg,2004,W01-05,2009.0,chemical and medical,LUX
T,Luxembourg,2004,W071,1094.0,glass,LUX
T,Luxembourg,2004,W072,7312.0,paper,LUX
T,Luxembourg,2004,W074,270.0,plastic,LUX
T,Luxembourg,2004,W075,1616.0,wood,LUX
T,Luxembourg,2004,W077_08,2421.0,weee + batt + vehicles,LUX
T,Luxembourg,2004,W09,0.0,organic waste,LUX
T,Luxembourg,2004,W10,266861.0,mixed waste,LUX
T,Luxembourg,2004,W11,1934.0,common sludges,LUX
T,Luxembourg,2004,W12-13,0.0,mineral waste,LUX
T,Luxembourg,2006,W01-05,490.0,chemical and medical,LUX
T,Luxembourg,2006,W071,7086.0,glass,LUX
T,Luxembourg,2006,W072,722.0,paper,LUX
T,Luxembourg,2006,W074,46.0,plastic,LUX
T,Luxembourg,2006,W075,1608.0,wood,LUX
T,Luxembourg,2006,W077_08,5250.0,weee + batt + vehicles,LUX
T,Luxembourg,2006,W09,0.0,organic waste,LUX
T,Luxembourg,2006,W10,209132.0,mixed waste,LUX
T,Luxembourg,2006,W11,1668.0,common sludges,LUX
T,Luxembourg,2006,W12-13,0.0,mineral waste,LUX
T,Luxembourg,2008,W01-05,226.0,chemical and medical,LUX
T,Luxembourg,2008,W071,31904.0,glass,LUX
T,Luxembourg,2008,W072,30000.0,paper,LUX
T,Luxembourg,2008,W074,888.0,plastic,LUX
T,Luxembourg,2008,W075,8856.0,wood,LUX
T,Luxembourg,2008,W077_08,7630.0,weee + batt + vehicles,LUX
T,Luxembourg,2008,W09,0.0,organic waste,LUX
T,Luxembourg,2008,W10,292240.0,mixed waste,LUX
T,Luxembourg,2008,W11,1630.0,common sludges,LUX
T,Luxembourg,2008,W12-13,0.0,mineral waste,LUX
T,Luxembourg,2010,W01-05,600.0,chemical and medical,LUX
T,Luxembourg,2010,W06,9613.0,metal,LUX
T,Luxembourg,2010,W071,25106.0,glass,LUX
T,Luxembourg,2010,W072,49322.0,paper,LUX
T,Luxembourg,2010,W074,692.0,plastic,LUX
T,Luxembourg,2010,W075,10772.0,wood,LUX
T,Luxembourg,2010,W077_08,2878.0,weee + batt + vehicles,LUX
T,Luxembourg,2010,W09,135400.0,organic waste,LUX
T,Luxembourg,2010,W10,237394.0,mixed waste,LUX
T,Luxembourg,2010,W11,1466.0,common sludges,LUX
T,Luxembourg,2010,W12-13,11080.0,mineral waste,LUX
T,Luxembourg,2012,W01-05,424.0,chemical and medical,LUX
T,Luxembourg,2012,W06,21940.0,metal,LUX
T,Luxembourg,2012,W071,18390.0,glass,LUX
T,Luxembourg,2012,W072,52532.0,paper,LUX
T,Luxembourg,2012,W074,462.0,plastic,LUX
T,Luxembourg,2012,W075,6702.0,wood,LUX
T,Luxembourg,2012,W077_08,3334.0,weee + batt + vehicles,LUX
T,Luxembourg,2012,W09,132130.0,organic waste,LUX
T,Luxembourg,2012,W10,238854.0,mixed waste,LUX
T,Luxembourg,2012,W11,692.0,common sludges,LUX
T,Luxembourg,2012,W12-13,13994.0,mineral waste,LUX
T,Luxembourg,2014,W01-05,374.0,chemical and medical,LUX
T,Luxembourg,2014,W06,756.0,metal,LUX
T,Luxembourg,2014,W071,16494.0,glass,LUX
T,Luxembourg,2014,W072,42958.0,paper,LUX
T,Luxembourg,2014,W074,496.0,plastic,LUX
T,Luxembourg,2014,W075,4576.0,wood,LUX
T,Luxembourg,2014,W077_08,2204.0,weee + batt + vehicles,LUX
T,Luxembourg,2014,W09,143636.0,organic waste,LUX
T,Luxembourg,2014,W10,238136.0,mixed waste,LUX
T,Luxembourg,2014,W11,1354.0,common sludges,LUX
T,Luxembourg,2014,W12-13,21896.0,mineral waste,LUX
T,Luxembourg,2016,W01-05,1536.0,chemical and medical,LUX
T,Luxembourg,2016,W06,22082.0,metal,LUX
T,Luxembourg,2016,W071,1796.0,glass,LUX
T,Luxembourg,2016,W072,29762.0,paper,LUX
T,Luxembourg,2016,W074,486.0,plastic,LUX
T,Luxembourg,2016,W075,5834.0,wood,LUX
T,Luxembourg,2016,W077_08,3614.0,weee + batt + vehicles,LUX
T,Luxembourg,2016,W09,9582.0,organic waste,LUX
T,Luxembourg,2016,W10,242022.0,mixed waste,LUX
T,Luxembourg,2016,W11,1398.0,common sludges,LUX
T,Luxembourg,2016,W12-13,36340.0,mineral waste,LUX
T,Luxembourg,2018,W01-05,1420.0,chemical and medical,LUX
T,Luxembourg,2018,W06,20502.0,metal,LUX
T,Luxembourg,2018,W071,152.0,glass,LUX
T,Luxembourg,2018,W072,30688.0,paper,LUX
T,Luxembourg,2018,W074,558.0,plastic,LUX
T,Luxembourg,2018,W075,7386.0,wood,LUX
T,Luxembourg,2018,W077_08,5138.0,weee + batt + vehicles,LUX
T,Luxembourg,2018,W09,40672.0,organic waste,LUX
T,Luxembourg,2018,W10,232324.0,mixed waste,LUX
T,Luxembourg,2018,W11,1178.0,common sludges,LUX
T,Luxembourg,2018,W12-13,29116.0,mineral waste,LUX
T,Luxembourg,2020,W01-05,1560.0,chemical and medical,LUX
T,Luxembourg,2020,W06,19190.0,metal,LUX
T,Luxembourg,2020,W071,736.0,glass,LUX
T,Luxembourg,2020,W072,44714.0,paper,LUX
T,Luxembourg,2020,W074,818.0,plastic,LUX
T,Luxembourg,2020,W075,8212.0,wood,LUX
T,Luxembourg,2020,W077_08,4020.0,weee + batt + vehicles,LUX
T,Luxembourg,2020,W09,9546.0,organic waste,LUX
T,Luxembourg,2020,W10,283234.0,mixed waste,LUX
T,Luxembourg,2020,W11,1162.0,common sludges,LUX
T,Luxembourg,2020,W12-13,19432.0,mineral waste,LUX
T,Luxembourg,2022,W01-05,1468.0,chemical and medical,LUX
T,Luxembourg,2022,W06,29582.0,metal,LUX
T,Luxembourg,2022,W071,330.0,glass,LUX
T,Luxembourg,2022,W072,37440.0,paper,LUX
T,Luxembourg,2022,W074,772.0,plastic,LUX
T,Luxembourg,2022,W075,5968.0,wood,LUX
T,Luxembourg,2022,W077_08,3036.0,weee + batt + vehicles,LUX
T,Luxembourg,2022,W09,161464.0,organic waste,LUX
T,Luxembourg,2022,W10,248282.0,mixed waste,LUX
T,Luxembourg,2022,W11,2.0,common sludges,LUX
T,Luxembourg,2022,W12-13,30482.0,mineral waste,LUX
T,Latvia,2004,W01-05,0.0,chemical and medical,LVA
T,Latvia,2004,W071,0.0,glass,LVA
T,Latvia,2004,W072,0.0,paper,LVA
T,Latvia,2004,W074,0.0,plastic,LVA
T,Latvia,2004,W075,0.0,wood,LVA
T,Latvia,2004,W077_08,0.0,weee + batt + vehicles,LVA
T,Latvia,2004,W09,0.0,organic waste,LVA
T,Latvia,2004,W10,1086980.0,mixed waste,LVA
T,Latvia,2004,W11,0.0,common sludges,LVA
T,Latvia,2004,W12-13,0.0,mineral waste,LVA
T,Latvia,2006,W01-05,24242.0,chemical and medical,LVA
T,Latvia,2006,W071,11374.0,glass,LVA
T,Latvia,2006,W072,35452.0,paper,LVA
T,Latvia,2006,W074,16748.0,plastic,LVA
T,Latvia,2006,W075,248.0,wood,LVA
T,Latvia,2006,W077_08,20520.0,weee + batt + vehicles,LVA
T,Latvia,2006,W09,0.0,organic waste,LVA
T,Latvia,2006,W10,1520710.0,mixed waste,LVA
T,Latvia,2006,W11,814.0,common sludges,LVA
T,Latvia,2006,W12-13,0.0,mineral waste,LVA
T,Latvia,2008,W01-05,25880.0,chemical and medical,LVA
T,Latvia,2008,W071,0.0,glass,LVA
T,Latvia,2008,W072,0.0,paper,LVA
T,Latvia,2008,W074,0.0,plastic,LVA
T,Latvia,2008,W075,0.0,wood,LVA
T,Latvia,2008,W077_08,39186.0,weee + batt + vehicles,LVA
T,Latvia,2008,W09,0.0,organic waste,LVA
T,Latvia,2008,W10,1140570.0,mixed waste,LVA
T,Latvia,2008,W11,0.0,common sludges,LVA
T,Latvia,2008,W12-13,296.0,mineral waste,LVA
T,Latvia,2010,W01-05,16442.0,chemical and medical,LVA
T,Latvia,2010,W06,0.0,metal,LVA
T,Latvia,2010,W071,17696.0,glass,LVA
T,Latvia,2010,W072,79972.0,paper,LVA
T,Latvia,2010,W074,7520.0,plastic,LVA
T,Latvia,2010,W075,0.0,wood,LVA
T,Latvia,2010,W077_08,48662.0,weee + batt + vehicles,LVA
T,Latvia,2010,W09,11490.0,organic waste,LVA
T,Latvia,2010,W10,786780.0,mixed waste,LVA
T,Latvia,2010,W11,7066.0,common sludges,LVA
T,Latvia,2010,W12-13,403814.0,mineral waste,LVA
T,Latvia,2012,W01-05,19525.0,chemical and medical,LVA
T,Latvia,2012,W06,0.0,metal,LVA
T,Latvia,2012,W071,50768.0,glass,LVA
T,Latvia,2012,W072,193974.0,paper,LVA
T,Latvia,2012,W074,32512.0,plastic,LVA
T,Latvia,2012,W075,6718.0,wood,LVA
T,Latvia,2012,W077_08,38877.0,weee + batt + vehicles,LVA
T,Latvia,2012,W09,171466.0,organic waste,LVA
T,Latvia,2012,W10,1249424.0,mixed waste,LVA
T,Latvia,2012,W11,27984.0,common sludges,LVA
T,Latvia,2012,W12-13,618139.0,mineral waste,LVA
T,Latvia,2014,W01-05,42264.0,chemical and medical,LVA
T,Latvia,2014,W06,0.0,metal,LVA
T,Latvia,2014,W071,78608.0,glass,LVA
T,Latvia,2014,W072,172966.0,paper,LVA
T,Latvia,2014,W074,17110.0,plastic,LVA
T,Latvia,2014,W075,43864.0,wood,LVA
T,Latvia,2014,W077_08,48648.0,weee + batt + vehicles,LVA
T,Latvia,2014,W09,33414.0,organic waste,LVA
T,Latvia,2014,W10,903280.0,mixed waste,LVA
T,Latvia,2014,W11,0.0,common sludges,LVA
T,Latvia,2014,W12-13,40608.0,mineral waste,LVA
T,Latvia,2016,W01-05,56478.0,chemical and medical,LVA
T,Latvia,2016,W06,10606.0,metal,LVA
T,Latvia,2016,W071,97716.0,glass,LVA
T,Latvia,2016,W072,203350.0,paper,LVA
T,Latvia,2016,W074,92586.0,plastic,LVA
T,Latvia,2016,W075,30514.0,wood,LVA
T,Latvia,2016,W077_08,36120.0,weee + batt + vehicles,LVA
T,Latvia,2016,W09,0.0,organic waste,LVA
T,Latvia,2016,W10,971328.0,mixed waste,LVA
T,Latvia,2016,W11,0.0,common sludges,LVA
T,Latvia,2016,W12-13,177516.0,mineral waste,LVA
T,Latvia,2018,W01-05,1534.0,chemical and medical,LVA
T,Latvia,2018,W06,65474.0,metal,LVA
T,Latvia,2018,W071,44318.0,glass,LVA
T,Latvia,2018,W072,126446.0,paper,LVA
T,Latvia,2018,W074,26610.0,plastic,LVA
T,Latvia,2018,W075,14722.0,wood,LVA
T,Latvia,2018,W077_08,52510.0,weee + batt + vehicles,LVA
T,Latvia,2018,W09,18064.0,organic waste,LVA
T,Latvia,2018,W10,740812.0,mixed waste,LVA
T,Latvia,2018,W11,572.0,common sludges,LVA
T,Latvia,2018,W12-13,12647.0,mineral waste,LVA
T,Latvia,2020,W01-05,14820.0,chemical and medical,LVA
T,Latvia,2020,W06,0.0,metal,LVA
T,Latvia,2020,W071,22528.0,glass,LVA
T,Latvia,2020,W072,115900.0,paper,LVA
T,Latvia,2020,W074,29026.0,plastic,LVA
T,Latvia,2020,W075,0.0,wood,LVA
T,Latvia,2020,W077_08,19378.0,weee + batt + vehicles,LVA
T,Latvia,2020,W09,0.0,organic waste,LVA
T,Latvia,2020,W10,1049716.0,mixed waste,LVA
T,Latvia,2020,W11,0.0,common sludges,LVA
T,Latvia,2020,W12-13,0.0,mineral waste,LVA
T,Latvia,2022,W01-05,12531.0,chemical and medical,LVA
T,Latvia,2022,W06,60918.0,metal,LVA
T,Latvia,2022,W071,68276.0,glass,LVA
T,Latvia,2022,W072,129370.0,paper,LVA
T,Latvia,2022,W074,46466.0,plastic,LVA
T,Latvia,2022,W075,50868.0,wood,LVA
T,Latvia,2022,W077_08,41530.0,weee + batt + vehicles,LVA
T,Latvia,2022,W09,62558.0,organic waste,LVA
T,Latvia,2022,W10,901490.0,mixed waste,LVA
T,Latvia,2022,W11,0.0,common sludges,LVA
T,Latvia,2022,W12-13,0.0,mineral waste,LVA
T,Montenegro,2010,W01-05,0.0,chemical and medical,
T,Montenegro,2010,W06,0.0,metal,
T,Montenegro,2010,W072,0.0,paper,
T,Montenegro,2010,W074,0.0,plastic,
T,Montenegro,2010,W077_08,0.0,weee + batt + vehicles,
T,Montenegro,2010,W09,0.0,organic waste,
T,Montenegro,2010,W10,0.0,mixed waste,
T,Montenegro,2010,W11,0.0,common sludges,
T,Montenegro,2012,W01-05,104.0,chemical and medical,
T,Montenegro,2012,W06,2560.0,metal,
T,Montenegro,2012,W071,3860.0,glass,
T,Montenegro,2012,W072,9848.0,paper,
T,Montenegro,2012,W074,6352.0,plastic,
T,Montenegro,2012,W075,478.0,wood,
T,Montenegro,2012,W077_08,32.0,weee + batt + vehicles,
T,Montenegro,2012,W09,25168.0,organic waste,
T,Montenegro,2012,W10,359038.0,mixed waste,
T,Montenegro,2012,W11,0.0,common sludges,
T,Montenegro,2012,W12-13,7070.0,mineral waste,
T,Montenegro,2014,W01-05,400.0,chemical and medical,
T,Montenegro,2014,W06,3208.0,metal,
T,Montenegro,2014,W071,3378.0,glass,
T,Montenegro,2014,W072,6942.0,paper,
T,Montenegro,2014,W074,3544.0,plastic,
T,Montenegro,2014,W075,464.0,wood,
T,Montenegro,2014,W077_08,20.0,weee + batt + vehicles,
T,Montenegro,2014,W09,31836.0,organic waste,
T,Montenegro,2014,W10,392134.0,mixed waste,
T,Montenegro,2014,W11,0.0,common sludges,
T,Montenegro,2014,W12-13,17182.0,mineral waste,
T,Montenegro,2016,W01-05,4.0,chemical and medical,
T,Montenegro,2016,W06,1820.0,metal,
T,Montenegro,2016,W071,3126.0,glass,
T,Montenegro,2016,W072,10098.0,paper,
T,Montenegro,2016,W074,3884.0,plastic,
T,Montenegro,2016,W075,312.0,wood,
T,Montenegro,2016,W077_08,22.0,weee + batt + vehicles,
T,Montenegro,2016,W09,42788.0,organic waste,
T,Montenegro,2016,W10,413018.0,mixed waste,
T,Montenegro,2016,W11,0.0,common sludges,
T,Montenegro,2016,W12-13,17674.0,mineral waste,
T,Montenegro,2018,W01-05,392.0,chemical and medical,
T,Montenegro,2018,W06,1802.0,metal,
T,Montenegro,2018,W071,3932.0,glass,
T,Montenegro,2018,W072,8432.0,paper,
T,Montenegro,2018,W074,3538.0,plastic,
T,Montenegro,2018,W075,332.0,wood,
T,Montenegro,2018,W077_08,44.0,weee + batt + vehicles,
T,Montenegro,2018,W09,45852.0,organic waste,
T,Montenegro,2018,W10,431638.0,mixed waste,
T,Montenegro,2018,W11,0.0,common sludges,
T,Montenegro,2018,W12-13,11794.0,mineral waste,
T,Montenegro,2020,W01-05,28.0,chemical and medical,
T,Montenegro,2020,W06,1522.0,metal,
T,Montenegro,2020,W071,2262.0,glass,
T,Montenegro,2020,W072,9018.0,paper,
T,Montenegro,2020,W074,3486.0,plastic,
T,Montenegro,2020,W075,282.0,wood,
T,Montenegro,2020,W077_08,70.0,weee + batt + vehicles,
T,Montenegro,2020,W09,36346.0,organic waste,
T,Montenegro,2020,W10,404234.0,mixed waste,
T,Montenegro,2020,W11,0.0,common sludges,
T,Montenegro,2020,W12-13,3888.0,mineral waste,
T,Montenegro,2022,W01-05,22.0,chemical and medical,
T,Montenegro,2022,W06,2392.0,metal,
T,Montenegro,2022,W071,2940.0,glass,
T,Montenegro,2022,W072,9304.0,paper,
T,Montenegro,2022,W074,4682.0,plastic,
T,Montenegro,2022,W075,404.0,wood,
T,Montenegro,2022,W077_08,26.0,weee + batt + vehicles,
T,Montenegro,2022,W09,31512.0,organic waste,
T,Montenegro,2022,W10,452292.0,mixed waste,
T,Montenegro,2022,W11,0.0,common sludges,
T,Montenegro,2022,W12-13,7276.0,mineral waste,
T,North Macedonia,2008,W01-05,0.0,chemical and medical,
T,North Macedonia,2008,W071,0.0,glass,
T,North Macedonia,2008,W072,0.0,paper,
T,North Macedonia,2008,W074,0.0,plastic,
T,North Macedonia,2008,W075,0.0,wood,
T,North Macedonia,2008,W077_08,0.0,weee + batt + vehicles,
T,North Macedonia,2008,W09,0.0,organic waste,
T,North Macedonia,2008,W10,0.0,mixed waste,
T,North Macedonia,2008,W11,0.0,common sludges,
T,North Macedonia,2008,W12-13,0.0,mineral waste,
T,North Macedonia,2010,W01-05,0.0,chemical and medical,
T,North Macedonia,2010,W06,0.0,metal,
T,North Macedonia,2010,W071,0.0,glass,
T,North Macedonia,2010,W072,0.0,paper,
T,North Macedonia,2010,W074,0.0,plastic,
T,North Macedonia,2010,W075,0.0,wood,
T,North Macedonia,2010,W077_08,0.0,weee + batt + vehicles,
T,North Macedonia,2010,W09,0.0,organic waste,
T,North Macedonia,2010,W10,902764.0,mixed waste,
T,North Macedonia,2010,W11,0.0,common sludges,
T,North Macedonia,2010,W12-13,0.0,mineral waste,
T,North Macedonia,2012,W01-05,0.0,chemical and medical,
T,North Macedonia,2012,W06,0.0,metal,
T,North Macedonia,2012,W071,0.0,glass,
T,North Macedonia,2012,W072,0.0,paper,
T,North Macedonia,2012,W074,0.0,plastic,
T,North Macedonia,2012,W075,0.0,wood,
T,North Macedonia,2012,W077_08,0.0,weee + batt + vehicles,
T,North Macedonia,2012,W09,0.0,organic waste,
T,North Macedonia,2012,W10,0.0,mixed waste,
T,North Macedonia,2012,W11,0.0,common sludges,
T,North Macedonia,2012,W12-13,0.0,mineral waste,
T,North Macedonia,2014,W01-05,0.0,chemical and medical,
T,North Macedonia,2014,W06,0.0,metal,
T,North Macedonia,2014,W071,0.0,glass,
T,North Macedonia,2014,W072,0.0,paper,
T,North Macedonia,2014,W074,0.0,plastic,
T,North Macedonia,2014,W075,0.0,wood,
T,North Macedonia,2014,W077_08,0.0,weee + batt + vehicles,
T,North Macedonia,2014,W09,0.0,organic waste,
T,North Macedonia,2014,W10,0.0,mixed waste,
T,North Macedonia,2014,W11,0.0,common sludges,
T,North Macedonia,2014,W12-13,0.0,mineral waste,
T,North Macedonia,2016,W01-05,0.0,chemical and medical,
T,North Macedonia,2016,W06,0.0,metal,
T,North Macedonia,2016,W071,0.0,glass,
T,North Macedonia,2016,W072,0.0,paper,
T,North Macedonia,2016,W074,0.0,plastic,
T,North Macedonia,2016,W075,0.0,wood,
T,North Macedonia,2016,W077_08,0.0,weee + batt + vehicles,
T,North Macedonia,2016,W09,0.0,organic waste,
T,North Macedonia,2016,W10,0.0,mixed waste,
T,North Macedonia,2016,W11,0.0,common sludges,
T,North Macedonia,2016,W12-13,0.0,mineral waste,
T,North Macedonia,2018,W01-05,0.0,chemical and medical,
T,North Macedonia,2018,W06,0.0,metal,
T,North Macedonia,2018,W071,0.0,glass,
T,North Macedonia,2018,W072,0.0,paper,
T,North Macedonia,2018,W074,0.0,plastic,
T,North Macedonia,2018,W075,0.0,wood,
T,North Macedonia,2018,W077_08,0.0,weee + batt + vehicles,
T,North Macedonia,2018,W09,0.0,organic waste,
T,North Macedonia,2018,W10,0.0,mixed waste,
T,North Macedonia,2018,W11,0.0,common sludges,
T,North Macedonia,2018,W12-13,0.0,mineral waste,
T,North Macedonia,2020,W01-05,0.0,chemical and medical,
T,North Macedonia,2020,W06,0.0,metal,
T,North Macedonia,2020,W071,0.0,glass,
T,North Macedonia,2020,W072,0.0,paper,
T,North Macedonia,2020,W074,0.0,plastic,
T,North Macedonia,2020,W075,0.0,wood,
T,North Macedonia,2020,W077_08,0.0,weee + batt + vehicles,
T,North Macedonia,2020,W09,0.0,organic waste,
T,North Macedonia,2020,W10,0.0,mixed waste,
T,North Macedonia,2020,W11,0.0,common sludges,
T,North Macedonia,2020,W12-13,0.0,mineral waste,
T,North Macedonia,2022,W01-05,0.0,chemical and medical,
T,North Macedonia,2022,W06,0.0,metal,
T,North Macedonia,2022,W071,0.0,glass,
T,North Macedonia,2022,W072,0.0,paper,
T,North Macedonia,2022,W074,0.0,plastic,
T,North Macedonia,2022,W075,0.0,wood,
T,North Macedonia,2022,W077_08,0.0,weee + batt + vehicles,
T,North Macedonia,2022,W09,0.0,organic waste,
T,North Macedonia,2022,W10,0.0,mixed waste,
T,North Macedonia,2022,W11,0.0,common sludges,
T,North Macedonia,2022,W12-13,1014276.0,mineral waste,
T,Malta,2004,W01-05,0.0,chemical and medical,MLT
T,Malta,2004,W071,324.0,glass,MLT
T,Malta,2004,W072,1950.0,paper,MLT
T,Malta,2004,W074,184.0,plastic,MLT
T,Malta,2004,W075,530.0,wood,MLT
T,Malta,2004,W077_08,9928.0,weee + batt + vehicles,MLT
T,Malta,2004,W09,0.0,organic waste,MLT
T,Malta,2004,W10,245810.0,mixed waste,MLT
T,Malta,2004,W11,216.0,common sludges,MLT
T,Malta,2004,W12-13,0.0,mineral waste,MLT
T,Malta,2006,W01-05,0.0,chemical and medical,MLT
T,Malta,2006,W071,1370.0,glass,MLT
T,Malta,2006,W072,2908.0,paper,MLT
T,Malta,2006,W074,432.0,plastic,MLT
T,Malta,2006,W075,676.0,wood,MLT
T,Malta,2006,W077_08,5722.0,weee + batt + vehicles,MLT
T,Malta,2006,W09,0.0,organic waste,MLT
T,Malta,2006,W10,240238.0,mixed waste,MLT
T,Malta,2006,W11,0.0,common sludges,MLT
T,Malta,2006,W12-13,0.0,mineral waste,MLT
T,Malta,2008,W01-05,0.0,chemical and medical,MLT
T,Malta,2008,W071,14402.0,glass,MLT
T,Malta,2008,W072,1954.0,paper,MLT
T,Malta,2008,W074,1168.0,plastic,MLT
T,Malta,2008,W075,0.0,wood,MLT
T,Malta,2008,W077_08,6160.0,weee + batt + vehicles,MLT
T,Malta,2008,W09,0.0,organic waste,MLT
T,Malta,2008,W10,259360.0,mixed waste,MLT
T,Malta,2008,W11,0.0,common sludges,MLT
T,Malta,2008,W12-13,0.0,mineral waste,MLT
T,Malta,2010,W01-05,106.0,chemical and medical,MLT
T,Malta,2010,W06,84.0,metal,MLT
T,Malta,2010,W071,3554.0,glass,MLT
T,Malta,2010,W072,4302.0,paper,MLT
T,Malta,2010,W074,2286.0,plastic,MLT
T,Malta,2010,W075,13392.0,wood,MLT
T,Malta,2010,W077_08,13364.0,weee + batt + vehicles,MLT
T,Malta,2010,W09,5708.0,organic waste,MLT
T,Malta,2010,W10,252660.0,mixed waste,MLT
T,Malta,2010,W11,0.0,common sludges,MLT
T,Malta,2010,W12-13,17002.0,mineral waste,MLT
T,Malta,2012,W01-05,1200.0,chemical and medical,MLT
T,Malta,2012,W06,2870.0,metal,MLT
T,Malta,2012,W071,4066.0,glass,MLT
T,Malta,2012,W072,2736.0,paper,MLT
T,Malta,2012,W074,1188.0,plastic,MLT
T,Malta,2012,W075,19214.0,wood,MLT
T,Malta,2012,W077_08,24849.0,weee + batt + vehicles,MLT
T,Malta,2012,W09,8832.0,organic waste,MLT
T,Malta,2012,W10,216336.0,mixed waste,MLT
T,Malta,2012,W11,0.0,common sludges,MLT
T,Malta,2012,W12-13,14632.0,mineral waste,MLT
T,Malta,2014,W01-05,846.0,chemical and medical,MLT
T,Malta,2014,W06,2760.0,metal,MLT
T,Malta,2014,W071,4892.0,glass,MLT
T,Malta,2014,W072,3358.0,paper,MLT
T,Malta,2014,W074,1488.0,plastic,MLT
T,Malta,2014,W075,23526.0,wood,MLT
T,Malta,2014,W077_08,11760.0,weee + batt + vehicles,MLT
T,Malta,2014,W09,9998.0,organic waste,MLT
T,Malta,2014,W10,226084.0,mixed waste,MLT
T,Malta,2014,W11,0.0,common sludges,MLT
T,Malta,2014,W12-13,20324.0,mineral waste,MLT
T,Malta,2016,W01-05,502.0,chemical and medical,MLT
T,Malta,2016,W06,2996.0,metal,MLT
T,Malta,2016,W071,3254.0,glass,MLT
T,Malta,2016,W072,3012.0,paper,MLT
T,Malta,2016,W074,1288.0,plastic,MLT
T,Malta,2016,W075,15876.0,wood,MLT
T,Malta,2016,W077_08,12026.0,weee + batt + vehicles,MLT
T,Malta,2016,W09,8810.0,organic waste,MLT
T,Malta,2016,W10,256602.0,mixed waste,MLT
T,Malta,2016,W11,0.0,common sludges,MLT
T,Malta,2016,W12-13,22876.0,mineral waste,MLT
T,Malta,2018,W01-05,1504.0,chemical and medical,MLT
T,Malta,2018,W06,2432.0,metal,MLT
T,Malta,2018,W071,8944.0,glass,MLT
T,Malta,2018,W072,3376.0,paper,MLT
T,Malta,2018,W074,1280.0,plastic,MLT
T,Malta,2018,W075,14580.0,wood,MLT
T,Malta,2018,W077_08,29840.0,weee + batt + vehicles,MLT
T,Malta,2018,W09,19282.0,organic waste,MLT
T,Malta,2018,W10,263752.0,mixed waste,MLT
T,Malta,2018,W11,0.0,common sludges,MLT
T,Malta,2018,W12-13,21374.0,mineral waste,MLT
T,Malta,2020,W01-05,982.0,chemical and medical,MLT
T,Malta,2020,W06,2880.0,metal,MLT
T,Malta,2020,W071,12580.0,glass,MLT
T,Malta,2020,W072,4250.0,paper,MLT
T,Malta,2020,W074,1582.0,plastic,MLT
T,Malta,2020,W075,14868.0,wood,MLT
T,Malta,2020,W077_08,26760.0,weee + batt + vehicles,MLT
T,Malta,2020,W09,57274.0,organic waste,MLT
T,Malta,2020,W10,238776.0,mixed waste,MLT
T,Malta,2020,W11,0.0,common sludges,MLT
T,Malta,2020,W12-13,27322.0,mineral waste,MLT
T,Malta,2022,W01-05,1000.0,chemical and medical,MLT
T,Malta,2022,W06,2084.0,metal,MLT
T,Malta,2022,W071,13478.0,glass,MLT
T,Malta,2022,W072,4628.0,paper,MLT
T,Malta,2022,W074,1076.0,plastic,MLT
T,Malta,2022,W075,13022.0,wood,MLT
T,Malta,2022,W077_08,31580.0,weee + batt + vehicles,MLT
T,Malta,2022,W09,44144.0,organic waste,MLT
T,Malta,2022,W10,249218.0,mixed waste,MLT
T,Malta,2022,W11,0.0,common sludges,MLT
T,Malta,2022,W12-13,26192.0,mineral waste,MLT
T,Netherlands,2004,W01-05,50040.0,chemical and medical,NLD
T,Netherlands,2004,W071,699958.0,glass,NLD
T,Netherlands,2004,W072,2234262.0,paper,NLD
T,Netherlands,2004,W074,9502.0,plastic,NLD
T,Netherlands,2004,W075,527540.0,wood,NLD
T,Netherlands,2004,W077_08,691750.0,weee + batt + vehicles,NLD
T,Netherlands,2004,W09,0.0,organic waste,NLD
T,Netherlands,2004,W10,9375168.0,mixed waste,NLD
T,Netherlands,2004,W11,14.0,common sludges,NLD
T,Netherlands,2004,W12-13,8.0,mineral waste,NLD
T,Netherlands,2006,W01-05,36252.0,chemical and medical,NLD
T,Netherlands,2006,W071,697042.0,glass,NLD
T,Netherlands,2006,W072,2354210.0,paper,NLD
T,Netherlands,2006,W074,12184.0,plastic,NLD
T,Netherlands,2006,W075,579010.0,wood,NLD
T,Netherlands,2006,W077_08,614386.0,weee + batt + vehicles,NLD
T,Netherlands,2006,W09,0.0,organic waste,NLD
T,Netherlands,2006,W10,9499362.0,mixed waste,NLD
T,Netherlands,2006,W11,0.0,common sludges,NLD
T,Netherlands,2006,W12-13,0.0,mineral waste,NLD
T,Netherlands,2008,W01-05,36424.0,chemical and medical,NLD
T,Netherlands,2008,W071,712788.0,glass,NLD
T,Netherlands,2008,W072,2484616.0,paper,NLD
T,Netherlands,2008,W074,25472.0,plastic,NLD
T,Netherlands,2008,W075,634274.0,wood,NLD
T,Netherlands,2008,W077_08,570014.0,weee + batt + vehicles,NLD
T,Netherlands,2008,W09,0.0,organic waste,NLD
T,Netherlands,2008,W10,9391288.0,mixed waste,NLD
T,Netherlands,2008,W11,0.0,common sludges,NLD
T,Netherlands,2008,W12-13,0.0,mineral waste,NLD
T,Netherlands,2010,W01-05,34840.0,chemical and medical,NLD
T,Netherlands,2010,W06,128698.0,metal,NLD
T,Netherlands,2010,W071,715496.0,glass,NLD
T,Netherlands,2010,W072,2255146.0,paper,NLD
T,Netherlands,2010,W074,179102.0,plastic,NLD
T,Netherlands,2010,W075,598348.0,wood,NLD
T,Netherlands,2010,W077_08,702776.0,weee + batt + vehicles,NLD
T,Netherlands,2010,W09,3415054.0,organic waste,NLD
T,Netherlands,2010,W10,8871892.0,mixed waste,NLD
T,Netherlands,2010,W11,0.0,common sludges,NLD
T,Netherlands,2010,W12-13,1021774.0,mineral waste,NLD
T,Netherlands,2012,W01-05,0.0,chemical and medical,NLD
T,Netherlands,2012,W06,0.0,metal,NLD
T,Netherlands,2012,W072,0.0,paper,NLD
T,Netherlands,2012,W074,0.0,plastic,NLD
T,Netherlands,2012,W077_08,0.0,weee + batt + vehicles,NLD
T,Netherlands,2012,W09,0.0,organic waste,NLD
T,Netherlands,2012,W10,0.0,mixed waste,NLD
T,Netherlands,2012,W11,0.0,common sludges,NLD
T,Netherlands,2014,W01-05,0.0,chemical and medical,NLD
T,Netherlands,2014,W06,0.0,metal,NLD
T,Netherlands,2014,W072,0.0,paper,NLD
T,Netherlands,2014,W074,0.0,plastic,NLD
T,Netherlands,2014,W077_08,0.0,weee + batt + vehicles,NLD
T,Netherlands,2014,W09,0.0,organic waste,NLD
T,Netherlands,2014,W10,0.0,mixed waste,NLD
T,Netherlands,2014,W11,0.0,common sludges,NLD
T,Netherlands,2016,W01-05,32652.0,chemical and medical,NLD
T,Netherlands,2016,W06,120940.0,metal,NLD
T,Netherlands,2016,W071,704074.0,glass,NLD
T,Netherlands,2016,W072,1734124.0,paper,NLD
T,Netherlands,2016,W074,100868.0,plastic,NLD
T,Netherlands,2016,W075,697200.0,wood,NLD
T,Netherlands,2016,W077_08,690504.0,weee + batt + vehicles,NLD
T,Netherlands,2016,W09,3748980.0,organic waste,NLD
T,Netherlands,2016,W10,7919670.0,mixed waste,NLD
T,Netherlands,2016,W11,0.0,common sludges,NLD
T,Netherlands,2016,W12-13,1049666.0,mineral waste,NLD
T,Netherlands,2018,W01-05,35244.0,chemical and medical,NLD
T,Netherlands,2018,W06,131334.0,metal,NLD
T,Netherlands,2018,W071,718936.0,glass,NLD
T,Netherlands,2018,W072,1653224.0,paper,NLD
T,Netherlands,2018,W074,75066.0,plastic,NLD
T,Netherlands,2018,W075,804160.0,wood,NLD
T,Netherlands,2018,W077_08,816888.0,weee + batt + vehicles,NLD
T,Netherlands,2018,W09,3962616.0,organic waste,NLD
T,Netherlands,2018,W10,7680358.0,mixed waste,NLD
T,Netherlands,2018,W11,0.0,common sludges,NLD
T,Netherlands,2018,W12-13,1108200.0,mineral waste,NLD
T,Netherlands,2020,W01-05,39994.0,chemical and medical,NLD
T,Netherlands,2020,W06,150074.0,metal,NLD
T,Netherlands,2020,W071,807474.0,glass,NLD
T,Netherlands,2020,W072,1669084.0,paper,NLD
T,Netherlands,2020,W074,79754.0,plastic,NLD
T,Netherlands,2020,W075,954884.0,wood,NLD
T,Netherlands,2020,W077_08,860836.0,weee + batt + vehicles,NLD
T,Netherlands,2020,W09,4345206.0,organic waste,NLD
T,Netherlands,2020,W10,8039532.0,mixed waste,NLD
T,Netherlands,2020,W11,0.0,common sludges,NLD
T,Netherlands,2020,W12-13,1333174.0,mineral waste,NLD
T,Netherlands,2022,W01-05,32146.0,chemical and medical,NLD
T,Netherlands,2022,W06,122008.0,metal,NLD
T,Netherlands,2022,W071,745978.0,glass,NLD
T,Netherlands,2022,W072,1513584.0,paper,NLD
T,Netherlands,2022,W074,70406.0,plastic,NLD
T,Netherlands,2022,W075,784650.0,wood,NLD
T,Netherlands,2022,W077_08,772880.0,weee + batt + vehicles,NLD
T,Netherlands,2022,W09,3903960.0,organic waste,NLD
T,Netherlands,2022,W10,7187350.0,mixed waste,NLD
T,Netherlands,2022,W11,0.0,common sludges,NLD
T,Netherlands,2022,W12-13,1081188.0,mineral waste,NLD
T,Norway,2004,W01-05,11844.0,chemical and medical,NOR
T,Norway,2004,W071,80472.0,glass,NOR
T,Norway,2004,W072,517442.0,paper,NOR
T,Norway,2004,W074,13460.0,plastic,NOR
T,Norway,2004,W075,191886.0,wood,NOR
T,Norway,2004,W077_08,426148.0,weee + batt + vehicles,NOR
T,Norway,2004,W09,0.0,organic waste,NOR
T,Norway,2004,W10,1976350.0,mixed waste,NOR
T,Norway,2004,W11,0.0,common sludges,NOR
T,Norway,2004,W12-13,0.0,mineral waste,NOR
T,Norway,2006,W01-05,13424.0,chemical and medical,NOR
T,Norway,2006,W071,87930.0,glass,NOR
T,Norway,2006,W072,656750.0,paper,NOR
T,Norway,2006,W074,25012.0,plastic,NOR
T,Norway,2006,W075,299668.0,wood,NOR
T,Norway,2006,W077_08,272128.0,weee + batt + vehicles,NOR
T,Norway,2006,W09,0.0,organic waste,NOR
T,Norway,2006,W10,2309092.0,mixed waste,NOR
T,Norway,2006,W11,0.0,common sludges,NOR
T,Norway,2006,W12-13,0.0,mineral waste,NOR
T,Norway,2008,W01-05,19674.0,chemical and medical,NOR
T,Norway,2008,W071,98000.0,glass,NOR
T,Norway,2008,W072,700000.0,paper,NOR
T,Norway,2008,W074,36000.0,plastic,NOR
T,Norway,2008,W075,380494.0,wood,NOR
T,Norway,2008,W077_08,283382.0,weee + batt + vehicles,NOR
T,Norway,2008,W09,0.0,organic waste,NOR
T,Norway,2008,W10,2076212.0,mixed waste,NOR
T,Norway,2008,W11,0.0,common sludges,NOR
T,Norway,2008,W12-13,0.0,mineral waste,NOR
T,Norway,2010,W01-05,19992.0,chemical and medical,NOR
T,Norway,2010,W06,136080.0,metal,NOR
T,Norway,2010,W071,102194.0,glass,NOR
T,Norway,2010,W072,620000.0,paper,NOR
T,Norway,2010,W074,49686.0,plastic,NOR
T,Norway,2010,W075,410378.0,wood,NOR
T,Norway,2010,W077_08,253084.0,weee + batt + vehicles,NOR
T,Norway,2010,W09,668700.0,organic waste,NOR
T,Norway,2010,W10,2072740.0,mixed waste,NOR
T,Norway,2010,W11,0.0,common sludges,NOR
T,Norway,2010,W12-13,6010.0,mineral waste,NOR
T,Norway,2012,W01-05,5244.0,chemical and medical,NOR
T,Norway,2012,W06,157540.0,metal,NOR
T,Norway,2012,W071,105246.0,glass,NOR
T,Norway,2012,W072,603360.0,paper,NOR
T,Norway,2012,W074,66344.0,plastic,NOR
T,Norway,2012,W075,469930.0,wood,NOR
T,Norway,2012,W077_08,377040.0,weee + batt + vehicles,NOR
T,Norway,2012,W09,694612.0,organic waste,NOR
T,Norway,2012,W10,2391860.0,mixed waste,NOR
T,Norway,2012,W11,0.0,common sludges,NOR
T,Norway,2012,W12-13,0.0,mineral waste,NOR
T,Norway,2014,W01-05,23198.0,chemical and medical,NOR
T,Norway,2014,W06,166846.0,metal,NOR
T,Norway,2014,W071,113674.0,glass,NOR
T,Norway,2014,W072,553522.0,paper,NOR
T,Norway,2014,W074,72648.0,plastic,NOR
T,Norway,2014,W075,594040.0,wood,NOR
T,Norway,2014,W077_08,459484.0,weee + batt + vehicles,NOR
T,Norway,2014,W09,681400.0,organic waste,NOR
T,Norway,2014,W10,2182254.0,mixed waste,NOR
T,Norway,2014,W11,0.0,common sludges,NOR
T,Norway,2014,W12-13,5726.0,mineral waste,NOR
T,Norway,2016,W01-05,36402.0,chemical and medical,NOR
T,Norway,2016,W06,179152.0,metal,NOR
T,Norway,2016,W071,125236.0,glass,NOR
T,Norway,2016,W072,519982.0,paper,NOR
T,Norway,2016,W074,79624.0,plastic,NOR
T,Norway,2016,W075,644132.0,wood,NOR
T,Norway,2016,W077_08,435912.0,weee + batt + vehicles,NOR
T,Norway,2016,W09,684954.0,organic waste,NOR
T,Norway,2016,W10,2173492.0,mixed waste,NOR
T,Norway,2016,W11,0.0,common sludges,NOR
T,Norway,2016,W12-13,8726.0,mineral waste,NOR
T,Norway,2018,W01-05,27522.0,chemical and medical,NOR
T,Norway,2018,W06,191958.0,metal,NOR
T,Norway,2018,W071,140552.0,glass,NOR
T,Norway,2018,W072,477764.0,paper,NOR
T,Norway,2018,W074,91998.0,plastic,NOR
T,Norway,2018,W075,607472.0,wood,NOR
T,Norway,2018,W077_08,472602.0,weee + batt + vehicles,NOR
T,Norway,2018,W09,696146.0,organic waste,NOR
T,Norway,2018,W10,1975286.0,mixed waste,NOR
T,Norway,2018,W11,0.0,common sludges,NOR
T,Norway,2018,W12-13,147148.0,mineral waste,NOR
T,Norway,2020,W01-05,39224.0,chemical and medical,NOR
T,Norway,2020,W06,219266.0,metal,NOR
T,Norway,2020,W071,143624.0,glass,NOR
T,Norway,2020,W072,463412.0,paper,NOR
T,Norway,2020,W074,114732.0,plastic,NOR
T,Norway,2020,W075,724008.0,wood,NOR
T,Norway,2020,W077_08,434126.0,weee + batt + vehicles,NOR
T,Norway,2020,W09,770862.0,organic waste,NOR
T,Norway,2020,W10,1978590.0,mixed waste,NOR
T,Norway,2020,W11,0.0,common sludges,NOR
T,Norway,2020,W12-13,264972.0,mineral waste,NOR
T,Norway,2022,W01-05,29152.0,chemical and medical,NOR
T,Norway,2022,W06,178554.0,metal,NOR
T,Norway,2022,W071,158208.0,glass,NOR
T,Norway,2022,W072,408174.0,paper,NOR
T,Norway,2022,W074,104236.0,plastic,NOR
T,Norway,2022,W075,502016.0,wood,NOR
T,Norway,2022,W077_08,375448.0,weee + batt + vehicles,NOR
T,Norway,2022,W09,677936.0,organic waste,NOR
T,Norway,2022,W10,1770564.0,mixed waste,NOR
T,Norway,2022,W11,0.0,common sludges,NOR
T,Norway,2022,W12-13,253752.0,mineral waste,NOR
T,Poland,2004,W01-05,0.0,chemical and medical,POL
T,Poland,2004,W071,120920.0,glass,POL
T,Poland,2004,W072,55314.0,paper,POL
T,Poland,2004,W074,45710.0,plastic,POL
T,Poland,2004,W075,0.0,wood,POL
T,Poland,2004,W077_08,84.0,weee + batt + vehicles,POL
T,Poland,2004,W09,0.0,organic waste,POL
T,Poland,2004,W10,13281660.0,mixed waste,POL
T,Poland,2004,W11,0.0,common sludges,POL
T,Poland,2004,W12-13,0.0,mineral waste,POL
T,Poland,2006,W01-05,0.0,chemical and medical,POL
T,Poland,2006,W071,179252.0,glass,POL
T,Poland,2006,W072,88612.0,paper,POL
T,Poland,2006,W074,80660.0,plastic,POL
T,Poland,2006,W075,0.0,wood,POL
T,Poland,2006,W077_08,944.0,weee + batt + vehicles,POL
T,Poland,2006,W09,0.0,organic waste,POL
T,Poland,2006,W10,13367638.0,mixed waste,POL
T,Poland,2006,W11,0.0,common sludges,POL
T,Poland,2006,W12-13,0.0,mineral waste,POL
T,Poland,2008,W01-05,0.0,chemical and medical,POL
T,Poland,2008,W071,274306.0,glass,POL
T,Poland,2008,W072,139268.0,paper,POL
T,Poland,2008,W074,121614.0,plastic,POL
T,Poland,2008,W075,0.0,wood,POL
T,Poland,2008,W077_08,24420.0,weee + batt + vehicles,POL
T,Poland,2008,W09,0.0,organic waste,POL
T,Poland,2008,W10,13115538.0,mixed waste,POL
T,Poland,2008,W11,0.0,common sludges,POL
T,Poland,2008,W12-13,0.0,mineral waste,POL
T,Poland,2010,W01-05,0.0,chemical and medical,POL
T,Poland,2010,W06,24948.0,metal,POL
T,Poland,2010,W071,351952.0,glass,POL
T,Poland,2010,W072,189530.0,paper,POL
T,Poland,2010,W074,187530.0,plastic,POL
T,Poland,2010,W075,0.0,wood,POL
T,Poland,2010,W077_08,22884.0,weee + batt + vehicles,POL
T,Poland,2010,W09,169522.0,organic waste,POL
T,Poland,2010,W10,16762492.0,mixed waste,POL
T,Poland,2010,W11,0.0,common sludges,POL
T,Poland,2010,W12-13,0.0,mineral waste,POL
T,Poland,2012,W01-05,0.0,chemical and medical,POL
T,Poland,2012,W06,22214.0,metal,POL
T,Poland,2012,W071,452466.0,glass,POL
T,Poland,2012,W072,212784.0,paper,POL
T,Poland,2012,W074,268298.0,plastic,POL
T,Poland,2012,W075,0.0,wood,POL
T,Poland,2012,W077_08,40640.0,weee + batt + vehicles,POL
T,Poland,2012,W09,209280.0,organic waste,POL
T,Poland,2012,W10,17368238.0,mixed waste,POL
T,Poland,2012,W11,0.0,common sludges,POL
T,Poland,2012,W12-13,0.0,mineral waste,POL
T,Poland,2014,W01-05,1654.0,chemical and medical,POL
T,Poland,2014,W06,36740.0,metal,POL
T,Poland,2014,W071,729168.0,glass,POL
T,Poland,2014,W072,339220.0,paper,POL
T,Poland,2014,W074,547692.0,plastic,POL
T,Poland,2014,W075,0.0,wood,POL
T,Poland,2014,W077_08,50366.0,weee + batt + vehicles,POL
T,Poland,2014,W09,989002.0,organic waste,POL
T,Poland,2014,W10,13724090.0,mixed waste,POL
T,Poland,2014,W11,0.0,common sludges,POL
T,Poland,2014,W12-13,0.0,mineral waste,POL
T,Poland,2016,W01-05,1930.0,chemical and medical,POL
T,Poland,2016,W06,44304.0,metal,POL
T,Poland,2016,W071,811214.0,glass,POL
T,Poland,2016,W072,404128.0,paper,POL
T,Poland,2016,W074,543360.0,plastic,POL
T,Poland,2016,W075,0.0,wood,POL
T,Poland,2016,W077_08,0.0,weee + batt + vehicles,POL
T,Poland,2016,W09,1457028.0,organic waste,POL
T,Poland,2016,W10,15804120.0,mixed waste,POL
T,Poland,2016,W11,0.0,common sludges,POL
T,Poland,2016,W12-13,0.0,mineral waste,POL
T,Poland,2018,W01-05,5000.0,chemical and medical,POL
T,Poland,2018,W06,23748.0,metal,POL
T,Poland,2018,W071,1010118.0,glass,POL
T,Poland,2018,W072,538808.0,paper,POL
T,Poland,2018,W074,661036.0,plastic,POL
T,Poland,2018,W075,24.0,wood,POL
T,Poland,2018,W077_08,604176.0,weee + batt + vehicles,POL
T,Poland,2018,W09,2030756.0,organic waste,POL
T,Poland,2018,W10,14257310.0,mixed waste,POL
T,Poland,2018,W11,0.0,common sludges,POL
T,Poland,2018,W12-13,0.0,mineral waste,POL
T,Poland,2020,W01-05,4868.0,chemical and medical,POL
T,Poland,2020,W06,13498.0,metal,POL
T,Poland,2020,W071,1446536.0,glass,POL
T,Poland,2020,W072,975944.0,paper,POL
T,Poland,2020,W074,948156.0,plastic,POL
T,Poland,2020,W075,5698.0,wood,POL
T,Poland,2020,W077_08,51152.0,weee + batt + vehicles,POL
T,Poland,2020,W09,3086770.0,organic waste,POL
T,Poland,2020,W10,18938278.0,mixed waste,POL
T,Poland,2020,W11,0.0,common sludges,POL
T,Poland,2020,W12-13,794770.0,mineral waste,POL
T,Poland,2022,W01-05,10470.0,chemical and medical,POL
T,Poland,2022,W06,201652.0,metal,POL
T,Poland,2022,W071,1577746.0,glass,POL
T,Poland,2022,W072,1423162.0,paper,POL
T,Poland,2022,W074,1084260.0,plastic,POL
T,Poland,2022,W075,11907.0,wood,POL
T,Poland,2022,W077_08,211154.0,weee + batt + vehicles,POL
T,Poland,2022,W09,3941652.0,organic waste,POL
T,Poland,2022,W10,19079628.0,mixed waste,POL
T,Poland,2022,W11,208.0,common sludges,POL
T,Poland,2022,W12-13,13924.0,mineral waste,POL
T,Portugal,2004,W01-05,26178.0,chemical and medical,PRT
T,Portugal,2004,W071,214164.0,glass,PRT
T,Portugal,2004,W072,188790.0,paper,PRT
T,Portugal,2004,W074,0.0,plastic,PRT
T,Portugal,2004,W075,0.0,wood,PRT
T,Portugal,2004,W077_08,68.0,weee + batt + vehicles,PRT
T,Portugal,2004,W09,0.0,organic waste,PRT
T,Portugal,2004,W10,8736020.0,mixed waste,PRT
T,Portugal,2004,W11,0.0,common sludges,PRT
T,Portugal,2004,W12-13,0.0,mineral waste,PRT
T,Portugal,2006,W01-05,0.0,chemical and medical,PRT
T,Portugal,2006,W071,0.0,glass,PRT
T,Portugal,2006,W072,0.0,paper,PRT
T,Portugal,2006,W074,0.0,plastic,PRT
T,Portugal,2006,W075,0.0,wood,PRT
T,Portugal,2006,W077_08,0.0,weee + batt + vehicles,PRT
T,Portugal,2006,W09,0.0,organic waste,PRT
T,Portugal,2006,W10,9282206.0,mixed waste,PRT
T,Portugal,2006,W11,0.0,common sludges,PRT
T,Portugal,2006,W12-13,0.0,mineral waste,PRT
T,Portugal,2008,W01-05,0.0,chemical and medical,PRT
T,Portugal,2008,W071,341488.0,glass,PRT
T,Portugal,2008,W072,387162.0,paper,PRT
T,Portugal,2008,W074,88.0,plastic,PRT
T,Portugal,2008,W075,15626.0,wood,PRT
T,Portugal,2008,W077_08,13532.0,weee + batt + vehicles,PRT
T,Portugal,2008,W09,0.0,organic waste,PRT
T,Portugal,2008,W10,10154866.0,mixed waste,PRT
T,Portugal,2008,W11,0.0,common sludges,PRT
T,Portugal,2008,W12-13,0.0,mineral waste,PRT
T,Portugal,2010,W01-05,0.0,chemical and medical,PRT
T,Portugal,2010,W06,10236.0,metal,PRT
T,Portugal,2010,W071,371884.0,glass,PRT
T,Portugal,2010,W072,373636.0,paper,PRT
T,Portugal,2010,W074,6370.0,plastic,PRT
T,Portugal,2010,W075,10464.0,wood,PRT
T,Portugal,2010,W077_08,9250.0,weee + batt + vehicles,PRT
T,Portugal,2010,W09,56.0,organic waste,PRT
T,Portugal,2010,W10,10099964.0,mixed waste,PRT
T,Portugal,2010,W11,0.0,common sludges,PRT
T,Portugal,2010,W12-13,0.0,mineral waste,PRT
T,Portugal,2012,W01-05,0.0,chemical and medical,PRT
T,Portugal,2012,W06,5156.0,metal,PRT
T,Portugal,2012,W071,313442.0,glass,PRT
T,Portugal,2012,W072,293232.0,paper,PRT
T,Portugal,2012,W074,4572.0,plastic,PRT
T,Portugal,2012,W075,5268.0,wood,PRT
T,Portugal,2012,W077_08,7008.0,weee + batt + vehicles,PRT
T,Portugal,2012,W09,438.0,organic waste,PRT
T,Portugal,2012,W10,8833746.0,mixed waste,PRT
T,Portugal,2012,W11,0.0,common sludges,PRT
T,Portugal,2012,W12-13,0.0,mineral waste,PRT
T,Portugal,2014,W01-05,0.0,chemical and medical,PRT
T,Portugal,2014,W06,23074.0,metal,PRT
T,Portugal,2014,W071,296782.0,glass,PRT
T,Portugal,2014,W072,277016.0,paper,PRT
T,Portugal,2014,W074,95628.0,plastic,PRT
T,Portugal,2014,W075,7620.0,wood,PRT
T,Portugal,2014,W077_08,4720.0,weee + batt + vehicles,PRT
T,Portugal,2014,W09,4536.0,organic waste,PRT
T,Portugal,2014,W10,8711554.0,mixed waste,PRT
T,Portugal,2014,W11,0.0,common sludges,PRT
T,Portugal,2014,W12-13,0.0,mineral waste,PRT
T,Portugal,2016,W01-05,0.0,chemical and medical,PRT
T,Portugal,2016,W06,9400.0,metal,PRT
T,Portugal,2016,W071,322056.0,glass,PRT
T,Portugal,2016,W072,304932.0,paper,PRT
T,Portugal,2016,W074,196268.0,plastic,PRT
T,Portugal,2016,W075,34266.0,wood,PRT
T,Portugal,2016,W077_08,8370.0,weee + batt + vehicles,PRT
T,Portugal,2016,W09,840.0,organic waste,PRT
T,Portugal,2016,W10,8918392.0,mixed waste,PRT
T,Portugal,2016,W11,0.0,common sludges,PRT
T,Portugal,2016,W12-13,0.0,mineral waste,PRT
T,Portugal,2018,W01-05,0.0,chemical and medical,PRT
T,Portugal,2018,W06,157044.0,metal,PRT
T,Portugal,2018,W071,347124.0,glass,PRT
T,Portugal,2018,W072,378782.0,paper,PRT
T,Portugal,2018,W074,182820.0,plastic,PRT
T,Portugal,2018,W075,53792.0,wood,PRT
T,Portugal,2018,W077_08,13892.0,weee + batt + vehicles,PRT
T,Portugal,2018,W09,214228.0,organic waste,PRT
T,Portugal,2018,W10,9078618.0,mixed waste,PRT
T,Portugal,2018,W11,0.0,common sludges,PRT
T,Portugal,2018,W12-13,0.0,mineral waste,PRT
T,Portugal,2020,W01-05,0.0,chemical and medical,PRT
T,Portugal,2020,W06,13988.0,metal,PRT
T,Portugal,2020,W071,383724.0,glass,PRT
T,Portugal,2020,W072,428460.0,paper,PRT
T,Portugal,2020,W074,280056.0,plastic,PRT
T,Portugal,2020,W075,60816.0,wood,PRT
T,Portugal,2020,W077_08,14414.0,weee + batt + vehicles,PRT
T,Portugal,2020,W09,269762.0,organic waste,PRT
T,Portugal,2020,W10,9105782.0,mixed waste,PRT
T,Portugal,2020,W11,0.0,common sludges,PRT
T,Portugal,2020,W12-13,0.0,mineral waste,PRT
T,Portugal,2022,W01-05,0.0,chemical and medical,PRT
T,Portugal,2022,W06,14588.0,metal,PRT
T,Portugal,2022,W071,438316.0,glass,PRT
T,Portugal,2022,W072,461454.0,paper,PRT
T,Portugal,2022,W074,26594.0,plastic,PRT
T,Portugal,2022,W075,44144.0,wood,PRT
T,Portugal,2022,W077_08,13066.0,weee + batt + vehicles,PRT
T,Portugal,2022,W09,339194.0,organic waste,PRT
T,Portugal,2022,W10,9308298.0,mixed waste,PRT
T,Portugal,2022,W11,0.0,common sludges,PRT
T,Portugal,2022,W12-13,0.0,mineral waste,PRT
T,Romania,2004,W01-05,0.0,chemical and medical,ROU
T,Romania,2004,W071,686892.0,glass,ROU
T,Romania,2004,W072,782212.0,paper,ROU
T,Romania,2004,W074,237938.0,plastic,ROU
T,Romania,2004,W075,0.0,wood,ROU
T,Romania,2004,W077_08,0.0,weee + batt + vehicles,ROU
T,Romania,2004,W09,0.0,organic waste,ROU
T,Romania,2004,W10,4439332.0,mixed waste,ROU
T,Romania,2004,W11,0.0,common sludges,ROU
T,Romania,2004,W12-13,0.0,mineral waste,ROU
T,Romania,2006,W01-05,0.0,chemical and medical,ROU
T,Romania,2006,W071,1101860.0,glass,ROU
T,Romania,2006,W072,1287248.0,paper,ROU
T,Romania,2006,W074,641330.0,plastic,ROU
T,Romania,2006,W075,216834.0,wood,ROU
T,Romania,2006,W077_08,522.0,weee + batt + vehicles,ROU
T,Romania,2006,W09,0.0,organic waste,ROU
T,Romania,2006,W10,8222730.0,mixed waste,ROU
T,Romania,2006,W11,0.0,common sludges,ROU
T,Romania,2006,W12-13,0.0,mineral waste,ROU
T,Romania,2008,W01-05,0.0,chemical and medical,ROU
T,Romania,2008,W071,236308.0,glass,ROU
T,Romania,2008,W072,439226.0,paper,ROU
T,Romania,2008,W074,409662.0,plastic,ROU
T,Romania,2008,W075,261072.0,wood,ROU
T,Romania,2008,W077_08,35968.0,weee + batt + vehicles,ROU
T,Romania,2008,W09,0.0,organic waste,ROU
T,Romania,2008,W10,11062810.0,mixed waste,ROU
T,Romania,2008,W11,0.0,common sludges,ROU
T,Romania,2008,W12-13,0.0,mineral waste,ROU
T,Romania,2010,W01-05,0.0,chemical and medical,ROU
T,Romania,2010,W06,86706.0,metal,ROU
T,Romania,2010,W071,196026.0,glass,ROU
T,Romania,2010,W072,338846.0,paper,ROU
T,Romania,2010,W074,377770.0,plastic,ROU
T,Romania,2010,W075,254932.0,wood,ROU
T,Romania,2010,W077_08,46474.0,weee + batt + vehicles,ROU
T,Romania,2010,W09,54106.0,organic waste,ROU
T,Romania,2010,W10,8946474.0,mixed waste,ROU
T,Romania,2010,W11,0.0,common sludges,ROU
T,Romania,2010,W12-13,27458.0,mineral waste,ROU
T,Romania,2012,W01-05,2.0,chemical and medical,ROU
T,Romania,2012,W06,73588.0,metal,ROU
T,Romania,2012,W071,231138.0,glass,ROU
T,Romania,2012,W072,420454.0,paper,ROU
T,Romania,2012,W074,432516.0,plastic,ROU
T,Romania,2012,W075,301496.0,wood,ROU
T,Romania,2012,W077_08,41560.0,weee + batt + vehicles,ROU
T,Romania,2012,W09,58044.0,organic waste,ROU
T,Romania,2012,W10,7465828.0,mixed waste,ROU
T,Romania,2012,W11,0.0,common sludges,ROU
T,Romania,2012,W12-13,25168.0,mineral waste,ROU
T,Romania,2014,W01-05,30.0,chemical and medical,ROU
T,Romania,2014,W06,3830.0,metal,ROU
T,Romania,2014,W071,17498.0,glass,ROU
T,Romania,2014,W072,57214.0,paper,ROU
T,Romania,2014,W074,70866.0,plastic,ROU
T,Romania,2014,W075,4230.0,wood,ROU
T,Romania,2014,W077_08,59706.0,weee + batt + vehicles,ROU
T,Romania,2014,W09,31452.0,organic waste,ROU
T,Romania,2014,W10,7026150.0,mixed waste,ROU
T,Romania,2014,W11,0.0,common sludges,ROU
T,Romania,2014,W12-13,374818.0,mineral waste,ROU
T,Romania,2016,W01-05,0.0,chemical and medical,ROU
T,Romania,2016,W06,114206.0,metal,ROU
T,Romania,2016,W071,98594.0,glass,ROU
T,Romania,2016,W072,218830.0,paper,ROU
T,Romania,2016,W074,139008.0,plastic,ROU
T,Romania,2016,W075,47264.0,wood,ROU
T,Romania,2016,W077_08,83182.0,weee + batt + vehicles,ROU
T,Romania,2016,W09,75830.0,organic waste,ROU
T,Romania,2016,W10,7024734.0,mixed waste,ROU
T,Romania,2016,W11,0.0,common sludges,ROU
T,Romania,2016,W12-13,394922.0,mineral waste,ROU
T,Romania,2018,W01-05,0.0,chemical and medical,ROU
T,Romania,2018,W06,154362.0,metal,ROU
T,Romania,2018,W071,89166.0,glass,ROU
T,Romania,2018,W072,251304.0,paper,ROU
T,Romania,2018,W074,141240.0,plastic,ROU
T,Romania,2018,W075,63088.0,wood,ROU
T,Romania,2018,W077_08,111710.0,weee + batt + vehicles,ROU
T,Romania,2018,W09,153126.0,organic waste,ROU
T,Romania,2018,W10,7128856.0,mixed waste,ROU
T,Romania,2018,W11,6.0,common sludges,ROU
T,Romania,2018,W12-13,263150.0,mineral waste,ROU
T,Romania,2020,W01-05,0.0,chemical and medical,ROU
T,Romania,2020,W06,124408.0,metal,ROU
T,Romania,2020,W071,136854.0,glass,ROU
T,Romania,2020,W072,202756.0,paper,ROU
T,Romania,2020,W074,202990.0,plastic,ROU
T,Romania,2020,W075,21228.0,wood,ROU
T,Romania,2020,W077_08,105490.0,weee + batt + vehicles,ROU
T,Romania,2020,W09,145554.0,organic waste,ROU
T,Romania,2020,W10,7347758.0,mixed waste,ROU
T,Romania,2020,W11,0.0,common sludges,ROU
T,Romania,2020,W12-13,225140.0,mineral waste,ROU
T,Romania,2022,W01-05,0.0,chemical and medical,ROU
T,Romania,2022,W06,87332.0,metal,ROU
T,Romania,2022,W071,176896.0,glass,ROU
T,Romania,2022,W072,236494.0,paper,ROU
T,Romania,2022,W074,224640.0,plastic,ROU
T,Romania,2022,W075,24838.0,wood,ROU
T,Romania,2022,W077_08,276592.0,weee + batt + vehicles,ROU
T,Romania,2022,W09,214838.0,organic waste,ROU
T,Romania,2022,W10,7438186.0,mixed waste,ROU
T,Romania,2022,W11,0.0,common sludges,ROU
T,Romania,2022,W12-13,310920.0,mineral waste,ROU
T,Serbia,2010,W01-05,0.0,chemical and medical,
T,Serbia,2010,W06,0.0,metal,
T,Serbia,2010,W071,0.0,glass,
T,Serbia,2010,W072,0.0,paper,
T,Serbia,2010,W074,0.0,plastic,
T,Serbia,2010,W075,0.0,wood,
T,Serbia,2010,W077_08,0.0,weee + batt + vehicles,
T,Serbia,2010,W09,0.0,organic waste,
T,Serbia,2010,W10,0.0,mixed waste,
T,Serbia,2010,W11,0.0,common sludges,
T,Serbia,2010,W12-13,0.0,mineral waste,
T,Serbia,2012,W01-05,0.0,chemical and medical,
T,Serbia,2012,W06,0.0,metal,
T,Serbia,2012,W072,0.0,paper,
T,Serbia,2012,W074,0.0,plastic,
T,Serbia,2012,W077_08,0.0,weee + batt + vehicles,
T,Serbia,2012,W09,0.0,organic waste,
T,Serbia,2012,W10,0.0,mixed waste,
T,Serbia,2012,W11,0.0,common sludges,
T,Serbia,2014,W01-05,504.0,chemical and medical,
T,Serbia,2014,W06,3036.0,metal,
T,Serbia,2014,W071,2344.0,glass,
T,Serbia,2014,W072,15242.0,paper,
T,Serbia,2014,W074,12692.0,plastic,
T,Serbia,2014,W075,520.0,wood,
T,Serbia,2014,W077_08,18406.0,weee + batt + vehicles,
T,Serbia,2014,W09,174158.0,organic waste,
T,Serbia,2014,W10,3031422.0,mixed waste,
T,Serbia,2014,W11,0.0,common sludges,
T,Serbia,2014,W12-13,7542.0,mineral waste,
T,Serbia,2016,W01-05,64.0,chemical and medical,
T,Serbia,2016,W06,3076.0,metal,
T,Serbia,2016,W071,4794.0,glass,
T,Serbia,2016,W072,31426.0,paper,
T,Serbia,2016,W074,21540.0,plastic,
T,Serbia,2016,W075,10.0,wood,
T,Serbia,2016,W077_08,2.0,weee + batt + vehicles,
T,Serbia,2016,W09,81050.0,organic waste,
T,Serbia,2016,W10,3031272.0,mixed waste,
T,Serbia,2016,W11,0.0,common sludges,
T,Serbia,2016,W12-13,0.0,mineral waste,
T,Serbia,2018,W01-05,0.0,chemical and medical,
T,Serbia,2018,W06,754.0,metal,
T,Serbia,2018,W071,974.0,glass,
T,Serbia,2018,W072,4114.0,paper,
T,Serbia,2018,W074,6392.0,plastic,
T,Serbia,2018,W075,0.0,wood,
T,Serbia,2018,W077_08,0.0,weee + batt + vehicles,
T,Serbia,2018,W09,8412.0,organic waste,
T,Serbia,2018,W10,3702306.0,mixed waste,
T,Serbia,2018,W11,0.0,common sludges,
T,Serbia,2018,W12-13,0.0,mineral waste,
T,Serbia,2020,W01-05,200.0,chemical and medical,
T,Serbia,2020,W06,69596.0,metal,
T,Serbia,2020,W071,28486.0,glass,
T,Serbia,2020,W072,44568.0,paper,
T,Serbia,2020,W074,49746.0,plastic,
T,Serbia,2020,W075,8274.0,wood,
T,Serbia,2020,W077_08,117260.0,weee + batt + vehicles,
T,Serbia,2020,W09,5542.0,organic waste,
T,Serbia,2020,W10,3802804.0,mixed waste,
T,Serbia,2020,W11,0.0,common sludges,
T,Serbia,2020,W12-13,0.0,mineral waste,
T,Serbia,2022,W01-05,20.0,chemical and medical,
T,Serbia,2022,W06,116582.0,metal,
T,Serbia,2022,W071,80350.0,glass,
T,Serbia,2022,W072,0.0,paper,
T,Serbia,2022,W074,102146.0,plastic,
T,Serbia,2022,W075,36154.0,wood,
T,Serbia,2022,W077_08,55624.0,weee + batt + vehicles,
T,Serbia,2022,W09,0.0,organic waste,
T,Serbia,2022,W10,4059402.0,mixed waste,
T,Serbia,2022,W11,0.0,common sludges,
T,Serbia,2022,W12-13,0.0,mineral waste,
T,Sweden,2004,W01-05,44782.0,chemical and medical,SWE
T,Sweden,2004,W071,594378.0,glass,SWE
T,Sweden,2004,W072,1024024.0,paper,SWE
T,Sweden,2004,W074,92246.0,plastic,SWE
T,Sweden,2004,W075,0.0,wood,SWE
T,Sweden,2004,W077_08,702376.0,weee + batt + vehicles,SWE
T,Sweden,2004,W09,0.0,organic waste,SWE
T,Sweden,2004,W10,4517902.0,mixed waste,SWE
T,Sweden,2004,W11,167092.0,common sludges,SWE
T,Sweden,2004,W12-13,0.0,mineral waste,SWE
T,Sweden,2006,W01-05,39156.0,chemical and medical,SWE
T,Sweden,2006,W071,532064.0,glass,SWE
T,Sweden,2006,W072,1074880.0,paper,SWE
T,Sweden,2006,W074,95564.0,plastic,SWE
T,Sweden,2006,W075,29160.0,wood,SWE
T,Sweden,2006,W077_08,905058.0,weee + batt + vehicles,SWE
T,Sweden,2006,W09,0.0,organic waste,SWE
T,Sweden,2006,W10,4661064.0,mixed waste,SWE
T,Sweden,2006,W11,175794.0,common sludges,SWE
T,Sweden,2006,W12-13,0.0,mineral waste,SWE
T,Sweden,2008,W01-05,35756.0,chemical and medical,SWE
T,Sweden,2008,W071,492614.0,glass,SWE
T,Sweden,2008,W072,1038240.0,paper,SWE
T,Sweden,2008,W074,135342.0,plastic,SWE
T,Sweden,2008,W075,42760.0,wood,SWE
T,Sweden,2008,W077_08,618630.0,weee + batt + vehicles,SWE
T,Sweden,2008,W09,0.0,organic waste,SWE
T,Sweden,2008,W10,4871788.0,mixed waste,SWE
T,Sweden,2008,W11,170052.0,common sludges,SWE
T,Sweden,2008,W12-13,0.0,mineral waste,SWE
T,Sweden,2010,W01-05,35896.0,chemical and medical,SWE
T,Sweden,2010,W06,345794.0,metal,SWE
T,Sweden,2010,W071,504270.0,glass,SWE
T,Sweden,2010,W072,909972.0,paper,SWE
T,Sweden,2010,W074,134330.0,plastic,SWE
T,Sweden,2010,W075,50060.0,wood,SWE
T,Sweden,2010,W077_08,648670.0,weee + batt + vehicles,SWE
T,Sweden,2010,W09,893880.0,organic waste,SWE
T,Sweden,2010,W10,4319930.0,mixed waste,SWE
T,Sweden,2010,W11,170052.0,common sludges,SWE
T,Sweden,2010,W12-13,0.0,mineral waste,SWE
T,Sweden,2012,W01-05,44736.0,chemical and medical,SWE
T,Sweden,2012,W06,333222.0,metal,SWE
T,Sweden,2012,W071,494464.0,glass,SWE
T,Sweden,2012,W072,758730.0,paper,SWE
T,Sweden,2012,W074,139992.0,plastic,SWE
T,Sweden,2012,W075,74360.0,wood,SWE
T,Sweden,2012,W077_08,692262.0,weee + batt + vehicles,SWE
T,Sweden,2012,W09,1004000.0,organic waste,SWE
T,Sweden,2012,W10,4602846.0,mixed waste,SWE
T,Sweden,2012,W11,166194.0,common sludges,SWE
T,Sweden,2012,W12-13,0.0,mineral waste,SWE
T,Sweden,2014,W01-05,45372.0,chemical and medical,SWE
T,Sweden,2014,W06,342112.0,metal,SWE
T,Sweden,2014,W071,341960.0,glass,SWE
T,Sweden,2014,W072,736466.0,paper,SWE
T,Sweden,2014,W074,192070.0,plastic,SWE
T,Sweden,2014,W075,908600.0,wood,SWE
T,Sweden,2014,W077_08,696908.0,weee + batt + vehicles,SWE
T,Sweden,2014,W09,1204626.0,organic waste,SWE
T,Sweden,2014,W10,3351878.0,mixed waste,SWE
T,Sweden,2014,W11,165324.0,common sludges,SWE
T,Sweden,2014,W12-13,293086.0,mineral waste,SWE
T,Sweden,2016,W01-05,44974.0,chemical and medical,SWE
T,Sweden,2016,W06,361014.0,metal,SWE
T,Sweden,2016,W071,377660.0,glass,SWE
T,Sweden,2016,W072,722156.0,paper,SWE
T,Sweden,2016,W074,186960.0,plastic,SWE
T,Sweden,2016,W075,931112.0,wood,SWE
T,Sweden,2016,W077_08,705728.0,weee + batt + vehicles,SWE
T,Sweden,2016,W09,1427394.0,organic waste,SWE
T,Sweden,2016,W10,3529672.0,mixed waste,SWE
T,Sweden,2016,W11,175916.0,common sludges,SWE
T,Sweden,2016,W12-13,288036.0,mineral waste,SWE
T,Sweden,2018,W01-05,45432.0,chemical and medical,SWE
T,Sweden,2018,W06,362254.0,metal,SWE
T,Sweden,2018,W071,399896.0,glass,SWE
T,Sweden,2018,W072,744082.0,paper,SWE
T,Sweden,2018,W074,233660.0,plastic,SWE
T,Sweden,2018,W075,923494.0,wood,SWE
T,Sweden,2018,W077_08,718796.0,weee + batt + vehicles,SWE
T,Sweden,2018,W09,1369798.0,organic waste,SWE
T,Sweden,2018,W10,3684970.0,mixed waste,SWE
T,Sweden,2018,W11,175706.0,common sludges,SWE
T,Sweden,2018,W12-13,276888.0,mineral waste,SWE
T,Sweden,2020,W01-05,45990.0,chemical and medical,SWE
T,Sweden,2020,W06,401760.0,metal,SWE
T,Sweden,2020,W071,430190.0,glass,SWE
T,Sweden,2020,W072,711784.0,paper,SWE
T,Sweden,2020,W074,270782.0,plastic,SWE
T,Sweden,2020,W075,1109364.0,wood,SWE
T,Sweden,2020,W077_08,699782.0,weee + batt + vehicles,SWE
T,Sweden,2020,W09,1553092.0,organic waste,SWE
T,Sweden,2020,W10,3495944.0,mixed waste,SWE
T,Sweden,2020,W11,177852.0,common sludges,SWE
T,Sweden,2020,W12-13,316784.0,mineral waste,SWE
T,Sweden,2022,W01-05,44434.0,chemical and medical,SWE
T,Sweden,2022,W06,342264.0,metal,SWE
T,Sweden,2022,W071,428966.0,glass,SWE
T,Sweden,2022,W072,658524.0,paper,SWE
T,Sweden,2022,W074,279440.0,plastic,SWE
T,Sweden,2022,W075,777822.0,wood,SWE
T,Sweden,2022,W077_08,357762.0,weee + batt + vehicles,SWE
T,Sweden,2022,W09,1473218.0,organic waste,SWE
T,Sweden,2022,W10,3365780.0,mixed waste,SWE
T,Sweden,2022,W11,176016.0,common sludges,SWE
T,Sweden,2022,W12-13,295218.0,mineral waste,SWE
T,Slovenia,2004,W01-05,7280.0,chemical and medical,SVN
T,Slovenia,2004,W071,13894.0,glass,SVN
T,Slovenia,2004,W072,34508.0,paper,SVN
T,Slovenia,2004,W074,17636.0,plastic,SVN
T,Slovenia,2004,W075,9944.0,wood,SVN
T,Slovenia,2004,W077_08,4884.0,weee + batt + vehicles,SVN
T,Slovenia,2004,W09,0.0,organic waste,SVN
T,Slovenia,2004,W10,1117852.0,mixed waste,SVN
T,Slovenia,2004,W11,23118.0,common sludges,SVN
T,Slovenia,2004,W12-13,5738.0,mineral waste,SVN
T,Slovenia,2006,W01-05,14426.0,chemical and medical,SVN
T,Slovenia,2006,W071,22828.0,glass,SVN
T,Slovenia,2006,W072,52208.0,paper,SVN
T,Slovenia,2006,W074,18764.0,plastic,SVN
T,Slovenia,2006,W075,19018.0,wood,SVN
T,Slovenia,2006,W077_08,11666.0,weee + batt + vehicles,SVN
T,Slovenia,2006,W09,24.0,organic waste,SVN
T,Slovenia,2006,W10,1127554.0,mixed waste,SVN
T,Slovenia,2006,W11,7782.0,common sludges,SVN
T,Slovenia,2006,W12-13,601624.0,mineral waste,SVN
T,Slovenia,2008,W01-05,988.0,chemical and medical,SVN
T,Slovenia,2008,W071,28422.0,glass,SVN
T,Slovenia,2008,W072,67480.0,paper,SVN
T,Slovenia,2008,W074,16326.0,plastic,SVN
T,Slovenia,2008,W075,18698.0,wood,SVN
T,Slovenia,2008,W077_08,13384.0,weee + batt + vehicles,SVN
T,Slovenia,2008,W09,0.0,organic waste,SVN
T,Slovenia,2008,W10,1154606.0,mixed waste,SVN
T,Slovenia,2008,W11,3934.0,common sludges,SVN
T,Slovenia,2008,W12-13,0.0,mineral waste,SVN
T,Slovenia,2010,W01-05,1720.0,chemical and medical,SVN
T,Slovenia,2010,W06,15230.0,metal,SVN
T,Slovenia,2010,W071,43512.0,glass,SVN
T,Slovenia,2010,W072,77730.0,paper,SVN
T,Slovenia,2010,W074,30064.0,plastic,SVN
T,Slovenia,2010,W075,28378.0,wood,SVN
T,Slovenia,2010,W077_08,39706.0,weee + batt + vehicles,SVN
T,Slovenia,2010,W09,104768.0,organic waste,SVN
T,Slovenia,2010,W10,1033090.0,mixed waste,SVN
T,Slovenia,2010,W11,11316.0,common sludges,SVN
T,Slovenia,2010,W12-13,49088.0,mineral waste,SVN
T,Slovenia,2012,W01-05,2302.0,chemical and medical,SVN
T,Slovenia,2012,W06,11210.0,metal,SVN
T,Slovenia,2012,W071,50908.0,glass,SVN
T,Slovenia,2012,W072,81494.0,paper,SVN
T,Slovenia,2012,W074,12796.0,plastic,SVN
T,Slovenia,2012,W075,29992.0,wood,SVN
T,Slovenia,2012,W077_08,43080.0,weee + batt + vehicles,SVN
T,Slovenia,2012,W09,171384.0,organic waste,SVN
T,Slovenia,2012,W10,808020.0,mixed waste,SVN
T,Slovenia,2012,W11,4874.0,common sludges,SVN
T,Slovenia,2012,W12-13,54002.0,mineral waste,SVN
T,Slovenia,2014,W01-05,2446.0,chemical and medical,SVN
T,Slovenia,2014,W06,9282.0,metal,SVN
T,Slovenia,2014,W071,54784.0,glass,SVN
T,Slovenia,2014,W072,87940.0,paper,SVN
T,Slovenia,2014,W074,7756.0,plastic,SVN
T,Slovenia,2014,W075,31996.0,wood,SVN
T,Slovenia,2014,W077_08,27590.0,weee + batt + vehicles,SVN
T,Slovenia,2014,W09,194522.0,organic waste,SVN
T,Slovenia,2014,W10,681826.0,mixed waste,SVN
T,Slovenia,2014,W11,10.0,common sludges,SVN
T,Slovenia,2014,W12-13,20378.0,mineral waste,SVN
T,Slovenia,2016,W01-05,2818.0,chemical and medical,SVN
T,Slovenia,2016,W06,15992.0,metal,SVN
T,Slovenia,2016,W071,57250.0,glass,SVN
T,Slovenia,2016,W072,84914.0,paper,SVN
T,Slovenia,2016,W074,6190.0,plastic,SVN
T,Slovenia,2016,W075,40730.0,wood,SVN
T,Slovenia,2016,W077_08,14772.0,weee + batt + vehicles,SVN
T,Slovenia,2016,W09,221130.0,organic waste,SVN
T,Slovenia,2016,W10,669900.0,mixed waste,SVN
T,Slovenia,2016,W11,24220.0,common sludges,SVN
T,Slovenia,2016,W12-13,131798.0,mineral waste,SVN
T,Slovenia,2018,W01-05,3170.0,chemical and medical,SVN
T,Slovenia,2018,W06,64394.0,metal,SVN
T,Slovenia,2018,W071,60504.0,glass,SVN
T,Slovenia,2018,W072,103644.0,paper,SVN
T,Slovenia,2018,W074,4828.0,plastic,SVN
T,Slovenia,2018,W075,60206.0,wood,SVN
T,Slovenia,2018,W077_08,29199.0,weee + batt + vehicles,SVN
T,Slovenia,2018,W09,235198.0,organic waste,SVN
T,Slovenia,2018,W10,692208.0,mixed waste,SVN
T,Slovenia,2018,W11,29442.0,common sludges,SVN
T,Slovenia,2018,W12-13,684.0,mineral waste,SVN
T,Slovenia,2020,W01-05,3470.0,chemical and medical,SVN
T,Slovenia,2020,W06,57218.0,metal,SVN
T,Slovenia,2020,W071,59720.0,glass,SVN
T,Slovenia,2020,W072,95522.0,paper,SVN
T,Slovenia,2020,W074,4576.0,plastic,SVN
T,Slovenia,2020,W075,69866.0,wood,SVN
T,Slovenia,2020,W077_08,21059.0,weee + batt + vehicles,SVN
T,Slovenia,2020,W09,243734.0,organic waste,SVN
T,Slovenia,2020,W10,695644.0,mixed waste,SVN
T,Slovenia,2020,W11,0.0,common sludges,SVN
T,Slovenia,2020,W12-13,3290.0,mineral waste,SVN
T,Slovenia,2022,W01-05,2862.0,chemical and medical,SVN
T,Slovenia,2022,W06,86482.0,metal,SVN
T,Slovenia,2022,W071,67990.0,glass,SVN
T,Slovenia,2022,W072,113064.0,paper,SVN
T,Slovenia,2022,W074,5128.0,plastic,SVN
T,Slovenia,2022,W075,85058.0,wood,SVN
T,Slovenia,2022,W077_08,22436.0,weee + batt + vehicles,SVN
T,Slovenia,2022,W09,226142.0,organic waste,SVN
T,Slovenia,2022,W10,677114.0,mixed waste,SVN
T,Slovenia,2022,W11,0.0,common sludges,SVN
T,Slovenia,2022,W12-13,2112.0,mineral waste,SVN
T,Slovakia,2004,W01-05,0.0,chemical and medical,SVK
T,Slovakia,2004,W071,0.0,glass,SVK
T,Slovakia,2004,W072,0.0,paper,SVK
T,Slovakia,2004,W074,0.0,plastic,SVK
T,Slovakia,2004,W075,0.0,wood,SVK
T,Slovakia,2004,W077_08,0.0,weee + batt + vehicles,SVK
T,Slovakia,2004,W09,0.0,organic waste,SVK
T,Slovakia,2004,W10,0.0,mixed waste,SVK
T,Slovakia,2004,W11,0.0,common sludges,SVK
T,Slovakia,2004,W12-13,0.0,mineral waste,SVK
T,Slovakia,2006,W01-05,220.0,chemical and medical,SVK
T,Slovakia,2006,W071,46248.0,glass,SVK
T,Slovakia,2006,W072,60866.0,paper,SVK
T,Slovakia,2006,W074,22078.0,plastic,SVK
T,Slovakia,2006,W075,1786.0,wood,SVK
T,Slovakia,2006,W077_08,8088.0,weee + batt + vehicles,SVK
T,Slovakia,2006,W09,0.0,organic waste,SVK
T,Slovakia,2006,W10,2874212.0,mixed waste,SVK
T,Slovakia,2006,W11,998.0,common sludges,SVK
T,Slovakia,2006,W12-13,0.0,mineral waste,SVK
T,Slovakia,2008,W01-05,490.0,chemical and medical,SVK
T,Slovakia,2008,W071,77688.0,glass,SVK
T,Slovakia,2008,W072,89628.0,paper,SVK
T,Slovakia,2008,W074,36542.0,plastic,SVK
T,Slovakia,2008,W075,3023.0,wood,SVK
T,Slovakia,2008,W077_08,13562.0,weee + batt + vehicles,SVK
T,Slovakia,2008,W09,0.0,organic waste,SVK
T,Slovakia,2008,W10,3066166.0,mixed waste,SVK
T,Slovakia,2008,W11,7852.0,common sludges,SVK
T,Slovakia,2008,W12-13,0.0,mineral waste,SVK
T,Slovakia,2010,W01-05,884.0,chemical and medical,SVK
T,Slovakia,2010,W06,20014.0,metal,SVK
T,Slovakia,2010,W071,85286.0,glass,SVK
T,Slovakia,2010,W072,96326.0,paper,SVK
T,Slovakia,2010,W074,45578.0,plastic,SVK
T,Slovakia,2010,W075,3118.0,wood,SVK
T,Slovakia,2010,W077_08,14508.0,weee + batt + vehicles,SVK
T,Slovakia,2010,W09,191134.0,organic waste,SVK
T,Slovakia,2010,W10,2916190.0,mixed waste,SVK
T,Slovakia,2010,W11,7428.0,common sludges,SVK
T,Slovakia,2010,W12-13,47366.0,mineral waste,SVK
T,Slovakia,2012,W01-05,1126.0,chemical and medical,SVK
T,Slovakia,2012,W06,24496.0,metal,SVK
T,Slovakia,2012,W071,97104.0,glass,SVK
T,Slovakia,2012,W072,117850.0,paper,SVK
T,Slovakia,2012,W074,56630.0,plastic,SVK
T,Slovakia,2012,W075,4920.0,wood,SVK
T,Slovakia,2012,W077_08,16384.0,weee + batt + vehicles,SVK
T,Slovakia,2012,W09,196180.0,organic waste,SVK
T,Slovakia,2012,W10,2765958.0,mixed waste,SVK
T,Slovakia,2012,W11,4746.0,common sludges,SVK
T,Slovakia,2012,W12-13,18898.0,mineral waste,SVK
T,Slovakia,2014,W01-05,1430.0,chemical and medical,SVK
T,Slovakia,2014,W06,35606.0,metal,SVK
T,Slovakia,2014,W071,100454.0,glass,SVK
T,Slovakia,2014,W072,123372.0,paper,SVK
T,Slovakia,2014,W074,63136.0,plastic,SVK
T,Slovakia,2014,W075,10544.0,wood,SVK
T,Slovakia,2014,W077_08,16018.0,weee + batt + vehicles,SVK
T,Slovakia,2014,W09,250838.0,organic waste,SVK
T,Slovakia,2014,W10,2801712.0,mixed waste,SVK
T,Slovakia,2014,W11,29808.0,common sludges,SVK
T,Slovakia,2014,W12-13,16014.0,mineral waste,SVK
T,Slovakia,2016,W01-05,1206.0,chemical and medical,SVK
T,Slovakia,2016,W06,220538.0,metal,SVK
T,Slovakia,2016,W071,111968.0,glass,SVK
T,Slovakia,2016,W072,145114.0,paper,SVK
T,Slovakia,2016,W074,72246.0,plastic,SVK
T,Slovakia,2016,W075,17448.0,wood,SVK
T,Slovakia,2016,W077_08,24036.0,weee + batt + vehicles,SVK
T,Slovakia,2016,W09,314120.0,organic waste,SVK
T,Slovakia,2016,W10,2827516.0,mixed waste,SVK
T,Slovakia,2016,W11,6742.0,common sludges,SVK
T,Slovakia,2016,W12-13,23616.0,mineral waste,SVK
T,Slovakia,2018,W01-05,1383.0,chemical and medical,SVK
T,Slovakia,2018,W06,694550.0,metal,SVK
T,Slovakia,2018,W071,132502.0,glass,SVK
T,Slovakia,2018,W072,210664.0,paper,SVK
T,Slovakia,2018,W074,99590.0,plastic,SVK
T,Slovakia,2018,W075,26771.0,wood,SVK
T,Slovakia,2018,W077_08,45686.0,weee + batt + vehicles,SVK
T,Slovakia,2018,W09,439298.0,organic waste,SVK
T,Slovakia,2018,W10,2835978.0,mixed waste,SVK
T,Slovakia,2018,W11,2416.0,common sludges,SVK
T,Slovakia,2018,W12-13,8492.0,mineral waste,SVK
T,Slovakia,2020,W01-05,2069.0,chemical and medical,SVK
T,Slovakia,2020,W06,765076.0,metal,SVK
T,Slovakia,2020,W071,157556.0,glass,SVK
T,Slovakia,2020,W072,202258.0,paper,SVK
T,Slovakia,2020,W074,137072.0,plastic,SVK
T,Slovakia,2020,W075,61682.0,wood,SVK
T,Slovakia,2020,W077_08,62824.0,weee + batt + vehicles,SVK
T,Slovakia,2020,W09,603816.0,organic waste,SVK
T,Slovakia,2020,W10,2715888.0,mixed waste,SVK
T,Slovakia,2020,W11,0.0,common sludges,SVK
T,Slovakia,2020,W12-13,0.0,mineral waste,SVK
T,Slovakia,2022,W01-05,2008.0,chemical and medical,SVK
T,Slovakia,2022,W06,838760.0,metal,SVK
T,Slovakia,2022,W071,171054.0,glass,SVK
T,Slovakia,2022,W072,216758.0,paper,SVK
T,Slovakia,2022,W074,139830.0,plastic,SVK
T,Slovakia,2022,W075,83520.0,wood,SVK
T,Slovakia,2022,W077_08,61082.0,weee + batt + vehicles,SVK
T,Slovakia,2022,W09,729444.0,organic waste,SVK
T,Slovakia,2022,W10,2399870.0,mixed waste,SVK
T,Slovakia,2022,W11,0.0,common sludges,SVK
T,Slovakia,2022,W12-13,0.0,mineral waste,SVK
T,Türkiye,2004,W01-05,0.0,chemical and medical,
T,Türkiye,2004,W071,0.0,glass,
T,Türkiye,2004,W072,0.0,paper,
T,Türkiye,2004,W074,0.0,plastic,
T,Türkiye,2004,W075,0.0,wood,
T,Türkiye,2004,W077_08,0.0,weee + batt + vehicles,
T,Türkiye,2004,W09,0.0,organic waste,
T,Türkiye,2004,W10,58449420.0,mixed waste,
T,Türkiye,2004,W11,0.0,common sludges,
T,Türkiye,2004,W12-13,0.0,mineral waste,
T,Türkiye,2006,W01-05,0.0,chemical and medical,
T,Türkiye,2006,W071,0.0,glass,
T,Türkiye,2006,W072,0.0,paper,
T,Türkiye,2006,W074,0.0,plastic,
T,Türkiye,2006,W075,0.0,wood,
T,Türkiye,2006,W077_08,0.0,weee + batt + vehicles,
T,Türkiye,2006,W09,0.0,organic waste,
T,Türkiye,2006,W10,60163640.0,mixed waste,
T,Türkiye,2006,W11,0.0,common sludges,
T,Türkiye,2006,W12-13,0.0,mineral waste,
T,Türkiye,2008,W01-05,421690.0,chemical and medical,
T,Türkiye,2008,W071,403476.0,glass,
T,Türkiye,2008,W072,1609066.0,paper,
T,Türkiye,2008,W074,636686.0,plastic,
T,Türkiye,2008,W075,24346.0,wood,
T,Türkiye,2008,W077_08,592.0,weee + batt + vehicles,
T,Türkiye,2008,W09,84550.0,organic waste,
T,Türkiye,2008,W10,50547288.0,mixed waste,
T,Türkiye,2008,W11,11392.0,common sludges,
T,Türkiye,2008,W12-13,0.0,mineral waste,
T,Türkiye,2010,W01-05,86.0,chemical and medical,
T,Türkiye,2010,W06,10598.0,metal,
T,Türkiye,2010,W071,15400.0,glass,
T,Türkiye,2010,W072,64072.0,paper,
T,Türkiye,2010,W074,52494.0,plastic,
T,Türkiye,2010,W077_08,10.0,weee + batt + vehicles,
T,Türkiye,2010,W09,1112.0,organic waste,
T,Türkiye,2010,W10,58909822.0,mixed waste,
T,Türkiye,2010,W11,72768.0,common sludges,
T,Türkiye,2010,W12-13,40260.0,mineral waste,
T,Türkiye,2012,W01-05,314.0,chemical and medical,
T,Türkiye,2012,W06,13514.0,metal,
T,Türkiye,2012,W071,18604.0,glass,
T,Türkiye,2012,W072,45486.0,paper,
T,Türkiye,2012,W074,27656.0,plastic,
T,Türkiye,2012,W075,17368.0,wood,
T,Türkiye,2012,W077_08,3334.0,weee + batt + vehicles,
T,Türkiye,2012,W09,87842.0,organic waste,
T,Türkiye,2012,W10,61084132.0,mixed waste,
T,Türkiye,2012,W11,196136.0,common sludges,
T,Türkiye,2012,W12-13,39816.0,mineral waste,
T,Türkiye,2014,W01-05,59074.0,chemical and medical,
T,Türkiye,2014,W06,70240.0,metal,
T,Türkiye,2014,W071,45576.0,glass,
T,Türkiye,2014,W072,137904.0,paper,
T,Türkiye,2014,W074,141670.0,plastic,
T,Türkiye,2014,W075,14796.0,wood,
T,Türkiye,2014,W077_08,8.0,weee + batt + vehicles,
T,Türkiye,2014,W09,11012.0,organic waste,
T,Türkiye,2014,W10,49660880.0,mixed waste,
T,Türkiye,2014,W11,50716.0,common sludges,
T,Türkiye,2014,W12-13,4556.0,mineral waste,
T,Türkiye,2016,W01-05,0.0,chemical and medical,
T,Türkiye,2016,W06,220712.0,metal,
T,Türkiye,2016,W071,357426.0,glass,
T,Türkiye,2016,W072,1563186.0,paper,
T,Türkiye,2016,W074,817840.0,plastic,
T,Türkiye,2016,W077_08,0.0,weee + batt + vehicles,
T,Türkiye,2016,W09,0.0,organic waste,
T,Türkiye,2016,W10,53236732.0,mixed waste,
T,Türkiye,2016,W11,0.0,common sludges,
T,Türkiye,2018,W01-05,0.0,chemical and medical,
T,Türkiye,2018,W06,207698.0,metal,
T,Türkiye,2018,W071,374832.0,glass,
T,Türkiye,2018,W072,1744040.0,paper,
T,Türkiye,2018,W074,810580.0,plastic,
T,Türkiye,2018,W075,0.0,wood,
T,Türkiye,2018,W077_08,3472.0,weee + batt + vehicles,
T,Türkiye,2018,W09,0.0,organic waste,
T,Türkiye,2018,W10,53008270.0,mixed waste,
T,Türkiye,2018,W11,0.0,common sludges,
T,Türkiye,2018,W12-13,49536.0,mineral waste,
T,Türkiye,2020,W01-05,0.0,chemical and medical,
T,Türkiye,2020,W06,209028.0,metal,
T,Türkiye,2020,W071,431227.0,glass,
T,Türkiye,2020,W072,1655974.0,paper,
T,Türkiye,2020,W074,777926.0,plastic,
T,Türkiye,2020,W075,0.0,wood,
T,Türkiye,2020,W077_08,762.0,weee + batt + vehicles,
T,Türkiye,2020,W09,0.0,organic waste,
T,Türkiye,2020,W10,53841002.0,mixed waste,
T,Türkiye,2020,W11,0.0,common sludges,
T,Türkiye,2020,W12-13,63344.0,mineral waste,
T,Türkiye,2022,W01-05,0.0,chemical and medical,
T,Türkiye,2022,W06,111642.0,metal,
T,Türkiye,2022,W071,195148.0,glass,
T,Türkiye,2022,W072,918434.0,paper,
T,Türkiye,2022,W074,442656.0,plastic,
T,Türkiye,2022,W075,0.0,wood,
T,Türkiye,2022,W077_08,0.0,weee + batt + vehicles,
T,Türkiye,2022,W09,0.0,organic waste,
T,Türkiye,2022,W10,51888310.0,mixed waste,
T,Türkiye,2022,W11,0.0,common sludges,
T,Türkiye,2022,W12-13,63910.0,mineral waste,
T,United Kingdom,2004,W01-05,16094.0,chemical and medical,GBR
T,United Kingdom,2004,W071,1579890.0,glass,GBR
T,United Kingdom,2004,W072,4129566.0,paper,GBR
T,United Kingdom,2004,W074,233094.0,plastic,GBR
T,United Kingdom,2004,W075,574174.0,wood,GBR
T,United Kingdom,2004,W077_08,1265372.0,weee + batt + vehicles,GBR
T,United Kingdom,2004,W09,0.0,organic waste,GBR
T,United Kingdom,2004,W10,48922530.0,mixed waste,GBR
T,United Kingdom,2004,W11,0.0,common sludges,GBR
T,United Kingdom,2004,W12-13,15462.0,mineral waste,GBR
T,United Kingdom,2006,W01-05,16752.0,chemical and medical,GBR
T,United Kingdom,2006,W071,1898374.0,glass,GBR
T,United Kingdom,2006,W072,3744478.0,paper,GBR
T,United Kingdom,2006,W074,152826.0,plastic,GBR
T,United Kingdom,2006,W075,1083724.0,wood,GBR
T,United Kingdom,2006,W077_08,2377990.0,weee + batt + vehicles,GBR
T,United Kingdom,2006,W09,0.0,organic waste,GBR
T,United Kingdom,2006,W10,46175172.0,mixed waste,GBR
T,United Kingdom,2006,W11,0.0,common sludges,GBR
T,United Kingdom,2006,W12-13,0.0,mineral waste,GBR
T,United Kingdom,2008,W01-05,75872.0,chemical and medical,GBR
T,United Kingdom,2008,W071,2186246.0,glass,GBR
T,United Kingdom,2008,W072,3607844.0,paper,GBR
T,United Kingdom,2008,W074,198224.0,plastic,GBR
T,United Kingdom,2008,W075,1104688.0,wood,GBR
T,United Kingdom,2008,W077_08,2407726.0,weee + batt + vehicles,GBR
T,United Kingdom,2008,W09,0.0,organic waste,GBR
T,United Kingdom,2008,W10,42333186.0,mixed waste,GBR
T,United Kingdom,2008,W11,0.0,common sludges,GBR
T,United Kingdom,2008,W12-13,0.0,mineral waste,GBR
T,United Kingdom,2010,W01-05,28623.0,chemical and medical,GBR
T,United Kingdom,2010,W06,1018504.0,metal,GBR
T,United Kingdom,2010,W071,2724006.0,glass,GBR
T,United Kingdom,2010,W072,5805982.0,paper,GBR
T,United Kingdom,2010,W074,673314.0,plastic,GBR
T,United Kingdom,2010,W075,1485770.0,wood,GBR
T,United Kingdom,2010,W077_08,712228.0,weee + batt + vehicles,GBR
T,United Kingdom,2010,W09,8597090.0,organic waste,GBR
T,United Kingdom,2010,W10,33048786.0,mixed waste,GBR
T,United Kingdom,2010,W11,0.0,common sludges,GBR
T,United Kingdom,2010,W12-13,376410.0,mineral waste,GBR
T,United Kingdom,2012,W01-05,28704.0,chemical and medical,GBR
T,United Kingdom,2012,W06,943882.0,metal,GBR
T,United Kingdom,2012,W071,2728900.0,glass,GBR
T,United Kingdom,2012,W072,5809206.0,paper,GBR
T,United Kingdom,2012,W074,764494.0,plastic,GBR
T,United Kingdom,2012,W075,1540802.0,wood,GBR
T,United Kingdom,2012,W077_08,651308.0,weee + batt + vehicles,GBR
T,United Kingdom,2012,W09,9455508.0,organic waste,GBR
T,United Kingdom,2012,W10,30609374.0,mixed waste,GBR
T,United Kingdom,2012,W11,0.0,common sludges,GBR
T,United Kingdom,2012,W12-13,43202.0,mineral waste,GBR
T,United Kingdom,2014,W01-05,34507.0,chemical and medical,GBR
T,United Kingdom,2014,W06,1071010.0,metal,GBR
T,United Kingdom,2014,W071,2789844.0,glass,GBR
T,United Kingdom,2014,W072,5619390.0,paper,GBR
T,United Kingdom,2014,W074,982118.0,plastic,GBR
T,United Kingdom,2014,W075,1673280.0,wood,GBR
T,United Kingdom,2014,W077_08,646076.0,weee + batt + vehicles,GBR
T,United Kingdom,2014,W09,10028788.0,organic waste,GBR
T,United Kingdom,2014,W10,30449348.0,mixed waste,GBR
T,United Kingdom,2014,W11,0.0,common sludges,GBR
T,United Kingdom,2014,W12-13,0.0,mineral waste,GBR
T,United Kingdom,2016,W01-05,43789.0,chemical and medical,GBR
T,United Kingdom,2016,W06,1211460.0,metal,GBR
T,United Kingdom,2016,W071,2862446.0,glass,GBR
T,United Kingdom,2016,W072,5519890.0,paper,GBR
T,United Kingdom,2016,W074,1015618.0,plastic,GBR
T,United Kingdom,2016,W075,1789184.0,wood,GBR
T,United Kingdom,2016,W077_08,736134.0,weee + batt + vehicles,GBR
T,United Kingdom,2016,W09,9919702.0,organic waste,GBR
T,United Kingdom,2016,W10,31186792.0,mixed waste,GBR
T,United Kingdom,2016,W11,0.0,common sludges,GBR
T,United Kingdom,2016,W12-13,0.0,mineral waste,GBR
T,United Kingdom,2018,W01-05,49822.0,chemical and medical,GBR
T,United Kingdom,2018,W06,1158996.0,metal,GBR
T,United Kingdom,2018,W071,2865552.0,glass,GBR
T,United Kingdom,2018,W072,5387384.0,paper,GBR
T,United Kingdom,2018,W074,1044500.0,plastic,GBR
T,United Kingdom,2018,W075,1761216.0,wood,GBR
T,United Kingdom,2018,W077_08,657033.0,weee + batt + vehicles,GBR
T,United Kingdom,2018,W09,9433422.0,organic waste,GBR
T,United Kingdom,2018,W10,30158856.0,mixed waste,GBR
T,United Kingdom,2018,W11,0.0,common sludges,GBR
T,United Kingdom,2018,W12-13,0.0,mineral waste,GBR
T,United Kingdom,2020,W01-05,0.0,chemical and medical,GBR
T,United Kingdom,2020,W06,0.0,metal,GBR
T,United Kingdom,2020,W072,0.0,paper,GBR
T,United Kingdom,2020,W074,0.0,plastic,GBR
T,United Kingdom,2020,W077_08,0.0,weee + batt + vehicles,GBR
T,United Kingdom,2020,W09,0.0,organic waste,GBR
T,United Kingdom,2020,W10,0.0,mixed waste,GBR
T,United Kingdom,2020,W11,0.0,common sludges,GBR
T,Kosovo*,2010,W01-05,0.0,chemical and medical,
T,Kosovo*,2010,W06,0.0,metal,
T,Kosovo*,2010,W072,0.0,paper,
T,Kosovo*,2010,W074,0.0,plastic,
T,Kosovo*,2010,W077_08,0.0,weee + batt + vehicles,
T,Kosovo*,2010,W09,0.0,organic waste,
T,Kosovo*,2010,W10,0.0,mixed waste,
T,Kosovo*,2010,W11,0.0,common sludges,
T,Kosovo*,2012,W01-05,0.0,chemical and medical,
T,Kosovo*,2012,W06,0.0,metal,
T,Kosovo*,2012,W071,0.0,glass,
T,Kosovo*,2012,W072,0.0,paper,
T,Kosovo*,2012,W074,0.0,plastic,
T,Kosovo*,2012,W075,0.0,wood,
T,Kosovo*,2012,W077_08,0.0,weee + batt + vehicles,
T,Kosovo*,2012,W09,0.0,organic waste,
T,Kosovo*,2012,W10,980090.0,mixed waste,
T,Kosovo*,2012,W11,0.0,common sludges,
T,Kosovo*,2012,W12-13,0.0,mineral waste,
T,Kosovo*,2014,W01-05,0.0,chemical and medical,
T,Kosovo*,2014,W06,0.0,metal,
T,Kosovo*,2014,W071,0.0,glass,
T,Kosovo*,2014,W072,0.0,paper,
T,Kosovo*,2014,W074,0.0,plastic,
T,Kosovo*,2014,W075,0.0,wood,
T,Kosovo*,2014,W077_08,0.0,weee + batt + vehicles,
T,Kosovo*,2014,W09,0.0,organic waste,
T,Kosovo*,2014,W10,980090.0,mixed waste,
T,Kosovo*,2014,W11,0.0,common sludges,
T,Kosovo*,2014,W12-13,0.0,mineral waste,
T,Kosovo*,2016,W01-05,0.0,chemical and medical,
T,Kosovo*,2016,W06,0.0,metal,
T,Kosovo*,2016,W071,0.0,glass,
T,Kosovo*,2016,W072,0.0,paper,
T,Kosovo*,2016,W074,0.0,plastic,
T,Kosovo*,2016,W075,0.0,wood,
T,Kosovo*,2016,W077_08,0.0,weee + batt + vehicles,
T,Kosovo*,2016,W09,0.0,organic waste,
T,Kosovo*,2016,W10,605482.0,mixed waste,
T,Kosovo*,2016,W11,0.0,common sludges,
T,Kosovo*,2016,W12-13,0.0,mineral waste,
T,Kosovo*,2018,W01-05,0.0,chemical and medical,
T,Kosovo*,2018,W06,0.0,metal,
T,Kosovo*,2018,W071,0.0,glass,
T,Kosovo*,2018,W072,0.0,paper,
T,Kosovo*,2018,W074,0.0,plastic,
T,Kosovo*,2018,W075,0.0,wood,
T,Kosovo*,2018,W077_08,0.0,weee + batt + vehicles,
T,Kosovo*,2018,W09,0.0,organic waste,
T,Kosovo*,2018,W10,677304.0,mixed waste,
T,Kosovo*,2018,W11,0.0,common sludges,
T,Kosovo*,2018,W12-13,0.0,mineral waste,
T,Kosovo*,2020,W01-05,0.0,chemical and medical,
T,Kosovo*,2020,W06,0.0,metal,
T,Kosovo*,2020,W071,0.0,glass,
T,Kosovo*,2020,W072,0.0,paper,
T,Kosovo*,2020,W074,0.0,plastic,
T,Kosovo*,2020,W075,0.0,wood,
T,Kosovo*,2020,W077_08,0.0,weee + batt + vehicles,
T,Kosovo*,2020,W09,0.0,organic waste,
T,Kosovo*,2020,W10,758782.0,mixed waste,
T,Kosovo*,2020,W11,0.0,common sludges,
T,Kosovo*,2020,W12-13,0.0,mineral waste,
T,Kosovo*,2022,W01-05,0.0,chemical and medical,
T,Kosovo*,2022,W06,0.0,metal,
T,Kosovo*,2022,W071,0.0,glass,
T,Kosovo*,2022,W072,0.0,paper,
T,Kosovo*,2022,W074,0.0,plastic,
T,Kosovo*,2022,W075,0.0,wood,
T,Kosovo*,2022,W077_08,0.0,weee + batt + vehicles,
T,Kosovo*,2022,W09,0.0,organic waste,
T,Kosovo*,2022,W10,758.0,mixed waste,
T,Kosovo*,2022,W11,0.0,common sludges,
T,Kosovo*,2022,W12-13,0.0,mineral waste,
T,Albania,2010,W073_076,0.0,textile + rubber,
T,Albania,2012,W073_076,0.0,textile + rubber,
T,Albania,2014,W073_076,0.0,textile + rubber,
T,Albania,2016,W073_076,0.0,textile + rubber,
T,Albania,2018,W073_076,0.0,textile + rubber,
T,Albania,2020,W073_076,0.0,textile + rubber,
T,Albania,2022,W073_076,0.0,textile + rubber,
T,Austria,2004,W073_076,46000.0,textile + rubber,AUT
T,Austria,2006,W073_076,44400.0,textile + rubber,AUT
T,Austria,2008,W073_076,54496.0,textile + rubber,AUT
T,Austria,2010,W073_076,58904.0,textile + rubber,AUT
T,Austria,2012,W073_076,54852.0,textile + rubber,AUT
T,Austria,2014,W073_076,62656.0,textile + rubber,AUT
T,Austria,2016,W073_076,76252.0,textile + rubber,AUT
T,Austria,2018,W073_076,77352.0,textile + rubber,AUT
T,Austria,2020,W073_076,76660.0,textile + rubber,AUT
T,Austria,2022,W073_076,73178.0,textile + rubber,AUT
T,Bosnia and Herzegovina,2010,W073_076,0.0,textile + rubber,
T,Bosnia and Herzegovina,2012,W073_076,0.0,textile + rubber,
T,Bosnia and Herzegovina,2014,W073_076,0.0,textile + rubber,
T,Bosnia and Herzegovina,2016,W073_076,0.0,textile + rubber,
T,Bosnia and Herzegovina,2018,W073_076,0.0,textile + rubber,
T,Bosnia and Herzegovina,2020,W073_076,4818.0,textile + rubber,
T,Bosnia and Herzegovina,2022,W073_076,4834.0,textile + rubber,
T,Belgium,2004,W073_076,22588.0,textile + rubber,BEL
T,Belgium,2006,W073_076,185724.0,textile + rubber,BEL
T,Belgium,2008,W073_076,138926.0,textile + rubber,BEL
T,Belgium,2010,W073_076,166866.0,textile + rubber,BEL
T,Belgium,2012,W073_076,166440.0,textile + rubber,BEL
T,Belgium,2014,W073_076,159614.0,textile + rubber,BEL
T,Belgium,2016,W073_076,164650.0,textile + rubber,BEL
T,Belgium,2018,W073_076,173682.0,textile + rubber,BEL
T,Belgium,2020,W073_076,179486.0,textile + rubber,BEL
T,Belgium,2022,W073_076,161042.0,textile + rubber,BEL
T,Bulgaria,2004,W073_076,0.0,textile + rubber,BGR
T,Bulgaria,2006,W073_076,0.0,textile + rubber,BGR
T,Bulgaria,2008,W073_076,0.0,textile + rubber,BGR
T,Bulgaria,2010,W073_076,18894.0,textile + rubber,BGR
T,Bulgaria,2012,W073_076,38326.0,textile + rubber,BGR
T,Bulgaria,2014,W073_076,2434.0,textile + rubber,BGR
T,Bulgaria,2016,W073_076,65120.0,textile + rubber,BGR
T,Bulgaria,2018,W073_076,3178.0,textile + rubber,BGR
T,Bulgaria,2020,W073_076,1474.0,textile + rubber,BGR
T,Bulgaria,2022,W073_076,24674.0,textile + rubber,BGR
T,Cyprus,2004,W073_076,49226.0,textile + rubber,CYP
T,Cyprus,2006,W073_076,54628.0,textile + rubber,CYP
T,Cyprus,2008,W073_076,92132.0,textile + rubber,CYP
T,Cyprus,2010,W073_076,71452.0,textile + rubber,CYP
T,Cyprus,2012,W073_076,2220.0,textile + rubber,CYP
T,Cyprus,2014,W073_076,2600.0,textile + rubber,CYP
T,Cyprus,2016,W073_076,4084.0,textile + rubber,CYP
T,Cyprus,2018,W073_076,5054.0,textile + rubber,CYP
T,Cyprus,2020,W073_076,5480.0,textile + rubber,CYP
T,Cyprus,2022,W073_076,5612.0,textile + rubber,CYP
T,Czechia,2004,W073_076,12572.0,textile + rubber,CZE
T,Czechia,2006,W073_076,13666.0,textile + rubber,CZE
T,Czechia,2008,W073_076,4512.0,textile + rubber,CZE
T,Czechia,2010,W073_076,5822.0,textile + rubber,CZE
T,Czechia,2012,W073_076,9548.0,textile + rubber,CZE
T,Czechia,2014,W073_076,16524.0,textile + rubber,CZE
T,Czechia,2016,W073_076,24330.0,textile + rubber,CZE
T,Czechia,2018,W073_076,73800.0,textile + rubber,CZE
T,Czechia,2020,W073_076,75888.0,textile + rubber,CZE
T,Czechia,2022,W073_076,79314.0,textile + rubber,CZE
T,Germany,2004,W073_076,164868.0,textile + rubber,DEU
T,Germany,2006,W073_076,95992.0,textile + rubber,DEU
T,Germany,2008,W073_076,165828.0,textile + rubber,DEU
T,Germany,2010,W073_076,161466.0,textile + rubber,DEU
T,Germany,2012,W073_076,199910.0,textile + rubber,DEU
T,Germany,2014,W073_076,228460.0,textile + rubber,DEU
T,Germany,2016,W073_076,283334.0,textile + rubber,DEU
T,Germany,2018,W073_076,281892.0,textile + rubber,DEU
T,Germany,2020,W073_076,247550.0,textile + rubber,DEU
T,Germany,2022,W073_076,297794.0,textile + rubber,DEU
T,Denmark,2004,W073_076,1094.0,textile + rubber,DNK
T,Denmark,2006,W073_076,290.0,textile + rubber,DNK
T,Denmark,2008,W073_076,234.0,textile + rubber,DNK
T,Denmark,2010,W073_076,3796.0,textile + rubber,DNK
T,Denmark,2012,W073_076,15506.0,textile + rubber,DNK
T,Denmark,2014,W073_076,12662.0,textile + rubber,DNK
T,Denmark,2016,W073_076,18610.0,textile + rubber,DNK
T,Denmark,2018,W073_076,24716.0,textile + rubber,DNK
T,Denmark,2020,W073_076,28800.0,textile + rubber,DNK
T,Denmark,2022,W073_076,30976.0,textile + rubber,DNK
T,Estonia,2004,W073_076,388.0,textile + rubber,EST
T,Estonia,2006,W073_076,10464.0,textile + rubber,EST
T,Estonia,2008,W073_076,5576.0,textile + rubber,EST
T,Estonia,2010,W073_076,4326.0,textile + rubber,EST
T,Estonia,2012,W073_076,4182.0,textile + rubber,EST
T,Estonia,2014,W073_076,5002.0,textile + rubber,EST
T,Estonia,2016,W073_076,4176.0,textile + rubber,EST
T,Estonia,2018,W073_076,4842.0,textile + rubber,EST
T,Estonia,2020,W073_076,7090.0,textile + rubber,EST
T,Estonia,2022,W073_076,6984.0,textile + rubber,EST
T,Greece,2004,W073_076,0.0,textile + rubber,GRC
T,Greece,2006,W073_076,0.0,textile + rubber,GRC
T,Greece,2008,W073_076,0.0,textile + rubber,GRC
T,Greece,2010,W073_076,0.0,textile + rubber,GRC
T,Greece,2012,W073_076,0.0,textile + rubber,GRC
T,Greece,2014,W073_076,0.0,textile + rubber,GRC
T,Greece,2016,W073_076,0.0,textile + rubber,GRC
T,Greece,2018,W073_076,3848.0,textile + rubber,GRC
T,Greece,2020,W073_076,3988.0,textile + rubber,GRC
T,Greece,2022,W073_076,7526.0,textile + rubber,GRC
T,Spain,2004,W073_076,63160.0,textile + rubber,ESP
T,Spain,2006,W073_076,31494.0,textile + rubber,ESP
T,Spain,2008,W073_076,24912.0,textile + rubber,ESP
T,Spain,2010,W073_076,19778.0,textile + rubber,ESP
T,Spain,2012,W073_076,42004.0,textile + rubber,ESP
T,Spain,2014,W073_076,85014.0,textile + rubber,ESP
T,Spain,2016,W073_076,69232.0,textile + rubber,ESP
T,Spain,2018,W073_076,80688.0,textile + rubber,ESP
T,Spain,2020,W073_076,71646.0,textile + rubber,ESP
T,Spain,2022,W073_076,95262.0,textile + rubber,ESP
T,European Union - 27 countries (from 2020),2004,W073_076,1580000.0,textile + rubber,EU27_2020
T,European Union - 27 countries (from 2020),2006,W073_076,1700000.0,textile + rubber,EU27_2020
T,European Union - 27 countries (from 2020),2008,W073_076,1180000.0,textile + rubber,EU27_2020
T,European Union - 27 countries (from 2020),2010,W073_076,590000.0,textile + rubber,EU27_2020
T,European Union - 27 countries (from 2020),2012,W073_076,0.0,textile + rubber,EU27_2020
T,European Union - 27 countries (from 2020),2014,W073_076,0.0,textile + rubber,EU27_2020
T,European Union - 27 countries (from 2020),2016,W073_076,1630000.0,textile + rubber,EU27_2020
T,European Union - 27 countries (from 2020),2018,W073_076,1820000.0,textile + rubber,EU27_2020
T,European Union - 27 countries (from 2020),2020,W073_076,1980000.0,textile + rubber,EU27_2020
T,European Union - 27 countries (from 2020),2022,W073_076,2380000.0,textile + rubber,EU27_2020
T,European Union - 28 countries (2013-2020),2004,W073_076,1740000.0,textile + rubber,
T,European Union - 28 countries (2013-2020),2006,W073_076,1900000.0,textile + rubber,
T,European Union - 28 countries (2013-2020),2008,W073_076,1500000.0,textile + rubber,
T,European Union - 28 countries (2013-2020),2010,W073_076,750000.0,textile + rubber,
T,European Union - 28 countries (2013-2020),2012,W073_076,870000.0,textile + rubber,
T,European Union - 28 countries (2013-2020),2014,W073_076,1730000.0,textile + rubber,
T,European Union - 28 countries (2013-2020),2016,W073_076,2140000.0,textile + rubber,
T,European Union - 28 countries (2013-2020),2018,W073_076,2160000.0,textile + rubber,
T,Finland,2004,W073_076,0.0,textile + rubber,FIN
T,Finland,2006,W073_076,12.0,textile + rubber,FIN
T,Finland,2008,W073_076,0.0,textile + rubber,FIN
T,Finland,2010,W073_076,0.0,textile + rubber,FIN
T,Finland,2012,W073_076,0.0,textile + rubber,FIN
T,Finland,2014,W073_076,0.0,textile + rubber,FIN
T,Finland,2016,W073_076,0.0,textile + rubber,FIN
T,Finland,2018,W073_076,438.0,textile + rubber,FIN
T,Finland,2020,W073_076,580.0,textile + rubber,FIN
T,Finland,2022,W073_076,384.0,textile + rubber,FIN
T,France,2004,W073_076,28000.0,textile + rubber,FRA
T,France,2006,W073_076,25400.0,textile + rubber,FRA
T,France,2008,W073_076,21460.0,textile + rubber,FRA
T,France,2010,W073_076,20116.0,textile + rubber,FRA
T,France,2012,W073_076,250936.0,textile + rubber,FRA
T,France,2014,W073_076,289026.0,textile + rubber,FRA
T,France,2016,W073_076,365966.0,textile + rubber,FRA
T,France,2018,W073_076,329180.0,textile + rubber,FRA
T,France,2020,W073_076,450128.0,textile + rubber,FRA
T,France,2022,W073_076,553018.0,textile + rubber,FRA
T,Croatia,2004,W073_076,0.0,textile + rubber,HRV
T,Croatia,2006,W073_076,0.0,textile + rubber,HRV
T,Croatia,2008,W073_076,0.0,textile + rubber,HRV
T,Croatia,2010,W073_076,0.0,textile + rubber,HRV
T,Croatia,2012,W073_076,44.0,textile + rubber,HRV
T,Croatia,2014,W073_076,382.0,textile + rubber,HRV
T,Croatia,2016,W073_076,3190.0,textile + rubber,HRV
T,Croatia,2018,W073_076,7068.0,textile + rubber,HRV
T,Croatia,2020,W073_076,9636.0,textile + rubber,HRV
T,Croatia,2022,W073_076,10950.0,textile + rubber,HRV
T,Hungary,2004,W073_076,7100.0,textile + rubber,HUN
T,Hungary,2006,W073_076,3862.0,textile + rubber,HUN
T,Hungary,2008,W073_076,45052.0,textile + rubber,HUN
T,Hungary,2010,W073_076,32368.0,textile + rubber,HUN
T,Hungary,2012,W073_076,5026.0,textile + rubber,HUN
T,Hungary,2014,W073_076,554.0,textile + rubber,HUN
T,Hungary,2016,W073_076,11786.0,textile + rubber,HUN
T,Hungary,2018,W073_076,9860.0,textile + rubber,HUN
T,Hungary,2020,W073_076,16542.0,textile + rubber,HUN
T,Hungary,2022,W073_076,58006.0,textile + rubber,HUN
T,Ireland,2004,W073_076,275660.0,textile + rubber,IRL
T,Ireland,2006,W073_076,322156.0,textile + rubber,IRL
T,Ireland,2010,W073_076,228.0,textile + rubber,IRL
T,Ireland,2012,W073_076,482.0,textile + rubber,IRL
T,Ireland,2014,W073_076,1032.0,textile + rubber,IRL
T,Ireland,2016,W073_076,1478.0,textile + rubber,IRL
T,Ireland,2018,W073_076,1532.0,textile + rubber,IRL
T,Ireland,2020,W073_076,3240.0,textile + rubber,IRL
T,Ireland,2022,W073_076,2364.0,textile + rubber,IRL
T,Iceland,2004,W073_076,1800.0,textile + rubber,ISL
T,Iceland,2010,W073_076,7798.0,textile + rubber,ISL
T,Iceland,2012,W073_076,6700.0,textile + rubber,ISL
T,Iceland,2014,W073_076,9600.0,textile + rubber,ISL
T,Iceland,2016,W073_076,11980.0,textile + rubber,ISL
T,Iceland,2018,W073_076,18660.0,textile + rubber,ISL
T,Iceland,2020,W073_076,10530.0,textile + rubber,ISL
T,Iceland,2022,W073_076,5464.0,textile + rubber,ISL
T,Italy,2004,W073_076,113002.0,textile + rubber,ITA
T,Italy,2006,W073_076,140896.0,textile + rubber,ITA
T,Italy,2008,W073_076,160676.0,textile + rubber,ITA
T,Italy,2010,W073_076,223194.0,textile + rubber,ITA
T,Italy,2012,W073_076,235210.0,textile + rubber,ITA
T,Italy,2014,W073_076,278322.0,textile + rubber,ITA
T,Italy,2016,W073_076,308408.0,textile + rubber,ITA
T,Italy,2018,W073_076,326240.0,textile + rubber,ITA
T,Italy,2020,W073_076,320162.0,textile + rubber,ITA
T,Italy,2022,W073_076,352988.0,textile + rubber,ITA
T,Liechtenstein,2008,W073_076,0.0,textile + rubber,
T,Liechtenstein,2010,W073_076,0.0,textile + rubber,
T,Liechtenstein,2012,W073_076,0.0,textile + rubber,
T,Liechtenstein,2014,W073_076,0.0,textile + rubber,
T,Liechtenstein,2016,W073_076,0.0,textile + rubber,
T,Liechtenstein,2018,W073_076,0.0,textile + rubber,
T,Liechtenstein,2020,W073_076,0.0,textile + rubber,
T,Liechtenstein,2022,W073_076,0.0,textile + rubber,
T,Lithuania,2004,W073_076,8.0,textile + rubber,LTU
T,Lithuania,2006,W073_076,20448.0,textile + rubber,LTU
T,Lithuania,2008,W073_076,4264.0,textile + rubber,LTU
T,Lithuania,2010,W073_076,6484.0,textile + rubber,LTU
T,Lithuania,2012,W073_076,19220.0,textile + rubber,LTU
T,Lithuania,2014,W073_076,15580.0,textile + rubber,LTU
T,Lithuania,2016,W073_076,17870.0,textile + rubber,LTU
T,Lithuania,2018,W073_076,21218.0,textile + rubber,LTU
T,Lithuania,2020,W073_076,26782.0,textile + rubber,LTU
T,Lithuania,2022,W073_076,35500.0,textile + rubber,LTU
T,Luxembourg,2004,W073_076,5020.0,textile + rubber,LUX
T,Luxembourg,2006,W073_076,6446.0,textile + rubber,LUX
T,Luxembourg,2008,W073_076,6388.0,textile + rubber,LUX
T,Luxembourg,2010,W073_076,7724.0,textile + rubber,LUX
T,Luxembourg,2012,W073_076,7592.0,textile + rubber,LUX
T,Luxembourg,2014,W073_076,11864.0,textile + rubber,LUX
T,Luxembourg,2016,W073_076,9400.0,textile + rubber,LUX
T,Luxembourg,2018,W073_076,10974.0,textile + rubber,LUX
T,Luxembourg,2020,W073_076,10990.0,textile + rubber,LUX
T,Luxembourg,2022,W073_076,5486.0,textile + rubber,LUX
T,Latvia,2004,W073_076,0.0,textile + rubber,LVA
T,Latvia,2006,W073_076,2708.0,textile + rubber,LVA
T,Latvia,2008,W073_076,0.0,textile + rubber,LVA
T,Latvia,2010,W073_076,8580.0,textile + rubber,LVA
T,Latvia,2012,W073_076,14210.0,textile + rubber,LVA
T,Latvia,2014,W073_076,20770.0,textile + rubber,LVA
T,Latvia,2016,W073_076,21700.0,textile + rubber,LVA
T,Latvia,2018,W073_076,25568.0,textile + rubber,LVA
T,Latvia,2020,W073_076,37410.0,textile + rubber,LVA
T,Latvia,2022,W073_076,27782.0,textile + rubber,LVA
T,Montenegro,2010,W073_076,0.0,textile + rubber,
T,Montenegro,2012,W073_076,1146.0,textile + rubber,
T,Montenegro,2014,W073_076,1440.0,textile + rubber,
T,Montenegro,2016,W073_076,904.0,textile + rubber,
T,Montenegro,2018,W073_076,810.0,textile + rubber,
T,Montenegro,2020,W073_076,102.0,textile + rubber,
T,Montenegro,2022,W073_076,768.0,textile + rubber,
T,North Macedonia,2008,W073_076,0.0,textile + rubber,
T,North Macedonia,2010,W073_076,0.0,textile + rubber,
T,North Macedonia,2012,W073_076,0.0,textile + rubber,
T,North Macedonia,2014,W073_076,0.0,textile + rubber,
T,North Macedonia,2016,W073_076,0.0,textile + rubber,
T,North Macedonia,2018,W073_076,0.0,textile + rubber,
T,North Macedonia,2020,W073_076,0.0,textile + rubber,
T,North Macedonia,2022,W073_076,0.0,textile + rubber,
T,Malta,2004,W073_076,1976.0,textile + rubber,MLT
T,Malta,2006,W073_076,2292.0,textile + rubber,MLT
T,Malta,2008,W073_076,3306.0,textile + rubber,MLT
T,Malta,2010,W073_076,3020.0,textile + rubber,MLT
T,Malta,2012,W073_076,3054.0,textile + rubber,MLT
T,Malta,2014,W073_076,3974.0,textile + rubber,MLT
T,Malta,2016,W073_076,4698.0,textile + rubber,MLT
T,Malta,2018,W073_076,6404.0,textile + rubber,MLT
T,Malta,2020,W073_076,7592.0,textile + rubber,MLT
T,Malta,2022,W073_076,7282.0,textile + rubber,MLT
T,Netherlands,2004,W073_076,354812.0,textile + rubber,NLD
T,Netherlands,2006,W073_076,299094.0,textile + rubber,NLD
T,Netherlands,2008,W073_076,294500.0,textile + rubber,NLD
T,Netherlands,2010,W073_076,228078.0,textile + rubber,NLD
T,Netherlands,2012,W073_076,0.0,textile + rubber,NLD
T,Netherlands,2014,W073_076,0.0,textile + rubber,NLD
T,Netherlands,2016,W073_076,281148.0,textile + rubber,NLD
T,Netherlands,2018,W073_076,261710.0,textile + rubber,NLD
T,Netherlands,2020,W073_076,269536.0,textile + rubber,NLD
T,Netherlands,2022,W073_076,311326.0,textile + rubber,NLD
T,Norway,2004,W073_076,77076.0,textile + rubber,NOR
T,Norway,2006,W073_076,84386.0,textile + rubber,NOR
T,Norway,2008,W073_076,100958.0,textile + rubber,NOR
T,Norway,2010,W073_076,118352.0,textile + rubber,NOR
T,Norway,2012,W073_076,3544.0,textile + rubber,NOR
T,Norway,2014,W073_076,268.0,textile + rubber,NOR
T,Norway,2016,W073_076,998.0,textile + rubber,NOR
T,Norway,2018,W073_076,498.0,textile + rubber,NOR
T,Norway,2020,W073_076,8660.0,textile + rubber,NOR
T,Norway,2022,W073_076,8040.0,textile + rubber,NOR
T,Poland,2004,W073_076,25910.0,textile + rubber,POL
T,Poland,2006,W073_076,47310.0,textile + rubber,POL
T,Poland,2008,W073_076,73246.0,textile + rubber,POL
T,Poland,2010,W073_076,70512.0,textile + rubber,POL
T,Poland,2012,W073_076,74474.0,textile + rubber,POL
T,Poland,2014,W073_076,62894.0,textile + rubber,POL
T,Poland,2016,W073_076,2884.0,textile + rubber,POL
T,Poland,2018,W073_076,4482.0,textile + rubber,POL
T,Poland,2020,W073_076,43306.0,textile + rubber,POL
T,Poland,2022,W073_076,119834.0,textile + rubber,POL
T,Portugal,2004,W073_076,0.0,textile + rubber,PRT
T,Portugal,2006,W073_076,0.0,textile + rubber,PRT
T,Portugal,2008,W073_076,2818.0,textile + rubber,PRT
T,Portugal,2010,W073_076,0.0,textile + rubber,PRT
T,Portugal,2012,W073_076,0.0,textile + rubber,PRT
T,Portugal,2014,W073_076,0.0,textile + rubber,PRT
T,Portugal,2016,W073_076,0.0,textile + rubber,PRT
T,Portugal,2018,W073_076,0.0,textile + rubber,PRT
T,Portugal,2020,W073_076,0.0,textile + rubber,PRT
T,Portugal,2022,W073_076,746.0,textile + rubber,PRT
T,Romania,2004,W073_076,320162.0,textile + rubber,ROU
T,Romania,2006,W073_076,318678.0,textile + rubber,ROU
T,Romania,2008,W073_076,0.0,textile + rubber,ROU
T,Romania,2010,W073_076,166.0,textile + rubber,ROU
T,Romania,2012,W073_076,982.0,textile + rubber,ROU
T,Romania,2014,W073_076,312.0,textile + rubber,ROU
T,Romania,2016,W073_076,284.0,textile + rubber,ROU
T,Romania,2018,W073_076,408.0,textile + rubber,ROU
T,Romania,2020,W073_076,1602.0,textile + rubber,ROU
T,Romania,2022,W073_076,5340.0,textile + rubber,ROU
T,Serbia,2010,W073_076,0.0,textile + rubber,
T,Serbia,2012,W073_076,0.0,textile + rubber,
T,Serbia,2014,W073_076,1094.0,textile + rubber,
T,Serbia,2016,W073_076,3352.0,textile + rubber,
T,Serbia,2018,W073_076,982.0,textile + rubber,
T,Serbia,2020,W073_076,0.0,textile + rubber,
T,Serbia,2022,W073_076,0.0,textile + rubber,
T,Sweden,2004,W073_076,55234.0,textile + rubber,SWE
T,Sweden,2006,W073_076,62866.0,textile + rubber,SWE
T,Sweden,2008,W073_076,64774.0,textile + rubber,SWE
T,Sweden,2010,W073_076,63690.0,textile + rubber,SWE
T,Sweden,2012,W073_076,64960.0,textile + rubber,SWE
T,Sweden,2014,W073_076,66746.0,textile + rubber,SWE
T,Sweden,2016,W073_076,71122.0,textile + rubber,SWE
T,Sweden,2018,W073_076,75286.0,textile + rubber,SWE
T,Sweden,2020,W073_076,78244.0,textile + rubber,SWE
T,Sweden,2022,W073_076,81954.0,textile + rubber,SWE
T,Slovenia,2004,W073_076,1404.0,textile + rubber,SVN
T,Slovenia,2006,W073_076,4674.0,textile + rubber,SVN
T,Slovenia,2008,W073_076,1216.0,textile + rubber,SVN
T,Slovenia,2010,W073_076,5696.0,textile + rubber,SVN
T,Slovenia,2012,W073_076,1920.0,textile + rubber,SVN
T,Slovenia,2014,W073_076,2412.0,textile + rubber,SVN
T,Slovenia,2016,W073_076,7992.0,textile + rubber,SVN
T,Slovenia,2018,W073_076,3158.0,textile + rubber,SVN
T,Slovenia,2020,W073_076,3266.0,textile + rubber,SVN
T,Slovenia,2022,W073_076,4126.0,textile + rubber,SVN
T,Slovakia,2004,W073_076,0.0,textile + rubber,SVK
T,Slovakia,2006,W073_076,1350.0,textile + rubber,SVK
T,Slovakia,2008,W073_076,1146.0,textile + rubber,SVK
T,Slovakia,2010,W073_076,530.0,textile + rubber,SVK
T,Slovakia,2012,W073_076,5596.0,textile + rubber,SVK
T,Slovakia,2014,W073_076,13272.0,textile + rubber,SVK
T,Slovakia,2016,W073_076,9014.0,textile + rubber,SVK
T,Slovakia,2018,W073_076,6832.0,textile + rubber,SVK
T,Slovakia,2020,W073_076,9310.0,textile + rubber,SVK
T,Slovakia,2022,W073_076,16786.0,textile + rubber,SVK
T,Türkiye,2004,W073_076,0.0,textile + rubber,
T,Türkiye,2006,W073_076,0.0,textile + rubber,
T,Türkiye,2008,W073_076,896682.0,textile + rubber,
T,Türkiye,2010,W073_076,8308.0,textile + rubber,
T,Türkiye,2012,W073_076,36670.0,textile + rubber,
T,Türkiye,2014,W073_076,16924.0,textile + rubber,
T,Türkiye,2016,W073_076,0.0,textile + rubber,
T,Türkiye,2018,W073_076,0.0,textile + rubber,
T,Türkiye,2020,W073_076,0.0,textile + rubber,
T,Türkiye,2022,W073_076,0.0,textile + rubber,
T,United Kingdom,2004,W073_076,165036.0,textile + rubber,GBR
T,United Kingdom,2006,W073_076,207232.0,textile + rubber,GBR
T,United Kingdom,2008,W073_076,332128.0,textile + rubber,GBR
T,United Kingdom,2010,W073_076,315844.0,textile + rubber,GBR
T,United Kingdom,2012,W073_076,257160.0,textile + rubber,GBR
T,United Kingdom,2014,W073_076,299854.0,textile + rubber,GBR
T,United Kingdom,2016,W073_076,316150.0,textile + rubber,GBR
T,United Kingdom,2018,W073_076,305068.0,textile + rubber,GBR
T,United Kingdom,2020,W073_076,0.0,textile + rubber,GBR
T,Kosovo*,2010,W073_076,0.0,textile + rubber,
T,Kosovo*,2012,W073_076,0.0,textile + rubber,
T,Kosovo*,2014,W073_076,0.0,textile + rubber,
T,Kosovo*,2016,W073_076,0.0,textile + rubber,
T,Kosovo*,2018,W073_076,0.0,textile + rubber,
T,Kosovo*,2020,W073_076,0.0,textile + rubber,
T,Kosovo*,2022,W073_076,0.0,textile + rubber,
