unit,waste,Waste categories,Geopolitical entity (reporting),TIME_PERIOD,OBS_VALUE,NUTS_code
T,W05,Health care and biological wastes,Austria,2004,0.0,AUT
T,W05,Health care and biological wastes,Austria,2006,0.0,AUT
T,W05,Health care and biological wastes,Austria,2008,0.0,AUT
T,W05,Health care and biological wastes,Austria,2010,2.0,AUT
T,W05,Health care and biological wastes,Austria,2012,9.0,AUT
T,W05,Health care and biological wastes,Austria,2014,10.0,AUT
T,W05,Health care and biological wastes,Austria,2016,5.0,AUT
T,W05,Health care and biological wastes,Austria,2018,5.0,AUT
T,W05,Health care and biological wastes,Austria,2020,5.0,AUT
T,W05,Health care and biological wastes,Austria,2022,5.0,AUT
T,W05,Health care and biological wastes,Bosnia and Herzegovina,2018,0.0,
T,W05,Health care and biological wastes,Bosnia and Herzegovina,2020,0.0,
T,W05,Health care and biological wastes,Bosnia and Herzegovina,2022,0.0,
T,W05,Health care and biological wastes,Belgium,2004,126.0,BEL
T,W05,Health care and biological wastes,Belgium,2006,94.0,BEL
T,W05,Health care and biological wastes,Belgium,2008,154.0,BEL
T,W05,Health care and biological wastes,Belgium,2010,50.0,BEL
T,W05,Health care and biological wastes,Belgium,2012,60.0,BEL
T,W05,Health care and biological wastes,Belgium,2014,69.0,BEL
T,W05,Health care and biological wastes,Belgium,2016,63.0,BEL
T,W05,Health care and biological wastes,Belgium,2018,54.0,BEL
T,W05,Health care and biological wastes,Belgium,2020,67.0,BEL
T,W05,Health care and biological wastes,Belgium,2022,96.0,BEL
T,W05,Health care and biological wastes,Bulgaria,2006,0.0,BGR
T,W05,Health care and biological wastes,Bulgaria,2008,0.0,BGR
T,W05,Health care and biological wastes,Bulgaria,2018,0.0,BGR
T,W05,Health care and biological wastes,Bulgaria,2020,0.0,BGR
T,W05,Health care and biological wastes,Bulgaria,2022,0.0,BGR
T,W05,Health care and biological wastes,Cyprus,2004,0.0,CYP
T,W05,Health care and biological wastes,Cyprus,2006,0.0,CYP
T,W05,Health care and biological wastes,Cyprus,2008,0.0,CYP
T,W05,Health care and biological wastes,Cyprus,2010,0.0,CYP
T,W05,Health care and biological wastes,Cyprus,2012,0.0,CYP
T,W05,Health care and biological wastes,Cyprus,2014,0.0,CYP
T,W05,Health care and biological wastes,Cyprus,2016,0.0,CYP
T,W05,Health care and biological wastes,Cyprus,2018,0.0,CYP
T,W05,Health care and biological wastes,Cyprus,2020,0.0,CYP
T,W05,Health care and biological wastes,Cyprus,2022,0.0,CYP
T,W05,Health care and biological wastes,Czechia,2004,5.0,CZE
T,W05,Health care and biological wastes,Czechia,2006,2.0,CZE
T,W05,Health care and biological wastes,Czechia,2008,0.0,CZE
T,W05,Health care and biological wastes,Czechia,2010,0.0,CZE
T,W05,Health care and biological wastes,Czechia,2012,0.0,CZE
T,W05,Health care and biological wastes,Czechia,2014,0.0,CZE
T,W05,Health care and biological wastes,Czechia,2016,0.0,CZE
T,W05,Health care and biological wastes,Czechia,2018,11.0,CZE
T,W05,Health care and biological wastes,Czechia,2020,105.0,CZE
T,W05,Health care and biological wastes,Czechia,2022,19.0,CZE
T,W05,Health care and biological wastes,Germany,2004,0.0,DEU
T,W05,Health care and biological wastes,Germany,2006,0.0,DEU
T,W05,Health care and biological wastes,Germany,2008,0.0,DEU
T,W05,Health care and biological wastes,Germany,2010,0.0,DEU
T,W05,Health care and biological wastes,Germany,2012,0.0,DEU
T,W05,Health care and biological wastes,Germany,2014,0.0,DEU
T,W05,Health care and biological wastes,Germany,2016,0.0,DEU
T,W05,Health care and biological wastes,Germany,2018,0.0,DEU
T,W05,Health care and biological wastes,Germany,2020,0.0,DEU
T,W05,Health care and biological wastes,Germany,2022,0.0,DEU
T,W05,Health care and biological wastes,Denmark,2004,1.0,DNK
T,W05,Health care and biological wastes,Denmark,2006,1.0,DNK
T,W05,Health care and biological wastes,Denmark,2008,138.0,DNK
T,W05,Health care and biological wastes,Denmark,2010,5.0,DNK
T,W05,Health care and biological wastes,Denmark,2012,30.0,DNK
T,W05,Health care and biological wastes,Denmark,2014,881.0,DNK
T,W05,Health care and biological wastes,Denmark,2016,860.0,DNK
T,W05,Health care and biological wastes,Denmark,2018,881.0,DNK
T,W05,Health care and biological wastes,Denmark,2020,177.0,DNK
T,W05,Health care and biological wastes,Denmark,2022,187.0,DNK
T,W05,Health care and biological wastes,Estonia,2004,1.0,EST
T,W05,Health care and biological wastes,Estonia,2006,0.0,EST
T,W05,Health care and biological wastes,Estonia,2008,1.0,EST
T,W05,Health care and biological wastes,Estonia,2010,2.0,EST
T,W05,Health care and biological wastes,Estonia,2012,0.0,EST
T,W05,Health care and biological wastes,Estonia,2014,2.0,EST
T,W05,Health care and biological wastes,Estonia,2016,1.0,EST
T,W05,Health care and biological wastes,Estonia,2018,4.0,EST
T,W05,Health care and biological wastes,Estonia,2020,1.0,EST
T,W05,Health care and biological wastes,Estonia,2022,1.0,EST
T,W05,Health care and biological wastes,Greece,2006,0.0,GRC
T,W05,Health care and biological wastes,Greece,2008,0.0,GRC
T,W05,Health care and biological wastes,Greece,2010,0.0,GRC
T,W05,Health care and biological wastes,Greece,2016,0.0,GRC
T,W05,Health care and biological wastes,Greece,2018,1.0,GRC
T,W05,Health care and biological wastes,Greece,2020,0.0,GRC
T,W05,Health care and biological wastes,Greece,2022,1.0,GRC
T,W05,Health care and biological wastes,Spain,2004,0.0,ESP
T,W05,Health care and biological wastes,Spain,2006,0.0,ESP
T,W05,Health care and biological wastes,Spain,2008,0.0,ESP
T,W05,Health care and biological wastes,Spain,2010,0.0,ESP
T,W05,Health care and biological wastes,Spain,2012,0.0,ESP
T,W05,Health care and biological wastes,Spain,2014,0.0,ESP
T,W05,Health care and biological wastes,Spain,2016,0.0,ESP
T,W05,Health care and biological wastes,Spain,2018,0.0,ESP
T,W05,Health care and biological wastes,Spain,2020,0.0,ESP
T,W05,Health care and biological wastes,Spain,2022,0.0,ESP
T,W05,Health care and biological wastes,European Union - 27 countries (from 2020),2004,20000.0,EU27_2020
T,W05,Health care and biological wastes,European Union - 27 countries (from 2020),2006,0.0,EU27_2020
T,W05,Health care and biological wastes,European Union - 27 countries (from 2020),2008,10000.0,EU27_2020
T,W05,Health care and biological wastes,European Union - 27 countries (from 2020),2018,0.0,EU27_2020
T,W05,Health care and biological wastes,European Union - 27 countries (from 2020),2020,0.0,EU27_2020
T,W05,Health care and biological wastes,European Union - 27 countries (from 2020),2022,0.0,EU27_2020
T,W05,Health care and biological wastes,European Union - 28 countries (2013-2020),2004,20000.0,
T,W05,Health care and biological wastes,European Union - 28 countries (2013-2020),2006,0.0,
T,W05,Health care and biological wastes,European Union - 28 countries (2013-2020),2008,10000.0,
T,W05,Health care and biological wastes,European Union - 28 countries (2013-2020),2010,0.0,
T,W05,Health care and biological wastes,European Union - 28 countries (2013-2020),2012,0.0,
T,W05,Health care and biological wastes,European Union - 28 countries (2013-2020),2014,0.0,
T,W05,Health care and biological wastes,European Union - 28 countries (2013-2020),2016,0.0,
T,W05,Health care and biological wastes,European Union - 28 countries (2013-2020),2018,0.0,
T,W05,Health care and biological wastes,Finland,2004,0.0,FIN
T,W05,Health care and biological wastes,Finland,2006,0.0,FIN
T,W05,Health care and biological wastes,Finland,2008,0.0,FIN
T,W05,Health care and biological wastes,Finland,2010,0.0,FIN
T,W05,Health care and biological wastes,Finland,2012,0.0,FIN
T,W05,Health care and biological wastes,Finland,2014,0.0,FIN
T,W05,Health care and biological wastes,Finland,2016,0.0,FIN
T,W05,Health care and biological wastes,Finland,2018,0.0,FIN
T,W05,Health care and biological wastes,Finland,2020,0.0,FIN
T,W05,Health care and biological wastes,Finland,2022,0.0,FIN
T,W05,Health care and biological wastes,France,2004,3000.0,FRA
T,W05,Health care and biological wastes,France,2006,0.0,FRA
T,W05,Health care and biological wastes,France,2008,1300.0,FRA
T,W05,Health care and biological wastes,France,2010,0.0,FRA
T,W05,Health care and biological wastes,France,2012,0.0,FRA
T,W05,Health care and biological wastes,France,2014,0.0,FRA
T,W05,Health care and biological wastes,France,2016,0.0,FRA
T,W05,Health care and biological wastes,France,2018,0.0,FRA
T,W05,Health care and biological wastes,France,2020,0.0,FRA
T,W05,Health care and biological wastes,France,2022,0.0,FRA
T,W05,Health care and biological wastes,Croatia,2006,0.0,HRV
T,W05,Health care and biological wastes,Croatia,2008,0.0,HRV
T,W05,Health care and biological wastes,Croatia,2012,0.0,HRV
T,W05,Health care and biological wastes,Croatia,2014,0.0,HRV
T,W05,Health care and biological wastes,Croatia,2016,0.0,HRV
T,W05,Health care and biological wastes,Croatia,2018,0.0,HRV
T,W05,Health care and biological wastes,Croatia,2020,0.0,HRV
T,W05,Health care and biological wastes,Croatia,2022,0.0,HRV
T,W05,Health care and biological wastes,Hungary,2004,0.0,HUN
T,W05,Health care and biological wastes,Hungary,2006,0.0,HUN
T,W05,Health care and biological wastes,Hungary,2008,0.0,HUN
T,W05,Health care and biological wastes,Hungary,2010,0.0,HUN
T,W05,Health care and biological wastes,Hungary,2012,0.0,HUN
T,W05,Health care and biological wastes,Hungary,2014,0.0,HUN
T,W05,Health care and biological wastes,Hungary,2016,0.0,HUN
T,W05,Health care and biological wastes,Hungary,2018,0.0,HUN
T,W05,Health care and biological wastes,Hungary,2020,11.0,HUN
T,W05,Health care and biological wastes,Hungary,2022,35.0,HUN
T,W05,Health care and biological wastes,Ireland,2004,0.0,IRL
T,W05,Health care and biological wastes,Ireland,2006,0.0,IRL
T,W05,Health care and biological wastes,Ireland,2010,0.0,IRL
T,W05,Health care and biological wastes,Ireland,2012,0.0,IRL
T,W05,Health care and biological wastes,Ireland,2014,0.0,IRL
T,W05,Health care and biological wastes,Ireland,2016,0.0,IRL
T,W05,Health care and biological wastes,Ireland,2018,0.0,IRL
T,W05,Health care and biological wastes,Ireland,2020,0.0,IRL
T,W05,Health care and biological wastes,Ireland,2022,0.0,IRL
T,W05,Health care and biological wastes,Iceland,2004,0.0,ISL
T,W05,Health care and biological wastes,Iceland,2010,0.0,ISL
T,W05,Health care and biological wastes,Iceland,2012,0.0,ISL
T,W05,Health care and biological wastes,Iceland,2014,199.0,ISL
T,W05,Health care and biological wastes,Iceland,2016,258.0,ISL
T,W05,Health care and biological wastes,Iceland,2018,277.0,ISL
T,W05,Health care and biological wastes,Iceland,2020,0.0,ISL
T,W05,Health care and biological wastes,Iceland,2022,0.0,ISL
T,W05,Health care and biological wastes,Italy,2004,0.0,ITA
T,W05,Health care and biological wastes,Italy,2012,0.0,ITA
T,W05,Health care and biological wastes,Italy,2014,0.0,ITA
T,W05,Health care and biological wastes,Italy,2016,0.0,ITA
T,W05,Health care and biological wastes,Italy,2018,0.0,ITA
T,W05,Health care and biological wastes,Italy,2020,0.0,ITA
T,W05,Health care and biological wastes,Italy,2022,0.0,ITA
T,W05,Health care and biological wastes,Liechtenstein,2008,0.0,
T,W05,Health care and biological wastes,Liechtenstein,2010,0.0,
T,W05,Health care and biological wastes,Liechtenstein,2012,0.0,
T,W05,Health care and biological wastes,Liechtenstein,2014,0.0,
T,W05,Health care and biological wastes,Liechtenstein,2016,0.0,
T,W05,Health care and biological wastes,Liechtenstein,2018,0.0,
T,W05,Health care and biological wastes,Liechtenstein,2020,0.0,
T,W05,Health care and biological wastes,Liechtenstein,2022,0.0,
T,W05,Health care and biological wastes,Lithuania,2004,0.0,LTU
T,W05,Health care and biological wastes,Lithuania,2006,0.0,LTU
T,W05,Health care and biological wastes,Lithuania,2008,0.0,LTU
T,W05,Health care and biological wastes,Lithuania,2010,0.0,LTU
T,W05,Health care and biological wastes,Lithuania,2012,0.0,LTU
T,W05,Health care and biological wastes,Lithuania,2014,0.0,LTU
T,W05,Health care and biological wastes,Lithuania,2016,0.0,LTU
T,W05,Health care and biological wastes,Lithuania,2018,0.0,LTU
T,W05,Health care and biological wastes,Lithuania,2020,8.0,LTU
T,W05,Health care and biological wastes,Lithuania,2022,0.0,LTU
T,W05,Health care and biological wastes,Luxembourg,2004,0.0,LUX
T,W05,Health care and biological wastes,Luxembourg,2006,0.0,LUX
T,W05,Health care and biological wastes,Luxembourg,2008,0.0,LUX
T,W05,Health care and biological wastes,Luxembourg,2010,0.0,LUX
T,W05,Health care and biological wastes,Luxembourg,2012,0.0,LUX
T,W05,Health care and biological wastes,Luxembourg,2014,1.0,LUX
T,W05,Health care and biological wastes,Luxembourg,2016,2.0,LUX
T,W05,Health care and biological wastes,Luxembourg,2018,0.0,LUX
T,W05,Health care and biological wastes,Luxembourg,2020,0.0,LUX
T,W05,Health care and biological wastes,Luxembourg,2022,2.0,LUX
T,W05,Health care and biological wastes,Latvia,2004,0.0,LVA
T,W05,Health care and biological wastes,Latvia,2006,0.0,LVA
T,W05,Health care and biological wastes,Latvia,2008,4191.0,LVA
T,W05,Health care and biological wastes,Latvia,2010,371.0,LVA
T,W05,Health care and biological wastes,Latvia,2012,0.0,LVA
T,W05,Health care and biological wastes,Latvia,2014,681.0,LVA
T,W05,Health care and biological wastes,Latvia,2016,1930.0,LVA
T,W05,Health care and biological wastes,Latvia,2018,57.0,LVA
T,W05,Health care and biological wastes,Latvia,2020,0.0,LVA
T,W05,Health care and biological wastes,Latvia,2022,0.0,LVA
T,W05,Health care and biological wastes,Montenegro,2012,0.0,
T,W05,Health care and biological wastes,Montenegro,2014,0.0,
T,W05,Health care and biological wastes,Montenegro,2016,0.0,
T,W05,Health care and biological wastes,Montenegro,2018,0.0,
T,W05,Health care and biological wastes,Montenegro,2020,0.0,
T,W05,Health care and biological wastes,Montenegro,2022,0.0,
T,W05,Health care and biological wastes,North Macedonia,2012,0.0,
T,W05,Health care and biological wastes,North Macedonia,2014,0.0,
T,W05,Health care and biological wastes,North Macedonia,2016,0.0,
T,W05,Health care and biological wastes,North Macedonia,2018,0.0,
T,W05,Health care and biological wastes,North Macedonia,2020,0.0,
T,W05,Health care and biological wastes,North Macedonia,2022,0.0,
T,W05,Health care and biological wastes,Malta,2004,0.0,MLT
T,W05,Health care and biological wastes,Malta,2006,0.0,MLT
T,W05,Health care and biological wastes,Malta,2008,0.0,MLT
T,W05,Health care and biological wastes,Malta,2010,0.0,MLT
T,W05,Health care and biological wastes,Malta,2012,2.0,MLT
T,W05,Health care and biological wastes,Malta,2014,2.0,MLT
T,W05,Health care and biological wastes,Malta,2016,3.0,MLT
T,W05,Health care and biological wastes,Malta,2018,4.0,MLT
T,W05,Health care and biological wastes,Malta,2020,0.0,MLT
T,W05,Health care and biological wastes,Malta,2022,0.0,MLT
T,W05,Health care and biological wastes,Netherlands,2004,60.0,NLD
T,W05,Health care and biological wastes,Netherlands,2006,0.0,NLD
T,W05,Health care and biological wastes,Netherlands,2008,5.0,NLD
T,W05,Health care and biological wastes,Netherlands,2010,0.0,NLD
T,W05,Health care and biological wastes,Netherlands,2016,0.0,NLD
T,W05,Health care and biological wastes,Netherlands,2018,0.0,NLD
T,W05,Health care and biological wastes,Netherlands,2020,0.0,NLD
T,W05,Health care and biological wastes,Netherlands,2022,0.0,NLD
T,W05,Health care and biological wastes,Norway,2004,0.0,NOR
T,W05,Health care and biological wastes,Norway,2012,0.0,NOR
T,W05,Health care and biological wastes,Norway,2014,0.0,NOR
T,W05,Health care and biological wastes,Norway,2016,0.0,NOR
T,W05,Health care and biological wastes,Norway,2018,0.0,NOR
T,W05,Health care and biological wastes,Norway,2020,0.0,NOR
T,W05,Health care and biological wastes,Norway,2022,0.0,NOR
T,W05,Health care and biological wastes,Poland,2004,0.0,POL
T,W05,Health care and biological wastes,Poland,2008,0.0,POL
T,W05,Health care and biological wastes,Poland,2010,0.0,POL
T,W05,Health care and biological wastes,Poland,2012,0.0,POL
T,W05,Health care and biological wastes,Poland,2014,0.0,POL
T,W05,Health care and biological wastes,Poland,2016,0.0,POL
T,W05,Health care and biological wastes,Poland,2018,0.0,POL
T,W05,Health care and biological wastes,Poland,2020,0.0,POL
T,W05,Health care and biological wastes,Poland,2022,0.0,POL
T,W05,Health care and biological wastes,Portugal,2004,13089.0,PRT
T,W05,Health care and biological wastes,Portugal,2006,0.0,PRT
T,W05,Health care and biological wastes,Portugal,2010,0.0,PRT
T,W05,Health care and biological wastes,Portugal,2012,0.0,PRT
T,W05,Health care and biological wastes,Portugal,2014,0.0,PRT
T,W05,Health care and biological wastes,Portugal,2016,0.0,PRT
T,W05,Health care and biological wastes,Portugal,2018,0.0,PRT
T,W05,Health care and biological wastes,Portugal,2020,0.0,PRT
T,W05,Health care and biological wastes,Portugal,2022,0.0,PRT
T,W05,Health care and biological wastes,Romania,2004,0.0,ROU
T,W05,Health care and biological wastes,Romania,2006,0.0,ROU
T,W05,Health care and biological wastes,Romania,2008,0.0,ROU
T,W05,Health care and biological wastes,Romania,2010,0.0,ROU
T,W05,Health care and biological wastes,Romania,2012,0.0,ROU
T,W05,Health care and biological wastes,Romania,2014,0.0,ROU
T,W05,Health care and biological wastes,Romania,2016,0.0,ROU
T,W05,Health care and biological wastes,Romania,2018,0.0,ROU
T,W05,Health care and biological wastes,Romania,2020,0.0,ROU
T,W05,Health care and biological wastes,Romania,2022,0.0,ROU
T,W05,Health care and biological wastes,Serbia,2014,0.0,
T,W05,Health care and biological wastes,Serbia,2016,0.0,
T,W05,Health care and biological wastes,Serbia,2018,0.0,
T,W05,Health care and biological wastes,Serbia,2020,0.0,
T,W05,Health care and biological wastes,Serbia,2022,0.0,
T,W05,Health care and biological wastes,Sweden,2004,0.0,SWE
T,W05,Health care and biological wastes,Sweden,2006,0.0,SWE
T,W05,Health care and biological wastes,Sweden,2008,0.0,SWE
T,W05,Health care and biological wastes,Sweden,2010,0.0,SWE
T,W05,Health care and biological wastes,Sweden,2012,0.0,SWE
T,W05,Health care and biological wastes,Sweden,2014,0.0,SWE
T,W05,Health care and biological wastes,Sweden,2016,0.0,SWE
T,W05,Health care and biological wastes,Sweden,2018,0.0,SWE
T,W05,Health care and biological wastes,Sweden,2020,0.0,SWE
T,W05,Health care and biological wastes,Sweden,2022,0.0,SWE
T,W05,Health care and biological wastes,Slovenia,2004,0.0,SVN
T,W05,Health care and biological wastes,Slovenia,2006,0.0,SVN
T,W05,Health care and biological wastes,Slovenia,2008,0.0,SVN
T,W05,Health care and biological wastes,Slovenia,2010,0.0,SVN
T,W05,Health care and biological wastes,Slovenia,2012,0.0,SVN
T,W05,Health care and biological wastes,Slovenia,2014,0.0,SVN
T,W05,Health care and biological wastes,Slovenia,2016,0.0,SVN
T,W05,Health care and biological wastes,Slovenia,2018,0.0,SVN
T,W05,Health care and biological wastes,Slovenia,2020,0.0,SVN
T,W05,Health care and biological wastes,Slovenia,2022,0.0,SVN
T,W05,Health care and biological wastes,Slovakia,2006,0.0,SVK
T,W05,Health care and biological wastes,Slovakia,2008,0.0,SVK
T,W05,Health care and biological wastes,Slovakia,2010,0.0,SVK
T,W05,Health care and biological wastes,Slovakia,2012,0.0,SVK
T,W05,Health care and biological wastes,Slovakia,2014,0.0,SVK
T,W05,Health care and biological wastes,Slovakia,2016,0.0,SVK
T,W05,Health care and biological wastes,Slovakia,2018,0.0,SVK
T,W05,Health care and biological wastes,Slovakia,2020,0.0,SVK
T,W05,Health care and biological wastes,Slovakia,2022,0.0,SVK
T,W05,Health care and biological wastes,Türkiye,2014,7771.0,
T,W05,Health care and biological wastes,Türkiye,2018,0.0,
T,W05,Health care and biological wastes,Türkiye,2020,0.0,
T,W05,Health care and biological wastes,Türkiye,2022,0.0,
T,W05,Health care and biological wastes,United Kingdom,2004,56.0,GBR
T,W05,Health care and biological wastes,United Kingdom,2006,0.0,GBR
T,W05,Health care and biological wastes,United Kingdom,2008,0.0,GBR
T,W05,Health care and biological wastes,United Kingdom,2010,0.0,GBR
T,W05,Health care and biological wastes,United Kingdom,2012,0.0,GBR
T,W05,Health care and biological wastes,United Kingdom,2014,0.0,GBR
T,W05,Health care and biological wastes,United Kingdom,2016,0.0,GBR
T,W05,Health care and biological wastes,United Kingdom,2018,0.0,GBR
T,W05,Health care and biological wastes,Kosovo*,2016,0.0,
T,W05,Health care and biological wastes,Kosovo*,2020,0.0,
T,W05,Health care and biological wastes,Kosovo*,2022,0.0,
T,W061,"Metal wastes, ferrous",Albania,2010,,
T,W061,"Metal wastes, ferrous",Albania,2012,,
T,W061,"Metal wastes, ferrous",Albania,2014,,
T,W061,"Metal wastes, ferrous",Albania,2016,,
T,W061,"Metal wastes, ferrous",Albania,2018,,
T,W061,"Metal wastes, ferrous",Albania,2020,,
T,W061,"Metal wastes, ferrous",Albania,2022,,
T,W061,"Metal wastes, ferrous",Austria,2010,,AUT
T,W061,"Metal wastes, ferrous",Austria,2012,,AUT
T,W061,"Metal wastes, ferrous",Austria,2014,,AUT
T,W061,"Metal wastes, ferrous",Austria,2016,,AUT
T,W061,"Metal wastes, ferrous",Austria,2018,,AUT
T,W061,"Metal wastes, ferrous",Austria,2020,,AUT
T,W061,"Metal wastes, ferrous",Austria,2022,,AUT
T,W061,"Metal wastes, ferrous",Bosnia and Herzegovina,2010,,
T,W061,"Metal wastes, ferrous",Bosnia and Herzegovina,2012,,
T,W061,"Metal wastes, ferrous",Bosnia and Herzegovina,2014,,
T,W061,"Metal wastes, ferrous",Bosnia and Herzegovina,2016,,
T,W061,"Metal wastes, ferrous",Bosnia and Herzegovina,2018,,
T,W061,"Metal wastes, ferrous",Bosnia and Herzegovina,2020,,
T,W061,"Metal wastes, ferrous",Bosnia and Herzegovina,2022,,
T,W061,"Metal wastes, ferrous",Belgium,2010,,BEL
T,W061,"Metal wastes, ferrous",Belgium,2012,,BEL
T,W061,"Metal wastes, ferrous",Belgium,2014,,BEL
T,W061,"Metal wastes, ferrous",Belgium,2016,,BEL
T,W061,"Metal wastes, ferrous",Belgium,2018,,BEL
T,W061,"Metal wastes, ferrous",Belgium,2020,,BEL
T,W061,"Metal wastes, ferrous",Belgium,2022,,BEL
T,W061,"Metal wastes, ferrous",Bulgaria,2010,,BGR
T,W061,"Metal wastes, ferrous",Bulgaria,2012,,BGR
T,W061,"Metal wastes, ferrous",Bulgaria,2014,,BGR
T,W061,"Metal wastes, ferrous",Bulgaria,2016,,BGR
T,W061,"Metal wastes, ferrous",Bulgaria,2018,,BGR
T,W061,"Metal wastes, ferrous",Bulgaria,2020,,BGR
T,W061,"Metal wastes, ferrous",Bulgaria,2022,,BGR
T,W061,"Metal wastes, ferrous",Cyprus,2010,,CYP
T,W061,"Metal wastes, ferrous",Cyprus,2012,,CYP
T,W061,"Metal wastes, ferrous",Cyprus,2014,,CYP
T,W061,"Metal wastes, ferrous",Cyprus,2016,,CYP
T,W061,"Metal wastes, ferrous",Cyprus,2018,,CYP
T,W061,"Metal wastes, ferrous",Cyprus,2020,,CYP
T,W061,"Metal wastes, ferrous",Cyprus,2022,,CYP
T,W061,"Metal wastes, ferrous",Czechia,2010,,CZE
T,W061,"Metal wastes, ferrous",Czechia,2012,,CZE
T,W061,"Metal wastes, ferrous",Czechia,2014,,CZE
T,W061,"Metal wastes, ferrous",Czechia,2016,,CZE
T,W061,"Metal wastes, ferrous",Czechia,2018,,CZE
T,W061,"Metal wastes, ferrous",Czechia,2020,,CZE
T,W061,"Metal wastes, ferrous",Czechia,2022,,CZE
T,W061,"Metal wastes, ferrous",Germany,2010,,DEU
T,W061,"Metal wastes, ferrous",Germany,2012,,DEU
T,W061,"Metal wastes, ferrous",Germany,2014,,DEU
T,W061,"Metal wastes, ferrous",Germany,2016,,DEU
T,W061,"Metal wastes, ferrous",Germany,2018,,DEU
T,W061,"Metal wastes, ferrous",Germany,2020,,DEU
T,W061,"Metal wastes, ferrous",Germany,2022,,DEU
T,W061,"Metal wastes, ferrous",Denmark,2010,,DNK
T,W061,"Metal wastes, ferrous",Denmark,2012,,DNK
T,W061,"Metal wastes, ferrous",Denmark,2014,,DNK
T,W061,"Metal wastes, ferrous",Denmark,2016,,DNK
T,W061,"Metal wastes, ferrous",Denmark,2018,,DNK
T,W061,"Metal wastes, ferrous",Denmark,2020,,DNK
T,W061,"Metal wastes, ferrous",Denmark,2022,,DNK
T,W061,"Metal wastes, ferrous",Estonia,2010,,EST
T,W061,"Metal wastes, ferrous",Estonia,2012,,EST
T,W061,"Metal wastes, ferrous",Estonia,2014,,EST
T,W061,"Metal wastes, ferrous",Estonia,2016,,EST
T,W061,"Metal wastes, ferrous",Estonia,2018,,EST
T,W061,"Metal wastes, ferrous",Estonia,2020,,EST
T,W061,"Metal wastes, ferrous",Estonia,2022,,EST
T,W061,"Metal wastes, ferrous",Greece,2010,,GRC
T,W061,"Metal wastes, ferrous",Greece,2012,,GRC
T,W061,"Metal wastes, ferrous",Greece,2014,,GRC
T,W061,"Metal wastes, ferrous",Greece,2016,,GRC
T,W061,"Metal wastes, ferrous",Greece,2018,,GRC
T,W061,"Metal wastes, ferrous",Greece,2020,,GRC
T,W061,"Metal wastes, ferrous",Greece,2022,,GRC
T,W061,"Metal wastes, ferrous",Spain,2010,,ESP
T,W061,"Metal wastes, ferrous",Spain,2012,,ESP
T,W061,"Metal wastes, ferrous",Spain,2014,,ESP
T,W061,"Metal wastes, ferrous",Spain,2016,,ESP
T,W061,"Metal wastes, ferrous",Spain,2018,,ESP
T,W061,"Metal wastes, ferrous",Spain,2020,,ESP
T,W061,"Metal wastes, ferrous",Spain,2022,,ESP
T,W061,"Metal wastes, ferrous",European Union - 27 countries (from 2020),2010,,EU27_2020
T,W061,"Metal wastes, ferrous",European Union - 27 countries (from 2020),2012,,EU27_2020
T,W061,"Metal wastes, ferrous",European Union - 27 countries (from 2020),2014,,EU27_2020
T,W061,"Metal wastes, ferrous",European Union - 27 countries (from 2020),2016,,EU27_2020
T,W061,"Metal wastes, ferrous",European Union - 27 countries (from 2020),2018,,EU27_2020
T,W061,"Metal wastes, ferrous",European Union - 27 countries (from 2020),2020,,EU27_2020
T,W061,"Metal wastes, ferrous",European Union - 27 countries (from 2020),2022,,EU27_2020
T,W061,"Metal wastes, ferrous",European Union - 28 countries (2013-2020),2010,,
T,W061,"Metal wastes, ferrous",European Union - 28 countries (2013-2020),2012,,
T,W061,"Metal wastes, ferrous",European Union - 28 countries (2013-2020),2014,,
T,W061,"Metal wastes, ferrous",European Union - 28 countries (2013-2020),2016,,
T,W061,"Metal wastes, ferrous",European Union - 28 countries (2013-2020),2018,,
T,W061,"Metal wastes, ferrous",Finland,2010,,FIN
T,W061,"Metal wastes, ferrous",Finland,2012,,FIN
T,W061,"Metal wastes, ferrous",Finland,2014,,FIN
T,W061,"Metal wastes, ferrous",Finland,2016,,FIN
T,W061,"Metal wastes, ferrous",Finland,2018,,FIN
T,W061,"Metal wastes, ferrous",Finland,2020,,FIN
T,W061,"Metal wastes, ferrous",Finland,2022,,FIN
T,W061,"Metal wastes, ferrous",France,2010,,FRA
T,W061,"Metal wastes, ferrous",France,2012,,FRA
T,W061,"Metal wastes, ferrous",France,2014,,FRA
T,W061,"Metal wastes, ferrous",France,2016,,FRA
T,W061,"Metal wastes, ferrous",France,2018,,FRA
T,W061,"Metal wastes, ferrous",France,2020,,FRA
T,W061,"Metal wastes, ferrous",France,2022,,FRA
T,W061,"Metal wastes, ferrous",Croatia,2010,,HRV
T,W061,"Metal wastes, ferrous",Croatia,2012,,HRV
T,W061,"Metal wastes, ferrous",Croatia,2014,,HRV
T,W061,"Metal wastes, ferrous",Croatia,2016,,HRV
T,W061,"Metal wastes, ferrous",Croatia,2018,,HRV
T,W061,"Metal wastes, ferrous",Croatia,2020,,HRV
T,W061,"Metal wastes, ferrous",Croatia,2022,,HRV
T,W061,"Metal wastes, ferrous",Hungary,2010,,HUN
T,W061,"Metal wastes, ferrous",Hungary,2012,,HUN
T,W061,"Metal wastes, ferrous",Hungary,2014,,HUN
T,W061,"Metal wastes, ferrous",Hungary,2016,,HUN
T,W061,"Metal wastes, ferrous",Hungary,2018,,HUN
T,W061,"Metal wastes, ferrous",Hungary,2020,,HUN
T,W061,"Metal wastes, ferrous",Hungary,2022,,HUN
T,W061,"Metal wastes, ferrous",Ireland,2010,,IRL
T,W061,"Metal wastes, ferrous",Ireland,2012,,IRL
T,W061,"Metal wastes, ferrous",Ireland,2014,,IRL
T,W061,"Metal wastes, ferrous",Ireland,2016,,IRL
T,W061,"Metal wastes, ferrous",Ireland,2018,,IRL
T,W061,"Metal wastes, ferrous",Ireland,2020,,IRL
T,W061,"Metal wastes, ferrous",Ireland,2022,,IRL
T,W061,"Metal wastes, ferrous",Iceland,2010,,ISL
T,W061,"Metal wastes, ferrous",Iceland,2012,,ISL
T,W061,"Metal wastes, ferrous",Iceland,2014,,ISL
T,W061,"Metal wastes, ferrous",Iceland,2016,,ISL
T,W061,"Metal wastes, ferrous",Iceland,2018,,ISL
T,W061,"Metal wastes, ferrous",Iceland,2020,,ISL
T,W061,"Metal wastes, ferrous",Iceland,2022,,ISL
T,W061,"Metal wastes, ferrous",Italy,2010,,ITA
T,W061,"Metal wastes, ferrous",Italy,2012,,ITA
T,W061,"Metal wastes, ferrous",Italy,2014,,ITA
T,W061,"Metal wastes, ferrous",Italy,2016,,ITA
T,W061,"Metal wastes, ferrous",Italy,2018,,ITA
T,W061,"Metal wastes, ferrous",Italy,2020,,ITA
T,W061,"Metal wastes, ferrous",Italy,2022,,ITA
T,W061,"Metal wastes, ferrous",Liechtenstein,2010,,
T,W061,"Metal wastes, ferrous",Liechtenstein,2012,,
T,W061,"Metal wastes, ferrous",Liechtenstein,2014,,
T,W061,"Metal wastes, ferrous",Liechtenstein,2016,,
T,W061,"Metal wastes, ferrous",Liechtenstein,2018,,
T,W061,"Metal wastes, ferrous",Liechtenstein,2020,,
T,W061,"Metal wastes, ferrous",Liechtenstein,2022,,
T,W061,"Metal wastes, ferrous",Lithuania,2010,,LTU
T,W061,"Metal wastes, ferrous",Lithuania,2012,,LTU
T,W061,"Metal wastes, ferrous",Lithuania,2014,,LTU
T,W061,"Metal wastes, ferrous",Lithuania,2016,,LTU
T,W061,"Metal wastes, ferrous",Lithuania,2018,,LTU
T,W061,"Metal wastes, ferrous",Lithuania,2020,,LTU
T,W061,"Metal wastes, ferrous",Lithuania,2022,,LTU
T,W061,"Metal wastes, ferrous",Luxembourg,2010,,LUX
T,W061,"Metal wastes, ferrous",Luxembourg,2012,,LUX
T,W061,"Metal wastes, ferrous",Luxembourg,2014,,LUX
T,W061,"Metal wastes, ferrous",Luxembourg,2016,,LUX
T,W061,"Metal wastes, ferrous",Luxembourg,2018,,LUX
T,W061,"Metal wastes, ferrous",Luxembourg,2020,,LUX
T,W061,"Metal wastes, ferrous",Luxembourg,2022,,LUX
T,W061,"Metal wastes, ferrous",Latvia,2010,,LVA
T,W061,"Metal wastes, ferrous",Latvia,2012,,LVA
T,W061,"Metal wastes, ferrous",Latvia,2014,,LVA
T,W061,"Metal wastes, ferrous",Latvia,2016,,LVA
T,W061,"Metal wastes, ferrous",Latvia,2018,,LVA
T,W061,"Metal wastes, ferrous",Latvia,2020,,LVA
T,W061,"Metal wastes, ferrous",Latvia,2022,,LVA
T,W061,"Metal wastes, ferrous",Montenegro,2010,,
T,W061,"Metal wastes, ferrous",Montenegro,2012,,
T,W061,"Metal wastes, ferrous",Montenegro,2014,,
T,W061,"Metal wastes, ferrous",Montenegro,2016,,
T,W061,"Metal wastes, ferrous",Montenegro,2018,,
T,W061,"Metal wastes, ferrous",Montenegro,2020,,
T,W061,"Metal wastes, ferrous",Montenegro,2022,,
T,W061,"Metal wastes, ferrous",North Macedonia,2010,,
T,W061,"Metal wastes, ferrous",North Macedonia,2012,,
T,W061,"Metal wastes, ferrous",North Macedonia,2014,,
T,W061,"Metal wastes, ferrous",North Macedonia,2016,,
T,W061,"Metal wastes, ferrous",North Macedonia,2018,,
T,W061,"Metal wastes, ferrous",North Macedonia,2020,,
T,W061,"Metal wastes, ferrous",North Macedonia,2022,,
T,W061,"Metal wastes, ferrous",Malta,2010,,MLT
T,W061,"Metal wastes, ferrous",Malta,2012,,MLT
T,W061,"Metal wastes, ferrous",Malta,2014,,MLT
T,W061,"Metal wastes, ferrous",Malta,2016,,MLT
T,W061,"Metal wastes, ferrous",Malta,2018,,MLT
T,W061,"Metal wastes, ferrous",Malta,2020,,MLT
T,W061,"Metal wastes, ferrous",Malta,2022,,MLT
T,W061,"Metal wastes, ferrous",Netherlands,2010,,NLD
T,W061,"Metal wastes, ferrous",Netherlands,2012,,NLD
T,W061,"Metal wastes, ferrous",Netherlands,2014,,NLD
T,W061,"Metal wastes, ferrous",Netherlands,2016,,NLD
T,W061,"Metal wastes, ferrous",Netherlands,2018,,NLD
T,W061,"Metal wastes, ferrous",Netherlands,2020,,NLD
T,W061,"Metal wastes, ferrous",Netherlands,2022,,NLD
T,W061,"Metal wastes, ferrous",Norway,2010,,NOR
T,W061,"Metal wastes, ferrous",Norway,2012,,NOR
T,W061,"Metal wastes, ferrous",Norway,2014,,NOR
T,W061,"Metal wastes, ferrous",Norway,2016,,NOR
T,W061,"Metal wastes, ferrous",Norway,2018,,NOR
T,W061,"Metal wastes, ferrous",Norway,2020,,NOR
T,W061,"Metal wastes, ferrous",Norway,2022,,NOR
T,W061,"Metal wastes, ferrous",Poland,2010,,POL
T,W061,"Metal wastes, ferrous",Poland,2012,,POL
T,W061,"Metal wastes, ferrous",Poland,2014,,POL
T,W061,"Metal wastes, ferrous",Poland,2016,,POL
T,W061,"Metal wastes, ferrous",Poland,2018,,POL
T,W061,"Metal wastes, ferrous",Poland,2020,,POL
T,W061,"Metal wastes, ferrous",Poland,2022,,POL
T,W061,"Metal wastes, ferrous",Portugal,2010,,PRT
T,W061,"Metal wastes, ferrous",Portugal,2012,,PRT
T,W061,"Metal wastes, ferrous",Portugal,2014,,PRT
T,W061,"Metal wastes, ferrous",Portugal,2016,,PRT
T,W061,"Metal wastes, ferrous",Portugal,2018,,PRT
T,W061,"Metal wastes, ferrous",Portugal,2020,,PRT
T,W061,"Metal wastes, ferrous",Portugal,2022,,PRT
T,W061,"Metal wastes, ferrous",Romania,2010,,ROU
T,W061,"Metal wastes, ferrous",Romania,2012,,ROU
T,W061,"Metal wastes, ferrous",Romania,2014,,ROU
T,W061,"Metal wastes, ferrous",Romania,2016,,ROU
T,W061,"Metal wastes, ferrous",Romania,2018,,ROU
T,W061,"Metal wastes, ferrous",Romania,2020,,ROU
T,W061,"Metal wastes, ferrous",Romania,2022,,ROU
T,W061,"Metal wastes, ferrous",Serbia,2010,,
T,W061,"Metal wastes, ferrous",Serbia,2012,,
T,W061,"Metal wastes, ferrous",Serbia,2014,,
T,W061,"Metal wastes, ferrous",Serbia,2016,,
T,W061,"Metal wastes, ferrous",Serbia,2018,,
T,W061,"Metal wastes, ferrous",Serbia,2020,,
T,W061,"Metal wastes, ferrous",Serbia,2022,,
T,W061,"Metal wastes, ferrous",Sweden,2010,,SWE
T,W061,"Metal wastes, ferrous",Sweden,2012,,SWE
T,W061,"Metal wastes, ferrous",Sweden,2014,,SWE
T,W061,"Metal wastes, ferrous",Sweden,2016,,SWE
T,W061,"Metal wastes, ferrous",Sweden,2018,,SWE
T,W061,"Metal wastes, ferrous",Sweden,2020,,SWE
T,W061,"Metal wastes, ferrous",Sweden,2022,,SWE
T,W061,"Metal wastes, ferrous",Slovenia,2010,,SVN
T,W061,"Metal wastes, ferrous",Slovenia,2012,,SVN
T,W061,"Metal wastes, ferrous",Slovenia,2014,,SVN
T,W061,"Metal wastes, ferrous",Slovenia,2016,,SVN
T,W061,"Metal wastes, ferrous",Slovenia,2018,,SVN
T,W061,"Metal wastes, ferrous",Slovenia,2020,,SVN
T,W061,"Metal wastes, ferrous",Slovenia,2022,,SVN
T,W061,"Metal wastes, ferrous",Slovakia,2010,,SVK
T,W061,"Metal wastes, ferrous",Slovakia,2012,,SVK
T,W061,"Metal wastes, ferrous",Slovakia,2014,,SVK
T,W061,"Metal wastes, ferrous",Slovakia,2016,,SVK
T,W061,"Metal wastes, ferrous",Slovakia,2018,,SVK
T,W061,"Metal wastes, ferrous",Slovakia,2020,,SVK
T,W061,"Metal wastes, ferrous",Slovakia,2022,,SVK
T,W061,"Metal wastes, ferrous",Türkiye,2010,,
T,W061,"Metal wastes, ferrous",Türkiye,2012,,
T,W061,"Metal wastes, ferrous",Türkiye,2014,,
T,W061,"Metal wastes, ferrous",Türkiye,2016,,
T,W061,"Metal wastes, ferrous",Türkiye,2018,,
T,W061,"Metal wastes, ferrous",Türkiye,2020,,
T,W061,"Metal wastes, ferrous",Türkiye,2022,,
T,W061,"Metal wastes, ferrous",United Kingdom,2010,,GBR
T,W061,"Metal wastes, ferrous",United Kingdom,2012,,GBR
T,W061,"Metal wastes, ferrous",United Kingdom,2014,,GBR
T,W061,"Metal wastes, ferrous",United Kingdom,2016,,GBR
T,W061,"Metal wastes, ferrous",United Kingdom,2018,,GBR
T,W061,"Metal wastes, ferrous",United Kingdom,2020,,GBR
T,W061,"Metal wastes, ferrous",Kosovo*,2010,,
T,W061,"Metal wastes, ferrous",Kosovo*,2012,,
T,W061,"Metal wastes, ferrous",Kosovo*,2014,,
T,W061,"Metal wastes, ferrous",Kosovo*,2016,,
T,W061,"Metal wastes, ferrous",Kosovo*,2018,,
T,W061,"Metal wastes, ferrous",Kosovo*,2020,,
T,W061,"Metal wastes, ferrous",Kosovo*,2022,,
T,W062,"Metal wastes, non-ferrous",Albania,2010,,
T,W062,"Metal wastes, non-ferrous",Albania,2012,,
T,W062,"Metal wastes, non-ferrous",Albania,2014,,
T,W062,"Metal wastes, non-ferrous",Albania,2016,,
T,W062,"Metal wastes, non-ferrous",Albania,2018,,
T,W062,"Metal wastes, non-ferrous",Albania,2020,,
T,W062,"Metal wastes, non-ferrous",Albania,2022,,
T,W062,"Metal wastes, non-ferrous",Austria,2010,,AUT
T,W062,"Metal wastes, non-ferrous",Austria,2012,,AUT
T,W062,"Metal wastes, non-ferrous",Austria,2014,,AUT
T,W062,"Metal wastes, non-ferrous",Austria,2016,,AUT
T,W062,"Metal wastes, non-ferrous",Austria,2018,,AUT
T,W062,"Metal wastes, non-ferrous",Austria,2020,,AUT
T,W062,"Metal wastes, non-ferrous",Austria,2022,,AUT
T,W062,"Metal wastes, non-ferrous",Bosnia and Herzegovina,2010,,
T,W062,"Metal wastes, non-ferrous",Bosnia and Herzegovina,2012,,
T,W062,"Metal wastes, non-ferrous",Bosnia and Herzegovina,2014,,
T,W062,"Metal wastes, non-ferrous",Bosnia and Herzegovina,2016,,
T,W062,"Metal wastes, non-ferrous",Bosnia and Herzegovina,2018,,
T,W062,"Metal wastes, non-ferrous",Bosnia and Herzegovina,2020,,
T,W062,"Metal wastes, non-ferrous",Bosnia and Herzegovina,2022,,
T,W062,"Metal wastes, non-ferrous",Belgium,2010,,BEL
T,W062,"Metal wastes, non-ferrous",Belgium,2012,,BEL
T,W062,"Metal wastes, non-ferrous",Belgium,2014,,BEL
T,W062,"Metal wastes, non-ferrous",Belgium,2016,,BEL
T,W062,"Metal wastes, non-ferrous",Belgium,2018,,BEL
T,W062,"Metal wastes, non-ferrous",Belgium,2020,,BEL
T,W062,"Metal wastes, non-ferrous",Belgium,2022,,BEL
T,W062,"Metal wastes, non-ferrous",Bulgaria,2010,,BGR
T,W062,"Metal wastes, non-ferrous",Bulgaria,2012,,BGR
T,W062,"Metal wastes, non-ferrous",Bulgaria,2014,,BGR
T,W062,"Metal wastes, non-ferrous",Bulgaria,2016,,BGR
T,W062,"Metal wastes, non-ferrous",Bulgaria,2018,,BGR
T,W062,"Metal wastes, non-ferrous",Bulgaria,2020,,BGR
T,W062,"Metal wastes, non-ferrous",Bulgaria,2022,,BGR
T,W062,"Metal wastes, non-ferrous",Cyprus,2010,,CYP
T,W062,"Metal wastes, non-ferrous",Cyprus,2012,,CYP
T,W062,"Metal wastes, non-ferrous",Cyprus,2014,,CYP
T,W062,"Metal wastes, non-ferrous",Cyprus,2016,,CYP
T,W062,"Metal wastes, non-ferrous",Cyprus,2018,,CYP
T,W062,"Metal wastes, non-ferrous",Cyprus,2020,,CYP
T,W062,"Metal wastes, non-ferrous",Cyprus,2022,,CYP
T,W062,"Metal wastes, non-ferrous",Czechia,2010,,CZE
T,W062,"Metal wastes, non-ferrous",Czechia,2012,,CZE
T,W062,"Metal wastes, non-ferrous",Czechia,2014,,CZE
T,W062,"Metal wastes, non-ferrous",Czechia,2016,,CZE
T,W062,"Metal wastes, non-ferrous",Czechia,2018,,CZE
T,W062,"Metal wastes, non-ferrous",Czechia,2020,,CZE
T,W062,"Metal wastes, non-ferrous",Czechia,2022,,CZE
T,W062,"Metal wastes, non-ferrous",Germany,2010,,DEU
T,W062,"Metal wastes, non-ferrous",Germany,2012,,DEU
T,W062,"Metal wastes, non-ferrous",Germany,2014,,DEU
T,W062,"Metal wastes, non-ferrous",Germany,2016,,DEU
T,W062,"Metal wastes, non-ferrous",Germany,2018,,DEU
T,W062,"Metal wastes, non-ferrous",Germany,2020,,DEU
T,W062,"Metal wastes, non-ferrous",Germany,2022,,DEU
T,W062,"Metal wastes, non-ferrous",Denmark,2010,,DNK
T,W062,"Metal wastes, non-ferrous",Denmark,2012,,DNK
T,W062,"Metal wastes, non-ferrous",Denmark,2014,,DNK
T,W062,"Metal wastes, non-ferrous",Denmark,2016,,DNK
T,W062,"Metal wastes, non-ferrous",Denmark,2018,,DNK
T,W062,"Metal wastes, non-ferrous",Denmark,2020,,DNK
T,W062,"Metal wastes, non-ferrous",Denmark,2022,,DNK
T,W062,"Metal wastes, non-ferrous",Estonia,2010,,EST
T,W062,"Metal wastes, non-ferrous",Estonia,2012,,EST
T,W062,"Metal wastes, non-ferrous",Estonia,2014,,EST
T,W062,"Metal wastes, non-ferrous",Estonia,2016,,EST
T,W062,"Metal wastes, non-ferrous",Estonia,2018,,EST
T,W062,"Metal wastes, non-ferrous",Estonia,2020,,EST
T,W062,"Metal wastes, non-ferrous",Estonia,2022,,EST
T,W062,"Metal wastes, non-ferrous",Greece,2010,,GRC
T,W062,"Metal wastes, non-ferrous",Greece,2012,,GRC
T,W062,"Metal wastes, non-ferrous",Greece,2014,,GRC
T,W062,"Metal wastes, non-ferrous",Greece,2016,,GRC
T,W062,"Metal wastes, non-ferrous",Greece,2018,,GRC
T,W062,"Metal wastes, non-ferrous",Greece,2020,,GRC
T,W062,"Metal wastes, non-ferrous",Greece,2022,,GRC
T,W062,"Metal wastes, non-ferrous",Spain,2010,,ESP
T,W062,"Metal wastes, non-ferrous",Spain,2012,,ESP
T,W062,"Metal wastes, non-ferrous",Spain,2014,,ESP
T,W062,"Metal wastes, non-ferrous",Spain,2016,,ESP
T,W062,"Metal wastes, non-ferrous",Spain,2018,,ESP
T,W062,"Metal wastes, non-ferrous",Spain,2020,,ESP
T,W062,"Metal wastes, non-ferrous",Spain,2022,,ESP
T,W062,"Metal wastes, non-ferrous",European Union - 27 countries (from 2020),2010,,EU27_2020
T,W062,"Metal wastes, non-ferrous",European Union - 27 countries (from 2020),2012,,EU27_2020
T,W062,"Metal wastes, non-ferrous",European Union - 27 countries (from 2020),2014,,EU27_2020
T,W062,"Metal wastes, non-ferrous",European Union - 27 countries (from 2020),2016,,EU27_2020
T,W062,"Metal wastes, non-ferrous",European Union - 27 countries (from 2020),2018,,EU27_2020
T,W062,"Metal wastes, non-ferrous",European Union - 27 countries (from 2020),2020,,EU27_2020
T,W062,"Metal wastes, non-ferrous",European Union - 27 countries (from 2020),2022,,EU27_2020
T,W062,"Metal wastes, non-ferrous",European Union - 28 countries (2013-2020),2010,,
T,W062,"Metal wastes, non-ferrous",European Union - 28 countries (2013-2020),2012,,
T,W062,"Metal wastes, non-ferrous",European Union - 28 countries (2013-2020),2014,,
T,W062,"Metal wastes, non-ferrous",European Union - 28 countries (2013-2020),2016,,
T,W062,"Metal wastes, non-ferrous",European Union - 28 countries (2013-2020),2018,,
T,W062,"Metal wastes, non-ferrous",Finland,2010,,FIN
T,W062,"Metal wastes, non-ferrous",Finland,2012,,FIN
T,W062,"Metal wastes, non-ferrous",Finland,2014,,FIN
T,W062,"Metal wastes, non-ferrous",Finland,2016,,FIN
T,W062,"Metal wastes, non-ferrous",Finland,2018,,FIN
T,W062,"Metal wastes, non-ferrous",Finland,2020,,FIN
T,W062,"Metal wastes, non-ferrous",Finland,2022,,FIN
T,W062,"Metal wastes, non-ferrous",France,2010,,FRA
T,W062,"Metal wastes, non-ferrous",France,2012,,FRA
T,W062,"Metal wastes, non-ferrous",France,2014,,FRA
T,W062,"Metal wastes, non-ferrous",France,2016,,FRA
T,W062,"Metal wastes, non-ferrous",France,2018,,FRA
T,W062,"Metal wastes, non-ferrous",France,2020,,FRA
T,W062,"Metal wastes, non-ferrous",France,2022,,FRA
T,W062,"Metal wastes, non-ferrous",Croatia,2010,,HRV
T,W062,"Metal wastes, non-ferrous",Croatia,2012,,HRV
T,W062,"Metal wastes, non-ferrous",Croatia,2014,,HRV
T,W062,"Metal wastes, non-ferrous",Croatia,2016,,HRV
T,W062,"Metal wastes, non-ferrous",Croatia,2018,,HRV
T,W062,"Metal wastes, non-ferrous",Croatia,2020,,HRV
T,W062,"Metal wastes, non-ferrous",Croatia,2022,,HRV
T,W062,"Metal wastes, non-ferrous",Hungary,2010,,HUN
T,W062,"Metal wastes, non-ferrous",Hungary,2012,,HUN
T,W062,"Metal wastes, non-ferrous",Hungary,2014,,HUN
T,W062,"Metal wastes, non-ferrous",Hungary,2016,,HUN
T,W062,"Metal wastes, non-ferrous",Hungary,2018,,HUN
T,W062,"Metal wastes, non-ferrous",Hungary,2020,,HUN
T,W062,"Metal wastes, non-ferrous",Hungary,2022,,HUN
T,W062,"Metal wastes, non-ferrous",Ireland,2010,,IRL
T,W062,"Metal wastes, non-ferrous",Ireland,2012,,IRL
T,W062,"Metal wastes, non-ferrous",Ireland,2014,,IRL
T,W062,"Metal wastes, non-ferrous",Ireland,2016,,IRL
T,W062,"Metal wastes, non-ferrous",Ireland,2018,,IRL
T,W062,"Metal wastes, non-ferrous",Ireland,2020,,IRL
T,W062,"Metal wastes, non-ferrous",Ireland,2022,,IRL
T,W062,"Metal wastes, non-ferrous",Iceland,2010,,ISL
T,W062,"Metal wastes, non-ferrous",Iceland,2012,,ISL
T,W062,"Metal wastes, non-ferrous",Iceland,2014,,ISL
T,W062,"Metal wastes, non-ferrous",Iceland,2016,,ISL
T,W062,"Metal wastes, non-ferrous",Iceland,2018,,ISL
T,W062,"Metal wastes, non-ferrous",Iceland,2020,,ISL
T,W062,"Metal wastes, non-ferrous",Iceland,2022,,ISL
T,W062,"Metal wastes, non-ferrous",Italy,2010,,ITA
T,W062,"Metal wastes, non-ferrous",Italy,2012,,ITA
T,W062,"Metal wastes, non-ferrous",Italy,2014,,ITA
T,W062,"Metal wastes, non-ferrous",Italy,2016,,ITA
T,W062,"Metal wastes, non-ferrous",Italy,2018,,ITA
T,W062,"Metal wastes, non-ferrous",Italy,2020,,ITA
T,W062,"Metal wastes, non-ferrous",Italy,2022,,ITA
T,W062,"Metal wastes, non-ferrous",Liechtenstein,2010,,
T,W062,"Metal wastes, non-ferrous",Liechtenstein,2012,,
T,W062,"Metal wastes, non-ferrous",Liechtenstein,2014,,
T,W062,"Metal wastes, non-ferrous",Liechtenstein,2016,,
T,W062,"Metal wastes, non-ferrous",Liechtenstein,2018,,
T,W062,"Metal wastes, non-ferrous",Liechtenstein,2020,,
T,W062,"Metal wastes, non-ferrous",Liechtenstein,2022,,
T,W062,"Metal wastes, non-ferrous",Lithuania,2010,,LTU
T,W062,"Metal wastes, non-ferrous",Lithuania,2012,,LTU
T,W062,"Metal wastes, non-ferrous",Lithuania,2014,,LTU
T,W062,"Metal wastes, non-ferrous",Lithuania,2016,,LTU
T,W062,"Metal wastes, non-ferrous",Lithuania,2018,,LTU
T,W062,"Metal wastes, non-ferrous",Lithuania,2020,,LTU
T,W062,"Metal wastes, non-ferrous",Lithuania,2022,,LTU
T,W062,"Metal wastes, non-ferrous",Luxembourg,2010,,LUX
T,W062,"Metal wastes, non-ferrous",Luxembourg,2012,,LUX
T,W062,"Metal wastes, non-ferrous",Luxembourg,2014,,LUX
T,W062,"Metal wastes, non-ferrous",Luxembourg,2016,,LUX
T,W062,"Metal wastes, non-ferrous",Luxembourg,2018,,LUX
T,W062,"Metal wastes, non-ferrous",Luxembourg,2020,,LUX
T,W062,"Metal wastes, non-ferrous",Luxembourg,2022,,LUX
T,W062,"Metal wastes, non-ferrous",Latvia,2010,,LVA
T,W062,"Metal wastes, non-ferrous",Latvia,2012,,LVA
T,W062,"Metal wastes, non-ferrous",Latvia,2014,,LVA
T,W062,"Metal wastes, non-ferrous",Latvia,2016,,LVA
T,W062,"Metal wastes, non-ferrous",Latvia,2018,,LVA
T,W062,"Metal wastes, non-ferrous",Latvia,2020,,LVA
T,W062,"Metal wastes, non-ferrous",Latvia,2022,,LVA
T,W062,"Metal wastes, non-ferrous",Montenegro,2010,,
T,W062,"Metal wastes, non-ferrous",Montenegro,2012,,
T,W062,"Metal wastes, non-ferrous",Montenegro,2014,,
T,W062,"Metal wastes, non-ferrous",Montenegro,2016,,
T,W062,"Metal wastes, non-ferrous",Montenegro,2018,,
T,W062,"Metal wastes, non-ferrous",Montenegro,2020,,
T,W062,"Metal wastes, non-ferrous",Montenegro,2022,,
T,W062,"Metal wastes, non-ferrous",North Macedonia,2010,,
T,W062,"Metal wastes, non-ferrous",North Macedonia,2012,,
T,W062,"Metal wastes, non-ferrous",North Macedonia,2014,,
T,W062,"Metal wastes, non-ferrous",North Macedonia,2016,,
T,W062,"Metal wastes, non-ferrous",North Macedonia,2018,,
T,W062,"Metal wastes, non-ferrous",North Macedonia,2020,,
T,W062,"Metal wastes, non-ferrous",North Macedonia,2022,,
T,W062,"Metal wastes, non-ferrous",Malta,2010,,MLT
T,W062,"Metal wastes, non-ferrous",Malta,2012,,MLT
T,W062,"Metal wastes, non-ferrous",Malta,2014,,MLT
T,W062,"Metal wastes, non-ferrous",Malta,2016,,MLT
T,W062,"Metal wastes, non-ferrous",Malta,2018,,MLT
T,W062,"Metal wastes, non-ferrous",Malta,2020,,MLT
T,W062,"Metal wastes, non-ferrous",Malta,2022,,MLT
T,W062,"Metal wastes, non-ferrous",Netherlands,2010,,NLD
T,W062,"Metal wastes, non-ferrous",Netherlands,2012,,NLD
T,W062,"Metal wastes, non-ferrous",Netherlands,2014,,NLD
T,W062,"Metal wastes, non-ferrous",Netherlands,2016,,NLD
T,W062,"Metal wastes, non-ferrous",Netherlands,2018,,NLD
T,W062,"Metal wastes, non-ferrous",Netherlands,2020,,NLD
T,W062,"Metal wastes, non-ferrous",Netherlands,2022,,NLD
T,W062,"Metal wastes, non-ferrous",Norway,2010,,NOR
T,W062,"Metal wastes, non-ferrous",Norway,2012,,NOR
T,W062,"Metal wastes, non-ferrous",Norway,2014,,NOR
T,W062,"Metal wastes, non-ferrous",Norway,2016,,NOR
T,W062,"Metal wastes, non-ferrous",Norway,2018,,NOR
T,W062,"Metal wastes, non-ferrous",Norway,2020,,NOR
T,W062,"Metal wastes, non-ferrous",Norway,2022,,NOR
T,W062,"Metal wastes, non-ferrous",Poland,2010,,POL
T,W062,"Metal wastes, non-ferrous",Poland,2012,,POL
T,W062,"Metal wastes, non-ferrous",Poland,2014,,POL
T,W062,"Metal wastes, non-ferrous",Poland,2016,,POL
T,W062,"Metal wastes, non-ferrous",Poland,2018,,POL
T,W062,"Metal wastes, non-ferrous",Poland,2020,,POL
T,W062,"Metal wastes, non-ferrous",Poland,2022,,POL
T,W062,"Metal wastes, non-ferrous",Portugal,2010,,PRT
T,W062,"Metal wastes, non-ferrous",Portugal,2012,,PRT
T,W062,"Metal wastes, non-ferrous",Portugal,2014,,PRT
T,W062,"Metal wastes, non-ferrous",Portugal,2016,,PRT
T,W062,"Metal wastes, non-ferrous",Portugal,2018,,PRT
T,W062,"Metal wastes, non-ferrous",Portugal,2020,,PRT
T,W062,"Metal wastes, non-ferrous",Portugal,2022,,PRT
T,W062,"Metal wastes, non-ferrous",Romania,2010,,ROU
T,W062,"Metal wastes, non-ferrous",Romania,2012,,ROU
T,W062,"Metal wastes, non-ferrous",Romania,2014,,ROU
T,W062,"Metal wastes, non-ferrous",Romania,2016,,ROU
T,W062,"Metal wastes, non-ferrous",Romania,2018,,ROU
T,W062,"Metal wastes, non-ferrous",Romania,2020,,ROU
T,W062,"Metal wastes, non-ferrous",Romania,2022,,ROU
T,W062,"Metal wastes, non-ferrous",Serbia,2010,,
T,W062,"Metal wastes, non-ferrous",Serbia,2012,,
T,W062,"Metal wastes, non-ferrous",Serbia,2014,,
T,W062,"Metal wastes, non-ferrous",Serbia,2016,,
T,W062,"Metal wastes, non-ferrous",Serbia,2018,,
T,W062,"Metal wastes, non-ferrous",Serbia,2020,,
T,W062,"Metal wastes, non-ferrous",Serbia,2022,,
T,W062,"Metal wastes, non-ferrous",Sweden,2010,,SWE
T,W062,"Metal wastes, non-ferrous",Sweden,2012,,SWE
T,W062,"Metal wastes, non-ferrous",Sweden,2014,,SWE
T,W062,"Metal wastes, non-ferrous",Sweden,2016,,SWE
T,W062,"Metal wastes, non-ferrous",Sweden,2018,,SWE
T,W062,"Metal wastes, non-ferrous",Sweden,2020,,SWE
T,W062,"Metal wastes, non-ferrous",Sweden,2022,,SWE
T,W062,"Metal wastes, non-ferrous",Slovenia,2010,,SVN
T,W062,"Metal wastes, non-ferrous",Slovenia,2012,,SVN
T,W062,"Metal wastes, non-ferrous",Slovenia,2014,,SVN
T,W062,"Metal wastes, non-ferrous",Slovenia,2016,,SVN
T,W062,"Metal wastes, non-ferrous",Slovenia,2018,,SVN
T,W062,"Metal wastes, non-ferrous",Slovenia,2020,,SVN
T,W062,"Metal wastes, non-ferrous",Slovenia,2022,,SVN
T,W062,"Metal wastes, non-ferrous",Slovakia,2010,,SVK
T,W062,"Metal wastes, non-ferrous",Slovakia,2012,,SVK
T,W062,"Metal wastes, non-ferrous",Slovakia,2014,,SVK
T,W062,"Metal wastes, non-ferrous",Slovakia,2016,,SVK
T,W062,"Metal wastes, non-ferrous",Slovakia,2018,,SVK
T,W062,"Metal wastes, non-ferrous",Slovakia,2020,,SVK
T,W062,"Metal wastes, non-ferrous",Slovakia,2022,,SVK
T,W062,"Metal wastes, non-ferrous",Türkiye,2010,,
T,W062,"Metal wastes, non-ferrous",Türkiye,2012,,
T,W062,"Metal wastes, non-ferrous",Türkiye,2014,,
T,W062,"Metal wastes, non-ferrous",Türkiye,2016,,
T,W062,"Metal wastes, non-ferrous",Türkiye,2018,,
T,W062,"Metal wastes, non-ferrous",Türkiye,2020,,
T,W062,"Metal wastes, non-ferrous",Türkiye,2022,,
T,W062,"Metal wastes, non-ferrous",United Kingdom,2010,,GBR
T,W062,"Metal wastes, non-ferrous",United Kingdom,2012,,GBR
T,W062,"Metal wastes, non-ferrous",United Kingdom,2014,,GBR
T,W062,"Metal wastes, non-ferrous",United Kingdom,2016,,GBR
T,W062,"Metal wastes, non-ferrous",United Kingdom,2018,,GBR
T,W062,"Metal wastes, non-ferrous",United Kingdom,2020,,GBR
T,W062,"Metal wastes, non-ferrous",Kosovo*,2010,,
T,W062,"Metal wastes, non-ferrous",Kosovo*,2012,,
T,W062,"Metal wastes, non-ferrous",Kosovo*,2014,,
T,W062,"Metal wastes, non-ferrous",Kosovo*,2016,,
T,W062,"Metal wastes, non-ferrous",Kosovo*,2018,,
T,W062,"Metal wastes, non-ferrous",Kosovo*,2020,,
T,W062,"Metal wastes, non-ferrous",Kosovo*,2022,,
T,W063,"Metal wastes, mixed ferrous and non-ferrous",Albania,2010,,
T,W063,"Metal wastes, mixed ferrous and non-ferrous",Albania,2012,,
T,W063,"Metal wastes, mixed ferrous and non-ferrous",Albania,2014,,
T,W063,"Metal wastes, mixed ferrous and non-ferrous",Albania,2016,,
T,W063,"Metal wastes, mixed ferrous and non-ferrous",Albania,2018,,
T,W063,"Metal wastes, mixed ferrous and non-ferrous",Albania,2020,,
T,W063,"Metal wastes, mixed ferrous and non-ferrous",Albania,2022,,
T,W063,"Metal wastes, mixed ferrous and non-ferrous",Austria,2010,,AUT
T,W063,"Metal wastes, mixed ferrous and non-ferrous",Austria,2012,,AUT
T,W063,"Metal wastes, mixed ferrous and non-ferrous",Austria,2014,,AUT
T,W063,"Metal wastes, mixed ferrous and non-ferrous",Austria,2016,,AUT
T,W063,"Metal wastes, mixed ferrous and non-ferrous",Austria,2018,,AUT
T,W063,"Metal wastes, mixed ferrous and non-ferrous",Austria,2020,,AUT
T,W063,"Metal wastes, mixed ferrous and non-ferrous",Austria,2022,,AUT
T,W063,"Metal wastes, mixed ferrous and non-ferrous",Bosnia and Herzegovina,2010,,
T,W063,"Metal wastes, mixed ferrous and non-ferrous",Bosnia and Herzegovina,2012,,
T,W063,"Metal wastes, mixed ferrous and non-ferrous",Bosnia and Herzegovina,2014,,
T,W063,"Metal wastes, mixed ferrous and non-ferrous",Bosnia and Herzegovina,2016,,
T,W063,"Metal wastes, mixed ferrous and non-ferrous",Bosnia and Herzegovina,2018,,
T,W063,"Metal wastes, mixed ferrous and non-ferrous",Bosnia and Herzegovina,2020,,
T,W063,"Metal wastes, mixed ferrous and non-ferrous",Bosnia and Herzegovina,2022,,
T,W063,"Metal wastes, mixed ferrous and non-ferrous",Belgium,2010,,BEL
T,W063,"Metal wastes, mixed ferrous and non-ferrous",Belgium,2012,,BEL
T,W063,"Metal wastes, mixed ferrous and non-ferrous",Belgium,2014,,BEL
T,W063,"Metal wastes, mixed ferrous and non-ferrous",Belgium,2016,,BEL
T,W063,"Metal wastes, mixed ferrous and non-ferrous",Belgium,2018,,BEL
T,W063,"Metal wastes, mixed ferrous and non-ferrous",Belgium,2020,,BEL
T,W063,"Metal wastes, mixed ferrous and non-ferrous",Belgium,2022,,BEL
T,W063,"Metal wastes, mixed ferrous and non-ferrous",Bulgaria,2010,,BGR
T,W063,"Metal wastes, mixed ferrous and non-ferrous",Bulgaria,2012,,BGR
T,W063,"Metal wastes, mixed ferrous and non-ferrous",Bulgaria,2014,,BGR
T,W063,"Metal wastes, mixed ferrous and non-ferrous",Bulgaria,2016,,BGR
T,W063,"Metal wastes, mixed ferrous and non-ferrous",Bulgaria,2018,,BGR
T,W063,"Metal wastes, mixed ferrous and non-ferrous",Bulgaria,2020,,BGR
T,W063,"Metal wastes, mixed ferrous and non-ferrous",Bulgaria,2022,,BGR
T,W063,"Metal wastes, mixed ferrous and non-ferrous",Cyprus,2010,,CYP
T,W063,"Metal wastes, mixed ferrous and non-ferrous",Cyprus,2012,,CYP
T,W063,"Metal wastes, mixed ferrous and non-ferrous",Cyprus,2014,,CYP
T,W063,"Metal wastes, mixed ferrous and non-ferrous",Cyprus,2016,,CYP
T,W063,"Metal wastes, mixed ferrous and non-ferrous",Cyprus,2018,,CYP
T,W063,"Metal wastes, mixed ferrous and non-ferrous",Cyprus,2020,,CYP
T,W063,"Metal wastes, mixed ferrous and non-ferrous",Cyprus,2022,,CYP
T,W063,"Metal wastes, mixed ferrous and non-ferrous",Czechia,2010,,CZE
T,W063,"Metal wastes, mixed ferrous and non-ferrous",Czechia,2012,,CZE
T,W063,"Metal wastes, mixed ferrous and non-ferrous",Czechia,2014,,CZE
T,W063,"Metal wastes, mixed ferrous and non-ferrous",Czechia,2016,,CZE
T,W063,"Metal wastes, mixed ferrous and non-ferrous",Czechia,2018,,CZE
T,W063,"Metal wastes, mixed ferrous and non-ferrous",Czechia,2020,,CZE
T,W063,"Metal wastes, mixed ferrous and non-ferrous",Czechia,2022,,CZE
T,W063,"Metal wastes, mixed ferrous and non-ferrous",Germany,2010,,DEU
T,W063,"Metal wastes, mixed ferrous and non-ferrous",Germany,2012,,DEU
T,W063,"Metal wastes, mixed ferrous and non-ferrous",Germany,2014,,DEU
T,W063,"Metal wastes, mixed ferrous and non-ferrous",Germany,2016,,DEU
T,W063,"Metal wastes, mixed ferrous and non-ferrous",Germany,2018,,DEU
T,W063,"Metal wastes, mixed ferrous and non-ferrous",Germany,2020,,DEU
T,W063,"Metal wastes, mixed ferrous and non-ferrous",Germany,2022,,DEU
T,W063,"Metal wastes, mixed ferrous and non-ferrous",Denmark,2010,,DNK
T,W063,"Metal wastes, mixed ferrous and non-ferrous",Denmark,2012,,DNK
T,W063,"Metal wastes, mixed ferrous and non-ferrous",Denmark,2014,,DNK
T,W063,"Metal wastes, mixed ferrous and non-ferrous",Denmark,2016,,DNK
T,W063,"Metal wastes, mixed ferrous and non-ferrous",Denmark,2018,,DNK
T,W063,"Metal wastes, mixed ferrous and non-ferrous",Denmark,2020,,DNK
T,W063,"Metal wastes, mixed ferrous and non-ferrous",Denmark,2022,,DNK
T,W063,"Metal wastes, mixed ferrous and non-ferrous",Estonia,2010,,EST
T,W063,"Metal wastes, mixed ferrous and non-ferrous",Estonia,2012,,EST
T,W063,"Metal wastes, mixed ferrous and non-ferrous",Estonia,2014,,EST
T,W063,"Metal wastes, mixed ferrous and non-ferrous",Estonia,2016,,EST
T,W063,"Metal wastes, mixed ferrous and non-ferrous",Estonia,2018,,EST
T,W063,"Metal wastes, mixed ferrous and non-ferrous",Estonia,2020,,EST
T,W063,"Metal wastes, mixed ferrous and non-ferrous",Estonia,2022,,EST
T,W063,"Metal wastes, mixed ferrous and non-ferrous",Greece,2010,,GRC
T,W063,"Metal wastes, mixed ferrous and non-ferrous",Greece,2012,,GRC
T,W063,"Metal wastes, mixed ferrous and non-ferrous",Greece,2014,,GRC
T,W063,"Metal wastes, mixed ferrous and non-ferrous",Greece,2016,,GRC
T,W063,"Metal wastes, mixed ferrous and non-ferrous",Greece,2018,,GRC
T,W063,"Metal wastes, mixed ferrous and non-ferrous",Greece,2020,,GRC
T,W063,"Metal wastes, mixed ferrous and non-ferrous",Greece,2022,,GRC
T,W063,"Metal wastes, mixed ferrous and non-ferrous",Spain,2010,,ESP
T,W063,"Metal wastes, mixed ferrous and non-ferrous",Spain,2012,,ESP
T,W063,"Metal wastes, mixed ferrous and non-ferrous",Spain,2014,,ESP
T,W063,"Metal wastes, mixed ferrous and non-ferrous",Spain,2016,,ESP
T,W063,"Metal wastes, mixed ferrous and non-ferrous",Spain,2018,,ESP
T,W063,"Metal wastes, mixed ferrous and non-ferrous",Spain,2020,,ESP
T,W063,"Metal wastes, mixed ferrous and non-ferrous",Spain,2022,,ESP
T,W063,"Metal wastes, mixed ferrous and non-ferrous",European Union - 27 countries (from 2020),2010,,EU27_2020
T,W063,"Metal wastes, mixed ferrous and non-ferrous",European Union - 27 countries (from 2020),2012,,EU27_2020
T,W063,"Metal wastes, mixed ferrous and non-ferrous",European Union - 27 countries (from 2020),2014,,EU27_2020
T,W063,"Metal wastes, mixed ferrous and non-ferrous",European Union - 27 countries (from 2020),2016,,EU27_2020
T,W063,"Metal wastes, mixed ferrous and non-ferrous",European Union - 27 countries (from 2020),2018,,EU27_2020
T,W063,"Metal wastes, mixed ferrous and non-ferrous",European Union - 27 countries (from 2020),2020,,EU27_2020
T,W063,"Metal wastes, mixed ferrous and non-ferrous",European Union - 27 countries (from 2020),2022,,EU27_2020
T,W063,"Metal wastes, mixed ferrous and non-ferrous",European Union - 28 countries (2013-2020),2010,,
T,W063,"Metal wastes, mixed ferrous and non-ferrous",European Union - 28 countries (2013-2020),2012,,
T,W063,"Metal wastes, mixed ferrous and non-ferrous",European Union - 28 countries (2013-2020),2014,,
T,W063,"Metal wastes, mixed ferrous and non-ferrous",European Union - 28 countries (2013-2020),2016,,
T,W063,"Metal wastes, mixed ferrous and non-ferrous",European Union - 28 countries (2013-2020),2018,,
T,W063,"Metal wastes, mixed ferrous and non-ferrous",Finland,2010,,FIN
T,W063,"Metal wastes, mixed ferrous and non-ferrous",Finland,2012,,FIN
T,W063,"Metal wastes, mixed ferrous and non-ferrous",Finland,2014,,FIN
T,W063,"Metal wastes, mixed ferrous and non-ferrous",Finland,2016,,FIN
T,W063,"Metal wastes, mixed ferrous and non-ferrous",Finland,2018,,FIN
T,W063,"Metal wastes, mixed ferrous and non-ferrous",Finland,2020,,FIN
T,W063,"Metal wastes, mixed ferrous and non-ferrous",Finland,2022,,FIN
T,W063,"Metal wastes, mixed ferrous and non-ferrous",France,2010,,FRA
T,W063,"Metal wastes, mixed ferrous and non-ferrous",France,2012,,FRA
T,W063,"Metal wastes, mixed ferrous and non-ferrous",France,2014,,FRA
T,W063,"Metal wastes, mixed ferrous and non-ferrous",France,2016,,FRA
T,W063,"Metal wastes, mixed ferrous and non-ferrous",France,2018,,FRA
T,W063,"Metal wastes, mixed ferrous and non-ferrous",France,2020,,FRA
T,W063,"Metal wastes, mixed ferrous and non-ferrous",France,2022,,FRA
T,W063,"Metal wastes, mixed ferrous and non-ferrous",Croatia,2010,,HRV
T,W063,"Metal wastes, mixed ferrous and non-ferrous",Croatia,2012,,HRV
T,W063,"Metal wastes, mixed ferrous and non-ferrous",Croatia,2014,,HRV
T,W063,"Metal wastes, mixed ferrous and non-ferrous",Croatia,2016,,HRV
T,W063,"Metal wastes, mixed ferrous and non-ferrous",Croatia,2018,,HRV
T,W063,"Metal wastes, mixed ferrous and non-ferrous",Croatia,2020,,HRV
T,W063,"Metal wastes, mixed ferrous and non-ferrous",Croatia,2022,,HRV
T,W063,"Metal wastes, mixed ferrous and non-ferrous",Hungary,2010,,HUN
T,W063,"Metal wastes, mixed ferrous and non-ferrous",Hungary,2012,,HUN
T,W063,"Metal wastes, mixed ferrous and non-ferrous",Hungary,2014,,HUN
T,W063,"Metal wastes, mixed ferrous and non-ferrous",Hungary,2016,,HUN
T,W063,"Metal wastes, mixed ferrous and non-ferrous",Hungary,2018,,HUN
T,W063,"Metal wastes, mixed ferrous and non-ferrous",Hungary,2020,,HUN
T,W063,"Metal wastes, mixed ferrous and non-ferrous",Hungary,2022,,HUN
T,W063,"Metal wastes, mixed ferrous and non-ferrous",Ireland,2010,,IRL
T,W063,"Metal wastes, mixed ferrous and non-ferrous",Ireland,2012,,IRL
T,W063,"Metal wastes, mixed ferrous and non-ferrous",Ireland,2014,,IRL
T,W063,"Metal wastes, mixed ferrous and non-ferrous",Ireland,2016,,IRL
T,W063,"Metal wastes, mixed ferrous and non-ferrous",Ireland,2018,,IRL
T,W063,"Metal wastes, mixed ferrous and non-ferrous",Ireland,2020,,IRL
T,W063,"Metal wastes, mixed ferrous and non-ferrous",Ireland,2022,,IRL
T,W063,"Metal wastes, mixed ferrous and non-ferrous",Iceland,2010,,ISL
T,W063,"Metal wastes, mixed ferrous and non-ferrous",Iceland,2012,,ISL
T,W063,"Metal wastes, mixed ferrous and non-ferrous",Iceland,2014,,ISL
T,W063,"Metal wastes, mixed ferrous and non-ferrous",Iceland,2016,,ISL
T,W063,"Metal wastes, mixed ferrous and non-ferrous",Iceland,2018,,ISL
T,W063,"Metal wastes, mixed ferrous and non-ferrous",Iceland,2020,,ISL
T,W063,"Metal wastes, mixed ferrous and non-ferrous",Iceland,2022,,ISL
T,W063,"Metal wastes, mixed ferrous and non-ferrous",Italy,2010,,ITA
T,W063,"Metal wastes, mixed ferrous and non-ferrous",Italy,2012,,ITA
T,W063,"Metal wastes, mixed ferrous and non-ferrous",Italy,2014,,ITA
T,W063,"Metal wastes, mixed ferrous and non-ferrous",Italy,2016,,ITA
T,W063,"Metal wastes, mixed ferrous and non-ferrous",Italy,2018,,ITA
T,W063,"Metal wastes, mixed ferrous and non-ferrous",Italy,2020,,ITA
T,W063,"Metal wastes, mixed ferrous and non-ferrous",Italy,2022,,ITA
T,W063,"Metal wastes, mixed ferrous and non-ferrous",Liechtenstein,2010,,
T,W063,"Metal wastes, mixed ferrous and non-ferrous",Liechtenstein,2012,,
T,W063,"Metal wastes, mixed ferrous and non-ferrous",Liechtenstein,2014,,
T,W063,"Metal wastes, mixed ferrous and non-ferrous",Liechtenstein,2016,,
T,W063,"Metal wastes, mixed ferrous and non-ferrous",Liechtenstein,2018,,
T,W063,"Metal wastes, mixed ferrous and non-ferrous",Liechtenstein,2020,,
T,W063,"Metal wastes, mixed ferrous and non-ferrous",Liechtenstein,2022,,
T,W063,"Metal wastes, mixed ferrous and non-ferrous",Lithuania,2010,,LTU
T,W063,"Metal wastes, mixed ferrous and non-ferrous",Lithuania,2012,,LTU
T,W063,"Metal wastes, mixed ferrous and non-ferrous",Lithuania,2014,,LTU
T,W063,"Metal wastes, mixed ferrous and non-ferrous",Lithuania,2016,,LTU
T,W063,"Metal wastes, mixed ferrous and non-ferrous",Lithuania,2018,,LTU
T,W063,"Metal wastes, mixed ferrous and non-ferrous",Lithuania,2020,,LTU
T,W063,"Metal wastes, mixed ferrous and non-ferrous",Lithuania,2022,,LTU
T,W063,"Metal wastes, mixed ferrous and non-ferrous",Luxembourg,2010,,LUX
T,W063,"Metal wastes, mixed ferrous and non-ferrous",Luxembourg,2012,,LUX
T,W063,"Metal wastes, mixed ferrous and non-ferrous",Luxembourg,2014,,LUX
T,W063,"Metal wastes, mixed ferrous and non-ferrous",Luxembourg,2016,,LUX
T,W063,"Metal wastes, mixed ferrous and non-ferrous",Luxembourg,2018,,LUX
T,W063,"Metal wastes, mixed ferrous and non-ferrous",Luxembourg,2020,,LUX
T,W063,"Metal wastes, mixed ferrous and non-ferrous",Luxembourg,2022,,LUX
T,W063,"Metal wastes, mixed ferrous and non-ferrous",Latvia,2010,,LVA
T,W063,"Metal wastes, mixed ferrous and non-ferrous",Latvia,2012,,LVA
T,W063,"Metal wastes, mixed ferrous and non-ferrous",Latvia,2014,,LVA
T,W063,"Metal wastes, mixed ferrous and non-ferrous",Latvia,2016,,LVA
T,W063,"Metal wastes, mixed ferrous and non-ferrous",Latvia,2018,,LVA
T,W063,"Metal wastes, mixed ferrous and non-ferrous",Latvia,2020,,LVA
T,W063,"Metal wastes, mixed ferrous and non-ferrous",Latvia,2022,,LVA
T,W063,"Metal wastes, mixed ferrous and non-ferrous",Montenegro,2010,,
T,W063,"Metal wastes, mixed ferrous and non-ferrous",Montenegro,2012,,
T,W063,"Metal wastes, mixed ferrous and non-ferrous",Montenegro,2014,,
T,W063,"Metal wastes, mixed ferrous and non-ferrous",Montenegro,2016,,
T,W063,"Metal wastes, mixed ferrous and non-ferrous",Montenegro,2018,,
T,W063,"Metal wastes, mixed ferrous and non-ferrous",Montenegro,2020,,
T,W063,"Metal wastes, mixed ferrous and non-ferrous",Montenegro,2022,,
T,W063,"Metal wastes, mixed ferrous and non-ferrous",North Macedonia,2010,,
T,W063,"Metal wastes, mixed ferrous and non-ferrous",North Macedonia,2012,,
T,W063,"Metal wastes, mixed ferrous and non-ferrous",North Macedonia,2014,,
T,W063,"Metal wastes, mixed ferrous and non-ferrous",North Macedonia,2016,,
T,W063,"Metal wastes, mixed ferrous and non-ferrous",North Macedonia,2018,,
T,W063,"Metal wastes, mixed ferrous and non-ferrous",North Macedonia,2020,,
T,W063,"Metal wastes, mixed ferrous and non-ferrous",North Macedonia,2022,,
T,W063,"Metal wastes, mixed ferrous and non-ferrous",Malta,2010,,MLT
T,W063,"Metal wastes, mixed ferrous and non-ferrous",Malta,2012,,MLT
T,W063,"Metal wastes, mixed ferrous and non-ferrous",Malta,2014,,MLT
T,W063,"Metal wastes, mixed ferrous and non-ferrous",Malta,2016,,MLT
T,W063,"Metal wastes, mixed ferrous and non-ferrous",Malta,2018,,MLT
T,W063,"Metal wastes, mixed ferrous and non-ferrous",Malta,2020,,MLT
T,W063,"Metal wastes, mixed ferrous and non-ferrous",Malta,2022,,MLT
T,W063,"Metal wastes, mixed ferrous and non-ferrous",Netherlands,2010,,NLD
T,W063,"Metal wastes, mixed ferrous and non-ferrous",Netherlands,2012,,NLD
T,W063,"Metal wastes, mixed ferrous and non-ferrous",Netherlands,2014,,NLD
T,W063,"Metal wastes, mixed ferrous and non-ferrous",Netherlands,2016,,NLD
T,W063,"Metal wastes, mixed ferrous and non-ferrous",Netherlands,2018,,NLD
T,W063,"Metal wastes, mixed ferrous and non-ferrous",Netherlands,2020,,NLD
T,W063,"Metal wastes, mixed ferrous and non-ferrous",Netherlands,2022,,NLD
T,W063,"Metal wastes, mixed ferrous and non-ferrous",Norway,2010,,NOR
T,W063,"Metal wastes, mixed ferrous and non-ferrous",Norway,2012,,NOR
T,W063,"Metal wastes, mixed ferrous and non-ferrous",Norway,2014,,NOR
T,W063,"Metal wastes, mixed ferrous and non-ferrous",Norway,2016,,NOR
T,W063,"Metal wastes, mixed ferrous and non-ferrous",Norway,2018,,NOR
T,W063,"Metal wastes, mixed ferrous and non-ferrous",Norway,2020,,NOR
T,W063,"Metal wastes, mixed ferrous and non-ferrous",Norway,2022,,NOR
T,W063,"Metal wastes, mixed ferrous and non-ferrous",Poland,2010,,POL
T,W063,"Metal wastes, mixed ferrous and non-ferrous",Poland,2012,,POL
T,W063,"Metal wastes, mixed ferrous and non-ferrous",Poland,2014,,POL
T,W063,"Metal wastes, mixed ferrous and non-ferrous",Poland,2016,,POL
T,W063,"Metal wastes, mixed ferrous and non-ferrous",Poland,2018,,POL
T,W063,"Metal wastes, mixed ferrous and non-ferrous",Poland,2020,,POL
T,W063,"Metal wastes, mixed ferrous and non-ferrous",Poland,2022,,POL
T,W063,"Metal wastes, mixed ferrous and non-ferrous",Portugal,2010,,PRT
T,W063,"Metal wastes, mixed ferrous and non-ferrous",Portugal,2012,,PRT
T,W063,"Metal wastes, mixed ferrous and non-ferrous",Portugal,2014,,PRT
T,W063,"Metal wastes, mixed ferrous and non-ferrous",Portugal,2016,,PRT
T,W063,"Metal wastes, mixed ferrous and non-ferrous",Portugal,2018,,PRT
T,W063,"Metal wastes, mixed ferrous and non-ferrous",Portugal,2020,,PRT
T,W063,"Metal wastes, mixed ferrous and non-ferrous",Portugal,2022,,PRT
T,W063,"Metal wastes, mixed ferrous and non-ferrous",Romania,2010,,ROU
T,W063,"Metal wastes, mixed ferrous and non-ferrous",Romania,2012,,ROU
T,W063,"Metal wastes, mixed ferrous and non-ferrous",Romania,2014,,ROU
T,W063,"Metal wastes, mixed ferrous and non-ferrous",Romania,2016,,ROU
T,W063,"Metal wastes, mixed ferrous and non-ferrous",Romania,2018,,ROU
T,W063,"Metal wastes, mixed ferrous and non-ferrous",Romania,2020,,ROU
T,W063,"Metal wastes, mixed ferrous and non-ferrous",Romania,2022,,ROU
T,W063,"Metal wastes, mixed ferrous and non-ferrous",Serbia,2010,,
T,W063,"Metal wastes, mixed ferrous and non-ferrous",Serbia,2012,,
T,W063,"Metal wastes, mixed ferrous and non-ferrous",Serbia,2014,,
T,W063,"Metal wastes, mixed ferrous and non-ferrous",Serbia,2016,,
T,W063,"Metal wastes, mixed ferrous and non-ferrous",Serbia,2018,,
T,W063,"Metal wastes, mixed ferrous and non-ferrous",Serbia,2020,,
T,W063,"Metal wastes, mixed ferrous and non-ferrous",Serbia,2022,,
T,W063,"Metal wastes, mixed ferrous and non-ferrous",Sweden,2010,,SWE
T,W063,"Metal wastes, mixed ferrous and non-ferrous",Sweden,2012,,SWE
T,W063,"Metal wastes, mixed ferrous and non-ferrous",Sweden,2014,,SWE
T,W063,"Metal wastes, mixed ferrous and non-ferrous",Sweden,2016,,SWE
T,W063,"Metal wastes, mixed ferrous and non-ferrous",Sweden,2018,,SWE
T,W063,"Metal wastes, mixed ferrous and non-ferrous",Sweden,2020,,SWE
T,W063,"Metal wastes, mixed ferrous and non-ferrous",Sweden,2022,,SWE
T,W063,"Metal wastes, mixed ferrous and non-ferrous",Slovenia,2010,,SVN
T,W063,"Metal wastes, mixed ferrous and non-ferrous",Slovenia,2012,,SVN
T,W063,"Metal wastes, mixed ferrous and non-ferrous",Slovenia,2014,,SVN
T,W063,"Metal wastes, mixed ferrous and non-ferrous",Slovenia,2016,,SVN
T,W063,"Metal wastes, mixed ferrous and non-ferrous",Slovenia,2018,,SVN
T,W063,"Metal wastes, mixed ferrous and non-ferrous",Slovenia,2020,,SVN
T,W063,"Metal wastes, mixed ferrous and non-ferrous",Slovenia,2022,,SVN
T,W063,"Metal wastes, mixed ferrous and non-ferrous",Slovakia,2010,,SVK
T,W063,"Metal wastes, mixed ferrous and non-ferrous",Slovakia,2012,,SVK
T,W063,"Metal wastes, mixed ferrous and non-ferrous",Slovakia,2014,,SVK
T,W063,"Metal wastes, mixed ferrous and non-ferrous",Slovakia,2016,,SVK
T,W063,"Metal wastes, mixed ferrous and non-ferrous",Slovakia,2018,,SVK
T,W063,"Metal wastes, mixed ferrous and non-ferrous",Slovakia,2020,,SVK
T,W063,"Metal wastes, mixed ferrous and non-ferrous",Slovakia,2022,,SVK
T,W063,"Metal wastes, mixed ferrous and non-ferrous",Türkiye,2010,,
T,W063,"Metal wastes, mixed ferrous and non-ferrous",Türkiye,2012,,
T,W063,"Metal wastes, mixed ferrous and non-ferrous",Türkiye,2014,,
T,W063,"Metal wastes, mixed ferrous and non-ferrous",Türkiye,2016,,
T,W063,"Metal wastes, mixed ferrous and non-ferrous",Türkiye,2018,,
T,W063,"Metal wastes, mixed ferrous and non-ferrous",Türkiye,2020,,
T,W063,"Metal wastes, mixed ferrous and non-ferrous",Türkiye,2022,,
T,W063,"Metal wastes, mixed ferrous and non-ferrous",United Kingdom,2010,,GBR
T,W063,"Metal wastes, mixed ferrous and non-ferrous",United Kingdom,2012,,GBR
T,W063,"Metal wastes, mixed ferrous and non-ferrous",United Kingdom,2014,,GBR
T,W063,"Metal wastes, mixed ferrous and non-ferrous",United Kingdom,2016,,GBR
T,W063,"Metal wastes, mixed ferrous and non-ferrous",United Kingdom,2018,,GBR
T,W063,"Metal wastes, mixed ferrous and non-ferrous",United Kingdom,2020,,GBR
T,W063,"Metal wastes, mixed ferrous and non-ferrous",Kosovo*,2010,,
T,W063,"Metal wastes, mixed ferrous and non-ferrous",Kosovo*,2012,,
T,W063,"Metal wastes, mixed ferrous and non-ferrous",Kosovo*,2014,,
T,W063,"Metal wastes, mixed ferrous and non-ferrous",Kosovo*,2016,,
T,W063,"Metal wastes, mixed ferrous and non-ferrous",Kosovo*,2018,,
T,W063,"Metal wastes, mixed ferrous and non-ferrous",Kosovo*,2020,,
T,W063,"Metal wastes, mixed ferrous and non-ferrous",Kosovo*,2022,,
T,W071,Glass wastes,Austria,2004,525.0,AUT
T,W071,Glass wastes,Austria,2006,0.0,AUT
T,W071,Glass wastes,Austria,2008,0.0,AUT
T,W071,Glass wastes,Austria,2010,0.0,AUT
T,W071,Glass wastes,Austria,2012,0.0,AUT
T,W071,Glass wastes,Austria,2014,0.0,AUT
T,W071,Glass wastes,Austria,2016,0.0,AUT
T,W071,Glass wastes,Austria,2018,0.0,AUT
T,W071,Glass wastes,Austria,2020,0.0,AUT
T,W071,Glass wastes,Austria,2022,0.0,AUT
T,W071,Glass wastes,Bosnia and Herzegovina,2018,0.0,
T,W071,Glass wastes,Bosnia and Herzegovina,2020,0.0,
T,W071,Glass wastes,Bosnia and Herzegovina,2022,0.0,
T,W071,Glass wastes,Belgium,2004,0.0,BEL
T,W071,Glass wastes,Belgium,2006,0.0,BEL
T,W071,Glass wastes,Belgium,2008,0.0,BEL
T,W071,Glass wastes,Belgium,2010,0.0,BEL
T,W071,Glass wastes,Belgium,2012,0.0,BEL
T,W071,Glass wastes,Belgium,2014,0.0,BEL
T,W071,Glass wastes,Belgium,2016,0.0,BEL
T,W071,Glass wastes,Belgium,2018,0.0,BEL
T,W071,Glass wastes,Belgium,2020,0.0,BEL
T,W071,Glass wastes,Belgium,2022,0.0,BEL
T,W071,Glass wastes,Bulgaria,2006,0.0,BGR
T,W071,Glass wastes,Bulgaria,2008,0.0,BGR
T,W071,Glass wastes,Bulgaria,2018,0.0,BGR
T,W071,Glass wastes,Bulgaria,2020,0.0,BGR
T,W071,Glass wastes,Bulgaria,2022,0.0,BGR
T,W071,Glass wastes,Cyprus,2004,0.0,CYP
T,W071,Glass wastes,Cyprus,2006,0.0,CYP
T,W071,Glass wastes,Cyprus,2008,0.0,CYP
T,W071,Glass wastes,Cyprus,2010,0.0,CYP
T,W071,Glass wastes,Cyprus,2012,0.0,CYP
T,W071,Glass wastes,Cyprus,2014,0.0,CYP
T,W071,Glass wastes,Cyprus,2016,0.0,CYP
T,W071,Glass wastes,Cyprus,2018,0.0,CYP
T,W071,Glass wastes,Cyprus,2020,0.0,CYP
T,W071,Glass wastes,Cyprus,2022,0.0,CYP
T,W071,Glass wastes,Czechia,2004,13.0,CZE
T,W071,Glass wastes,Czechia,2006,21.0,CZE
T,W071,Glass wastes,Czechia,2008,3.0,CZE
T,W071,Glass wastes,Czechia,2010,4.0,CZE
T,W071,Glass wastes,Czechia,2012,0.0,CZE
T,W071,Glass wastes,Czechia,2014,27.0,CZE
T,W071,Glass wastes,Czechia,2016,0.0,CZE
T,W071,Glass wastes,Czechia,2018,0.0,CZE
T,W071,Glass wastes,Czechia,2020,0.0,CZE
T,W071,Glass wastes,Czechia,2022,0.0,CZE
T,W071,Glass wastes,Germany,2004,0.0,DEU
T,W071,Glass wastes,Germany,2006,0.0,DEU
T,W071,Glass wastes,Germany,2008,0.0,DEU
T,W071,Glass wastes,Germany,2010,0.0,DEU
T,W071,Glass wastes,Germany,2012,0.0,DEU
T,W071,Glass wastes,Germany,2014,0.0,DEU
T,W071,Glass wastes,Germany,2016,0.0,DEU
T,W071,Glass wastes,Germany,2018,0.0,DEU
T,W071,Glass wastes,Germany,2020,0.0,DEU
T,W071,Glass wastes,Germany,2022,0.0,DEU
T,W071,Glass wastes,Denmark,2004,0.0,DNK
T,W071,Glass wastes,Denmark,2006,0.0,DNK
T,W071,Glass wastes,Denmark,2008,9.0,DNK
T,W071,Glass wastes,Denmark,2010,0.0,DNK
T,W071,Glass wastes,Denmark,2012,0.0,DNK
T,W071,Glass wastes,Denmark,2014,0.0,DNK
T,W071,Glass wastes,Denmark,2016,0.0,DNK
T,W071,Glass wastes,Denmark,2018,0.0,DNK
T,W071,Glass wastes,Denmark,2020,0.0,DNK
T,W071,Glass wastes,Denmark,2022,0.0,DNK
T,W071,Glass wastes,Estonia,2004,0.0,EST
T,W071,Glass wastes,Estonia,2006,0.0,EST
T,W071,Glass wastes,Estonia,2008,0.0,EST
T,W071,Glass wastes,Estonia,2010,0.0,EST
T,W071,Glass wastes,Estonia,2012,0.0,EST
T,W071,Glass wastes,Estonia,2014,0.0,EST
T,W071,Glass wastes,Estonia,2016,0.0,EST
T,W071,Glass wastes,Estonia,2018,0.0,EST
T,W071,Glass wastes,Estonia,2020,0.0,EST
T,W071,Glass wastes,Estonia,2022,0.0,EST
T,W071,Glass wastes,Greece,2006,0.0,GRC
T,W071,Glass wastes,Greece,2008,0.0,GRC
T,W071,Glass wastes,Greece,2010,0.0,GRC
T,W071,Glass wastes,Greece,2016,0.0,GRC
T,W071,Glass wastes,Greece,2018,0.0,GRC
T,W071,Glass wastes,Greece,2020,0.0,GRC
T,W071,Glass wastes,Greece,2022,0.0,GRC
T,W071,Glass wastes,Spain,2004,0.0,ESP
T,W071,Glass wastes,Spain,2006,0.0,ESP
T,W071,Glass wastes,Spain,2008,0.0,ESP
T,W071,Glass wastes,Spain,2010,0.0,ESP
T,W071,Glass wastes,Spain,2012,0.0,ESP
T,W071,Glass wastes,Spain,2014,0.0,ESP
T,W071,Glass wastes,Spain,2016,0.0,ESP
T,W071,Glass wastes,Spain,2018,0.0,ESP
T,W071,Glass wastes,Spain,2020,0.0,ESP
T,W071,Glass wastes,Spain,2022,0.0,ESP
T,W071,Glass wastes,European Union - 27 countries (from 2020),2004,0.0,EU27_2020
T,W071,Glass wastes,European Union - 27 countries (from 2020),2006,0.0,EU27_2020
T,W071,Glass wastes,European Union - 27 countries (from 2020),2008,0.0,EU27_2020
T,W071,Glass wastes,European Union - 27 countries (from 2020),2018,0.0,EU27_2020
T,W071,Glass wastes,European Union - 27 countries (from 2020),2020,0.0,EU27_2020
T,W071,Glass wastes,European Union - 27 countries (from 2020),2022,0.0,EU27_2020
T,W071,Glass wastes,European Union - 28 countries (2013-2020),2004,0.0,
T,W071,Glass wastes,European Union - 28 countries (2013-2020),2006,0.0,
T,W071,Glass wastes,European Union - 28 countries (2013-2020),2008,0.0,
T,W071,Glass wastes,European Union - 28 countries (2013-2020),2010,0.0,
T,W071,Glass wastes,European Union - 28 countries (2013-2020),2012,0.0,
T,W071,Glass wastes,European Union - 28 countries (2013-2020),2014,0.0,
T,W071,Glass wastes,European Union - 28 countries (2013-2020),2016,0.0,
T,W071,Glass wastes,European Union - 28 countries (2013-2020),2018,0.0,
T,W071,Glass wastes,Finland,2004,0.0,FIN
T,W071,Glass wastes,Finland,2006,0.0,FIN
T,W071,Glass wastes,Finland,2008,0.0,FIN
T,W071,Glass wastes,Finland,2010,0.0,FIN
T,W071,Glass wastes,Finland,2012,0.0,FIN
T,W071,Glass wastes,Finland,2014,0.0,FIN
T,W071,Glass wastes,Finland,2016,0.0,FIN
T,W071,Glass wastes,Finland,2018,0.0,FIN
T,W071,Glass wastes,Finland,2020,0.0,FIN
T,W071,Glass wastes,Finland,2022,0.0,FIN
T,W071,Glass wastes,France,2004,0.0,FRA
T,W071,Glass wastes,France,2006,0.0,FRA
T,W071,Glass wastes,France,2008,0.0,FRA
T,W071,Glass wastes,France,2010,0.0,FRA
T,W071,Glass wastes,France,2012,0.0,FRA
T,W071,Glass wastes,France,2014,0.0,FRA
T,W071,Glass wastes,France,2016,0.0,FRA
T,W071,Glass wastes,France,2018,0.0,FRA
T,W071,Glass wastes,France,2020,0.0,FRA
T,W071,Glass wastes,France,2022,0.0,FRA
T,W071,Glass wastes,Croatia,2006,0.0,HRV
T,W071,Glass wastes,Croatia,2008,0.0,HRV
T,W071,Glass wastes,Croatia,2012,0.0,HRV
T,W071,Glass wastes,Croatia,2014,0.0,HRV
T,W071,Glass wastes,Croatia,2016,0.0,HRV
T,W071,Glass wastes,Croatia,2018,0.0,HRV
T,W071,Glass wastes,Croatia,2020,0.0,HRV
T,W071,Glass wastes,Croatia,2022,0.0,HRV
T,W071,Glass wastes,Hungary,2004,0.0,HUN
T,W071,Glass wastes,Hungary,2006,0.0,HUN
T,W071,Glass wastes,Hungary,2008,0.0,HUN
T,W071,Glass wastes,Hungary,2010,0.0,HUN
T,W071,Glass wastes,Hungary,2012,0.0,HUN
T,W071,Glass wastes,Hungary,2014,0.0,HUN
T,W071,Glass wastes,Hungary,2016,0.0,HUN
T,W071,Glass wastes,Hungary,2018,0.0,HUN
T,W071,Glass wastes,Hungary,2020,0.0,HUN
T,W071,Glass wastes,Hungary,2022,0.0,HUN
T,W071,Glass wastes,Ireland,2004,0.0,IRL
T,W071,Glass wastes,Ireland,2006,0.0,IRL
T,W071,Glass wastes,Ireland,2010,0.0,IRL
T,W071,Glass wastes,Ireland,2012,0.0,IRL
T,W071,Glass wastes,Ireland,2014,0.0,IRL
T,W071,Glass wastes,Ireland,2016,0.0,IRL
T,W071,Glass wastes,Ireland,2018,0.0,IRL
T,W071,Glass wastes,Ireland,2020,0.0,IRL
T,W071,Glass wastes,Ireland,2022,0.0,IRL
T,W071,Glass wastes,Iceland,2004,0.0,ISL
T,W071,Glass wastes,Iceland,2010,0.0,ISL
T,W071,Glass wastes,Iceland,2012,0.0,ISL
T,W071,Glass wastes,Iceland,2014,0.0,ISL
T,W071,Glass wastes,Iceland,2016,0.0,ISL
T,W071,Glass wastes,Iceland,2018,0.0,ISL
T,W071,Glass wastes,Iceland,2020,0.0,ISL
T,W071,Glass wastes,Iceland,2022,0.0,ISL
T,W071,Glass wastes,Italy,2004,0.0,ITA
T,W071,Glass wastes,Italy,2012,0.0,ITA
T,W071,Glass wastes,Italy,2014,0.0,ITA
T,W071,Glass wastes,Italy,2016,0.0,ITA
T,W071,Glass wastes,Italy,2018,0.0,ITA
T,W071,Glass wastes,Italy,2020,0.0,ITA
T,W071,Glass wastes,Italy,2022,0.0,ITA
T,W071,Glass wastes,Liechtenstein,2008,0.0,
T,W071,Glass wastes,Liechtenstein,2010,0.0,
T,W071,Glass wastes,Liechtenstein,2012,0.0,
T,W071,Glass wastes,Liechtenstein,2014,0.0,
T,W071,Glass wastes,Liechtenstein,2016,0.0,
T,W071,Glass wastes,Liechtenstein,2018,0.0,
T,W071,Glass wastes,Liechtenstein,2020,0.0,
T,W071,Glass wastes,Liechtenstein,2022,0.0,
T,W071,Glass wastes,Lithuania,2004,0.0,LTU
T,W071,Glass wastes,Lithuania,2006,0.0,LTU
T,W071,Glass wastes,Lithuania,2008,0.0,LTU
T,W071,Glass wastes,Lithuania,2010,0.0,LTU
T,W071,Glass wastes,Lithuania,2012,0.0,LTU
T,W071,Glass wastes,Lithuania,2014,0.0,LTU
T,W071,Glass wastes,Lithuania,2016,0.0,LTU
T,W071,Glass wastes,Lithuania,2018,0.0,LTU
T,W071,Glass wastes,Lithuania,2020,0.0,LTU
T,W071,Glass wastes,Lithuania,2022,0.0,LTU
T,W071,Glass wastes,Luxembourg,2004,0.0,LUX
T,W071,Glass wastes,Luxembourg,2006,0.0,LUX
T,W071,Glass wastes,Luxembourg,2008,0.0,LUX
T,W071,Glass wastes,Luxembourg,2010,0.0,LUX
T,W071,Glass wastes,Luxembourg,2012,0.0,LUX
T,W071,Glass wastes,Luxembourg,2014,0.0,LUX
T,W071,Glass wastes,Luxembourg,2016,0.0,LUX
T,W071,Glass wastes,Luxembourg,2018,0.0,LUX
T,W071,Glass wastes,Luxembourg,2020,0.0,LUX
T,W071,Glass wastes,Luxembourg,2022,0.0,LUX
T,W071,Glass wastes,Latvia,2004,0.0,LVA
T,W071,Glass wastes,Latvia,2010,0.0,LVA
T,W071,Glass wastes,Latvia,2012,2112.0,LVA
T,W071,Glass wastes,Latvia,2014,0.0,LVA
T,W071,Glass wastes,Latvia,2016,0.0,LVA
T,W071,Glass wastes,Latvia,2018,0.0,LVA
T,W071,Glass wastes,Latvia,2020,0.0,LVA
T,W071,Glass wastes,Latvia,2022,0.0,LVA
T,W071,Glass wastes,Montenegro,2012,0.0,
T,W071,Glass wastes,Montenegro,2014,0.0,
T,W071,Glass wastes,Montenegro,2016,0.0,
T,W071,Glass wastes,Montenegro,2018,0.0,
T,W071,Glass wastes,Montenegro,2020,0.0,
T,W071,Glass wastes,Montenegro,2022,0.0,
T,W071,Glass wastes,North Macedonia,2012,0.0,
T,W071,Glass wastes,North Macedonia,2014,0.0,
T,W071,Glass wastes,North Macedonia,2016,0.0,
T,W071,Glass wastes,North Macedonia,2018,0.0,
T,W071,Glass wastes,North Macedonia,2020,0.0,
T,W071,Glass wastes,North Macedonia,2022,0.0,
T,W071,Glass wastes,Malta,2004,0.0,MLT
T,W071,Glass wastes,Malta,2006,0.0,MLT
T,W071,Glass wastes,Malta,2008,0.0,MLT
T,W071,Glass wastes,Malta,2010,0.0,MLT
T,W071,Glass wastes,Malta,2012,0.0,MLT
T,W071,Glass wastes,Malta,2014,0.0,MLT
T,W071,Glass wastes,Malta,2016,0.0,MLT
T,W071,Glass wastes,Malta,2018,0.0,MLT
T,W071,Glass wastes,Malta,2020,0.0,MLT
T,W071,Glass wastes,Malta,2022,0.0,MLT
T,W071,Glass wastes,Netherlands,2004,0.0,NLD
T,W071,Glass wastes,Netherlands,2006,0.0,NLD
T,W071,Glass wastes,Netherlands,2008,0.0,NLD
T,W071,Glass wastes,Netherlands,2010,0.0,NLD
T,W071,Glass wastes,Netherlands,2016,0.0,NLD
T,W071,Glass wastes,Netherlands,2018,0.0,NLD
T,W071,Glass wastes,Netherlands,2020,0.0,NLD
T,W071,Glass wastes,Netherlands,2022,0.0,NLD
T,W071,Glass wastes,Norway,2004,1025.0,NOR
T,W071,Glass wastes,Norway,2006,0.0,NOR
T,W071,Glass wastes,Norway,2008,0.0,NOR
T,W071,Glass wastes,Norway,2010,0.0,NOR
T,W071,Glass wastes,Norway,2012,0.0,NOR
T,W071,Glass wastes,Norway,2014,0.0,NOR
T,W071,Glass wastes,Norway,2016,0.0,NOR
T,W071,Glass wastes,Norway,2018,0.0,NOR
T,W071,Glass wastes,Norway,2020,0.0,NOR
T,W071,Glass wastes,Norway,2022,0.0,NOR
T,W071,Glass wastes,Poland,2004,0.0,POL
T,W071,Glass wastes,Poland,2006,0.0,POL
T,W071,Glass wastes,Poland,2008,0.0,POL
T,W071,Glass wastes,Poland,2010,0.0,POL
T,W071,Glass wastes,Poland,2012,0.0,POL
T,W071,Glass wastes,Poland,2014,0.0,POL
T,W071,Glass wastes,Poland,2016,0.0,POL
T,W071,Glass wastes,Poland,2018,0.0,POL
T,W071,Glass wastes,Poland,2020,0.0,POL
T,W071,Glass wastes,Poland,2022,0.0,POL
T,W071,Glass wastes,Portugal,2006,0.0,PRT
T,W071,Glass wastes,Portugal,2010,0.0,PRT
T,W071,Glass wastes,Portugal,2012,0.0,PRT
T,W071,Glass wastes,Portugal,2014,0.0,PRT
T,W071,Glass wastes,Portugal,2016,0.0,PRT
T,W071,Glass wastes,Portugal,2018,0.0,PRT
T,W071,Glass wastes,Portugal,2020,0.0,PRT
T,W071,Glass wastes,Portugal,2022,0.0,PRT
T,W071,Glass wastes,Romania,2004,0.0,ROU
T,W071,Glass wastes,Romania,2006,0.0,ROU
T,W071,Glass wastes,Romania,2008,0.0,ROU
T,W071,Glass wastes,Romania,2010,0.0,ROU
T,W071,Glass wastes,Romania,2012,0.0,ROU
T,W071,Glass wastes,Romania,2014,0.0,ROU
T,W071,Glass wastes,Romania,2016,0.0,ROU
T,W071,Glass wastes,Romania,2018,0.0,ROU
T,W071,Glass wastes,Romania,2020,0.0,ROU
T,W071,Glass wastes,Romania,2022,0.0,ROU
T,W071,Glass wastes,Serbia,2014,0.0,
T,W071,Glass wastes,Serbia,2016,0.0,
T,W071,Glass wastes,Serbia,2018,0.0,
T,W071,Glass wastes,Serbia,2020,0.0,
T,W071,Glass wastes,Serbia,2022,0.0,
T,W071,Glass wastes,Sweden,2004,0.0,SWE
T,W071,Glass wastes,Sweden,2006,0.0,SWE
T,W071,Glass wastes,Sweden,2008,0.0,SWE
T,W071,Glass wastes,Sweden,2010,0.0,SWE
T,W071,Glass wastes,Sweden,2012,0.0,SWE
T,W071,Glass wastes,Sweden,2014,0.0,SWE
T,W071,Glass wastes,Sweden,2016,0.0,SWE
T,W071,Glass wastes,Sweden,2018,0.0,SWE
T,W071,Glass wastes,Sweden,2020,0.0,SWE
T,W071,Glass wastes,Sweden,2022,0.0,SWE
T,W071,Glass wastes,Slovenia,2004,0.0,SVN
T,W071,Glass wastes,Slovenia,2006,0.0,SVN
T,W071,Glass wastes,Slovenia,2008,0.0,SVN
T,W071,Glass wastes,Slovenia,2010,0.0,SVN
T,W071,Glass wastes,Slovenia,2012,0.0,SVN
T,W071,Glass wastes,Slovenia,2014,0.0,SVN
T,W071,Glass wastes,Slovenia,2016,0.0,SVN
T,W071,Glass wastes,Slovenia,2018,0.0,SVN
T,W071,Glass wastes,Slovenia,2020,0.0,SVN
T,W071,Glass wastes,Slovenia,2022,0.0,SVN
T,W071,Glass wastes,Slovakia,2006,0.0,SVK
T,W071,Glass wastes,Slovakia,2008,0.0,SVK
T,W071,Glass wastes,Slovakia,2010,0.0,SVK
T,W071,Glass wastes,Slovakia,2012,0.0,SVK
T,W071,Glass wastes,Slovakia,2014,0.0,SVK
T,W071,Glass wastes,Slovakia,2016,0.0,SVK
T,W071,Glass wastes,Slovakia,2018,0.0,SVK
T,W071,Glass wastes,Slovakia,2020,0.0,SVK
T,W071,Glass wastes,Slovakia,2022,0.0,SVK
T,W071,Glass wastes,Türkiye,2010,0.0,
T,W071,Glass wastes,Türkiye,2014,0.0,
T,W071,Glass wastes,Türkiye,2016,6174.0,
T,W071,Glass wastes,Türkiye,2018,1252.0,
T,W071,Glass wastes,Türkiye,2020,1201.0,
T,W071,Glass wastes,Türkiye,2022,7651.0,
T,W071,Glass wastes,United Kingdom,2004,0.0,GBR
T,W071,Glass wastes,United Kingdom,2006,0.0,GBR
T,W071,Glass wastes,United Kingdom,2008,0.0,GBR
T,W071,Glass wastes,United Kingdom,2010,0.0,GBR
T,W071,Glass wastes,United Kingdom,2012,0.0,GBR
T,W071,Glass wastes,United Kingdom,2014,0.0,GBR
T,W071,Glass wastes,United Kingdom,2016,0.0,GBR
T,W071,Glass wastes,United Kingdom,2018,0.0,GBR
T,W071,Glass wastes,Kosovo*,2016,0.0,
T,W071,Glass wastes,Kosovo*,2020,0.0,
T,W071,Glass wastes,Kosovo*,2022,0.0,
T,W072,Paper and cardboard wastes,Albania,2010,,
T,W072,Paper and cardboard wastes,Albania,2012,,
T,W072,Paper and cardboard wastes,Albania,2014,,
T,W072,Paper and cardboard wastes,Albania,2016,,
T,W072,Paper and cardboard wastes,Albania,2018,,
T,W072,Paper and cardboard wastes,Albania,2020,,
T,W072,Paper and cardboard wastes,Albania,2022,,
T,W072,Paper and cardboard wastes,Austria,2010,,AUT
T,W072,Paper and cardboard wastes,Austria,2012,,AUT
T,W072,Paper and cardboard wastes,Austria,2014,,AUT
T,W072,Paper and cardboard wastes,Austria,2016,,AUT
T,W072,Paper and cardboard wastes,Austria,2018,,AUT
T,W072,Paper and cardboard wastes,Austria,2020,,AUT
T,W072,Paper and cardboard wastes,Austria,2022,,AUT
T,W072,Paper and cardboard wastes,Bosnia and Herzegovina,2010,,
T,W072,Paper and cardboard wastes,Bosnia and Herzegovina,2012,,
T,W072,Paper and cardboard wastes,Bosnia and Herzegovina,2014,,
T,W072,Paper and cardboard wastes,Bosnia and Herzegovina,2016,,
T,W072,Paper and cardboard wastes,Bosnia and Herzegovina,2018,,
T,W072,Paper and cardboard wastes,Bosnia and Herzegovina,2020,,
T,W072,Paper and cardboard wastes,Bosnia and Herzegovina,2022,,
T,W072,Paper and cardboard wastes,Belgium,2010,,BEL
T,W072,Paper and cardboard wastes,Belgium,2012,,BEL
T,W072,Paper and cardboard wastes,Belgium,2014,,BEL
T,W072,Paper and cardboard wastes,Belgium,2016,,BEL
T,W072,Paper and cardboard wastes,Belgium,2018,,BEL
T,W072,Paper and cardboard wastes,Belgium,2020,,BEL
T,W072,Paper and cardboard wastes,Belgium,2022,,BEL
T,W072,Paper and cardboard wastes,Bulgaria,2010,,BGR
T,W072,Paper and cardboard wastes,Bulgaria,2012,,BGR
T,W072,Paper and cardboard wastes,Bulgaria,2014,,BGR
T,W072,Paper and cardboard wastes,Bulgaria,2016,,BGR
T,W072,Paper and cardboard wastes,Bulgaria,2018,,BGR
T,W072,Paper and cardboard wastes,Bulgaria,2020,,BGR
T,W072,Paper and cardboard wastes,Bulgaria,2022,,BGR
T,W072,Paper and cardboard wastes,Cyprus,2010,,CYP
T,W072,Paper and cardboard wastes,Cyprus,2012,,CYP
T,W072,Paper and cardboard wastes,Cyprus,2014,,CYP
T,W072,Paper and cardboard wastes,Cyprus,2016,,CYP
T,W072,Paper and cardboard wastes,Cyprus,2018,,CYP
T,W072,Paper and cardboard wastes,Cyprus,2020,,CYP
T,W072,Paper and cardboard wastes,Cyprus,2022,,CYP
T,W072,Paper and cardboard wastes,Czechia,2010,,CZE
T,W072,Paper and cardboard wastes,Czechia,2012,,CZE
T,W072,Paper and cardboard wastes,Czechia,2014,,CZE
T,W072,Paper and cardboard wastes,Czechia,2016,,CZE
T,W072,Paper and cardboard wastes,Czechia,2018,,CZE
T,W072,Paper and cardboard wastes,Czechia,2020,,CZE
T,W072,Paper and cardboard wastes,Czechia,2022,,CZE
T,W072,Paper and cardboard wastes,Germany,2010,,DEU
T,W072,Paper and cardboard wastes,Germany,2012,,DEU
T,W072,Paper and cardboard wastes,Germany,2014,,DEU
T,W072,Paper and cardboard wastes,Germany,2016,,DEU
T,W072,Paper and cardboard wastes,Germany,2018,,DEU
T,W072,Paper and cardboard wastes,Germany,2020,,DEU
T,W072,Paper and cardboard wastes,Germany,2022,,DEU
T,W072,Paper and cardboard wastes,Denmark,2010,,DNK
T,W072,Paper and cardboard wastes,Denmark,2012,,DNK
T,W072,Paper and cardboard wastes,Denmark,2014,,DNK
T,W072,Paper and cardboard wastes,Denmark,2016,,DNK
T,W072,Paper and cardboard wastes,Denmark,2018,,DNK
T,W072,Paper and cardboard wastes,Denmark,2020,,DNK
T,W072,Paper and cardboard wastes,Denmark,2022,,DNK
T,W072,Paper and cardboard wastes,Estonia,2010,,EST
T,W072,Paper and cardboard wastes,Estonia,2012,,EST
T,W072,Paper and cardboard wastes,Estonia,2014,,EST
T,W072,Paper and cardboard wastes,Estonia,2016,,EST
T,W072,Paper and cardboard wastes,Estonia,2018,,EST
T,W072,Paper and cardboard wastes,Estonia,2020,,EST
T,W072,Paper and cardboard wastes,Estonia,2022,,EST
T,W072,Paper and cardboard wastes,Greece,2010,,GRC
T,W072,Paper and cardboard wastes,Greece,2012,,GRC
T,W072,Paper and cardboard wastes,Greece,2014,,GRC
T,W072,Paper and cardboard wastes,Greece,2016,,GRC
T,W072,Paper and cardboard wastes,Greece,2018,,GRC
T,W072,Paper and cardboard wastes,Greece,2020,,GRC
T,W072,Paper and cardboard wastes,Greece,2022,,GRC
T,W072,Paper and cardboard wastes,Spain,2010,,ESP
T,W072,Paper and cardboard wastes,Spain,2012,,ESP
T,W072,Paper and cardboard wastes,Spain,2014,,ESP
T,W072,Paper and cardboard wastes,Spain,2016,,ESP
T,W072,Paper and cardboard wastes,Spain,2018,,ESP
T,W072,Paper and cardboard wastes,Spain,2020,,ESP
T,W072,Paper and cardboard wastes,Spain,2022,,ESP
T,W072,Paper and cardboard wastes,European Union - 27 countries (from 2020),2010,,EU27_2020
T,W072,Paper and cardboard wastes,European Union - 27 countries (from 2020),2012,,EU27_2020
T,W072,Paper and cardboard wastes,European Union - 27 countries (from 2020),2014,,EU27_2020
T,W072,Paper and cardboard wastes,European Union - 27 countries (from 2020),2016,,EU27_2020
T,W072,Paper and cardboard wastes,European Union - 27 countries (from 2020),2018,,EU27_2020
T,W072,Paper and cardboard wastes,European Union - 27 countries (from 2020),2020,,EU27_2020
T,W072,Paper and cardboard wastes,European Union - 27 countries (from 2020),2022,,EU27_2020
T,W072,Paper and cardboard wastes,European Union - 28 countries (2013-2020),2010,,
T,W072,Paper and cardboard wastes,European Union - 28 countries (2013-2020),2012,,
T,W072,Paper and cardboard wastes,European Union - 28 countries (2013-2020),2014,,
T,W072,Paper and cardboard wastes,European Union - 28 countries (2013-2020),2016,,
T,W072,Paper and cardboard wastes,European Union - 28 countries (2013-2020),2018,,
T,W072,Paper and cardboard wastes,Finland,2010,,FIN
T,W072,Paper and cardboard wastes,Finland,2012,,FIN
T,W072,Paper and cardboard wastes,Finland,2014,,FIN
T,W072,Paper and cardboard wastes,Finland,2016,,FIN
T,W072,Paper and cardboard wastes,Finland,2018,,FIN
T,W072,Paper and cardboard wastes,Finland,2020,,FIN
T,W072,Paper and cardboard wastes,Finland,2022,,FIN
T,W072,Paper and cardboard wastes,France,2010,,FRA
T,W072,Paper and cardboard wastes,France,2012,,FRA
T,W072,Paper and cardboard wastes,France,2014,,FRA
T,W072,Paper and cardboard wastes,France,2016,,FRA
T,W072,Paper and cardboard wastes,France,2018,,FRA
T,W072,Paper and cardboard wastes,France,2020,,FRA
T,W072,Paper and cardboard wastes,France,2022,,FRA
T,W072,Paper and cardboard wastes,Croatia,2010,,HRV
T,W072,Paper and cardboard wastes,Croatia,2012,,HRV
T,W072,Paper and cardboard wastes,Croatia,2014,,HRV
T,W072,Paper and cardboard wastes,Croatia,2016,,HRV
T,W072,Paper and cardboard wastes,Croatia,2018,,HRV
T,W072,Paper and cardboard wastes,Croatia,2020,,HRV
T,W072,Paper and cardboard wastes,Croatia,2022,,HRV
T,W072,Paper and cardboard wastes,Hungary,2010,,HUN
T,W072,Paper and cardboard wastes,Hungary,2012,,HUN
T,W072,Paper and cardboard wastes,Hungary,2014,,HUN
T,W072,Paper and cardboard wastes,Hungary,2016,,HUN
T,W072,Paper and cardboard wastes,Hungary,2018,,HUN
T,W072,Paper and cardboard wastes,Hungary,2020,,HUN
T,W072,Paper and cardboard wastes,Hungary,2022,,HUN
T,W072,Paper and cardboard wastes,Ireland,2010,,IRL
T,W072,Paper and cardboard wastes,Ireland,2012,,IRL
T,W072,Paper and cardboard wastes,Ireland,2014,,IRL
T,W072,Paper and cardboard wastes,Ireland,2016,,IRL
T,W072,Paper and cardboard wastes,Ireland,2018,,IRL
T,W072,Paper and cardboard wastes,Ireland,2020,,IRL
T,W072,Paper and cardboard wastes,Ireland,2022,,IRL
T,W072,Paper and cardboard wastes,Iceland,2010,,ISL
T,W072,Paper and cardboard wastes,Iceland,2012,,ISL
T,W072,Paper and cardboard wastes,Iceland,2014,,ISL
T,W072,Paper and cardboard wastes,Iceland,2016,,ISL
T,W072,Paper and cardboard wastes,Iceland,2018,,ISL
T,W072,Paper and cardboard wastes,Iceland,2020,,ISL
T,W072,Paper and cardboard wastes,Iceland,2022,,ISL
T,W072,Paper and cardboard wastes,Italy,2010,,ITA
T,W072,Paper and cardboard wastes,Italy,2012,,ITA
T,W072,Paper and cardboard wastes,Italy,2014,,ITA
T,W072,Paper and cardboard wastes,Italy,2016,,ITA
T,W072,Paper and cardboard wastes,Italy,2018,,ITA
T,W072,Paper and cardboard wastes,Italy,2020,,ITA
T,W072,Paper and cardboard wastes,Italy,2022,,ITA
T,W072,Paper and cardboard wastes,Liechtenstein,2010,,
T,W072,Paper and cardboard wastes,Liechtenstein,2012,,
T,W072,Paper and cardboard wastes,Liechtenstein,2014,,
T,W072,Paper and cardboard wastes,Liechtenstein,2016,,
T,W072,Paper and cardboard wastes,Liechtenstein,2018,,
T,W072,Paper and cardboard wastes,Liechtenstein,2020,,
T,W072,Paper and cardboard wastes,Liechtenstein,2022,,
T,W072,Paper and cardboard wastes,Lithuania,2010,,LTU
T,W072,Paper and cardboard wastes,Lithuania,2012,,LTU
T,W072,Paper and cardboard wastes,Lithuania,2014,,LTU
T,W072,Paper and cardboard wastes,Lithuania,2016,,LTU
T,W072,Paper and cardboard wastes,Lithuania,2018,,LTU
T,W072,Paper and cardboard wastes,Lithuania,2020,,LTU
T,W072,Paper and cardboard wastes,Lithuania,2022,,LTU
T,W072,Paper and cardboard wastes,Luxembourg,2010,,LUX
T,W072,Paper and cardboard wastes,Luxembourg,2012,,LUX
T,W072,Paper and cardboard wastes,Luxembourg,2014,,LUX
T,W072,Paper and cardboard wastes,Luxembourg,2016,,LUX
T,W072,Paper and cardboard wastes,Luxembourg,2018,,LUX
T,W072,Paper and cardboard wastes,Luxembourg,2020,,LUX
T,W072,Paper and cardboard wastes,Luxembourg,2022,,LUX
T,W072,Paper and cardboard wastes,Latvia,2010,,LVA
T,W072,Paper and cardboard wastes,Latvia,2012,,LVA
T,W072,Paper and cardboard wastes,Latvia,2014,,LVA
T,W072,Paper and cardboard wastes,Latvia,2016,,LVA
T,W072,Paper and cardboard wastes,Latvia,2018,,LVA
T,W072,Paper and cardboard wastes,Latvia,2020,,LVA
T,W072,Paper and cardboard wastes,Latvia,2022,,LVA
T,W072,Paper and cardboard wastes,Montenegro,2010,,
T,W072,Paper and cardboard wastes,Montenegro,2012,,
T,W072,Paper and cardboard wastes,Montenegro,2014,,
T,W072,Paper and cardboard wastes,Montenegro,2016,,
T,W072,Paper and cardboard wastes,Montenegro,2018,,
T,W072,Paper and cardboard wastes,Montenegro,2020,,
T,W072,Paper and cardboard wastes,Montenegro,2022,,
T,W072,Paper and cardboard wastes,North Macedonia,2010,,
T,W072,Paper and cardboard wastes,North Macedonia,2012,,
T,W072,Paper and cardboard wastes,North Macedonia,2014,,
T,W072,Paper and cardboard wastes,North Macedonia,2016,,
T,W072,Paper and cardboard wastes,North Macedonia,2018,,
T,W072,Paper and cardboard wastes,North Macedonia,2020,,
T,W072,Paper and cardboard wastes,North Macedonia,2022,,
T,W072,Paper and cardboard wastes,Malta,2010,,MLT
T,W072,Paper and cardboard wastes,Malta,2012,,MLT
T,W072,Paper and cardboard wastes,Malta,2014,,MLT
T,W072,Paper and cardboard wastes,Malta,2016,,MLT
T,W072,Paper and cardboard wastes,Malta,2018,,MLT
T,W072,Paper and cardboard wastes,Malta,2020,,MLT
T,W072,Paper and cardboard wastes,Malta,2022,,MLT
T,W072,Paper and cardboard wastes,Netherlands,2010,,NLD
T,W072,Paper and cardboard wastes,Netherlands,2012,,NLD
T,W072,Paper and cardboard wastes,Netherlands,2014,,NLD
T,W072,Paper and cardboard wastes,Netherlands,2016,,NLD
T,W072,Paper and cardboard wastes,Netherlands,2018,,NLD
T,W072,Paper and cardboard wastes,Netherlands,2020,,NLD
T,W072,Paper and cardboard wastes,Netherlands,2022,,NLD
T,W072,Paper and cardboard wastes,Norway,2010,,NOR
T,W072,Paper and cardboard wastes,Norway,2012,,NOR
T,W072,Paper and cardboard wastes,Norway,2014,,NOR
T,W072,Paper and cardboard wastes,Norway,2016,,NOR
T,W072,Paper and cardboard wastes,Norway,2018,,NOR
T,W072,Paper and cardboard wastes,Norway,2020,,NOR
T,W072,Paper and cardboard wastes,Norway,2022,,NOR
T,W072,Paper and cardboard wastes,Poland,2010,,POL
T,W072,Paper and cardboard wastes,Poland,2012,,POL
T,W072,Paper and cardboard wastes,Poland,2014,,POL
T,W072,Paper and cardboard wastes,Poland,2016,,POL
T,W072,Paper and cardboard wastes,Poland,2018,,POL
T,W072,Paper and cardboard wastes,Poland,2020,,POL
T,W072,Paper and cardboard wastes,Poland,2022,,POL
T,W072,Paper and cardboard wastes,Portugal,2010,,PRT
T,W072,Paper and cardboard wastes,Portugal,2012,,PRT
T,W072,Paper and cardboard wastes,Portugal,2014,,PRT
T,W072,Paper and cardboard wastes,Portugal,2016,,PRT
T,W072,Paper and cardboard wastes,Portugal,2018,,PRT
T,W072,Paper and cardboard wastes,Portugal,2020,,PRT
T,W072,Paper and cardboard wastes,Portugal,2022,,PRT
T,W072,Paper and cardboard wastes,Romania,2010,,ROU
T,W072,Paper and cardboard wastes,Romania,2012,,ROU
T,W072,Paper and cardboard wastes,Romania,2014,,ROU
T,W072,Paper and cardboard wastes,Romania,2016,,ROU
T,W072,Paper and cardboard wastes,Romania,2018,,ROU
T,W072,Paper and cardboard wastes,Romania,2020,,ROU
T,W072,Paper and cardboard wastes,Romania,2022,,ROU
T,W072,Paper and cardboard wastes,Serbia,2010,,
T,W072,Paper and cardboard wastes,Serbia,2012,,
T,W072,Paper and cardboard wastes,Serbia,2014,,
T,W072,Paper and cardboard wastes,Serbia,2016,,
T,W072,Paper and cardboard wastes,Serbia,2018,,
T,W072,Paper and cardboard wastes,Serbia,2020,,
T,W072,Paper and cardboard wastes,Serbia,2022,,
T,W072,Paper and cardboard wastes,Sweden,2010,,SWE
T,W072,Paper and cardboard wastes,Sweden,2012,,SWE
T,W072,Paper and cardboard wastes,Sweden,2014,,SWE
T,W072,Paper and cardboard wastes,Sweden,2016,,SWE
T,W072,Paper and cardboard wastes,Sweden,2018,,SWE
T,W072,Paper and cardboard wastes,Sweden,2020,,SWE
T,W072,Paper and cardboard wastes,Sweden,2022,,SWE
T,W072,Paper and cardboard wastes,Slovenia,2010,,SVN
T,W072,Paper and cardboard wastes,Slovenia,2012,,SVN
T,W072,Paper and cardboard wastes,Slovenia,2014,,SVN
T,W072,Paper and cardboard wastes,Slovenia,2016,,SVN
T,W072,Paper and cardboard wastes,Slovenia,2018,,SVN
T,W072,Paper and cardboard wastes,Slovenia,2020,,SVN
T,W072,Paper and cardboard wastes,Slovenia,2022,,SVN
T,W072,Paper and cardboard wastes,Slovakia,2010,,SVK
T,W072,Paper and cardboard wastes,Slovakia,2012,,SVK
T,W072,Paper and cardboard wastes,Slovakia,2014,,SVK
T,W072,Paper and cardboard wastes,Slovakia,2016,,SVK
T,W072,Paper and cardboard wastes,Slovakia,2018,,SVK
T,W072,Paper and cardboard wastes,Slovakia,2020,,SVK
T,W072,Paper and cardboard wastes,Slovakia,2022,,SVK
T,W072,Paper and cardboard wastes,Türkiye,2010,,
T,W072,Paper and cardboard wastes,Türkiye,2012,,
T,W072,Paper and cardboard wastes,Türkiye,2014,,
T,W072,Paper and cardboard wastes,Türkiye,2016,,
T,W072,Paper and cardboard wastes,Türkiye,2018,,
T,W072,Paper and cardboard wastes,Türkiye,2020,,
T,W072,Paper and cardboard wastes,Türkiye,2022,,
T,W072,Paper and cardboard wastes,United Kingdom,2010,,GBR
T,W072,Paper and cardboard wastes,United Kingdom,2012,,GBR
T,W072,Paper and cardboard wastes,United Kingdom,2014,,GBR
T,W072,Paper and cardboard wastes,United Kingdom,2016,,GBR
T,W072,Paper and cardboard wastes,United Kingdom,2018,,GBR
T,W072,Paper and cardboard wastes,United Kingdom,2020,,GBR
T,W072,Paper and cardboard wastes,Kosovo*,2010,,
T,W072,Paper and cardboard wastes,Kosovo*,2012,,
T,W072,Paper and cardboard wastes,Kosovo*,2014,,
T,W072,Paper and cardboard wastes,Kosovo*,2016,,
T,W072,Paper and cardboard wastes,Kosovo*,2018,,
T,W072,Paper and cardboard wastes,Kosovo*,2020,,
T,W072,Paper and cardboard wastes,Kosovo*,2022,,
T,W074,Plastic wastes,Albania,2010,,
T,W074,Plastic wastes,Albania,2012,,
T,W074,Plastic wastes,Albania,2014,,
T,W074,Plastic wastes,Albania,2016,,
T,W074,Plastic wastes,Albania,2018,,
T,W074,Plastic wastes,Albania,2020,,
T,W074,Plastic wastes,Albania,2022,,
T,W074,Plastic wastes,Austria,2010,,AUT
T,W074,Plastic wastes,Austria,2012,,AUT
T,W074,Plastic wastes,Austria,2014,,AUT
T,W074,Plastic wastes,Austria,2016,,AUT
T,W074,Plastic wastes,Austria,2018,,AUT
T,W074,Plastic wastes,Austria,2020,,AUT
T,W074,Plastic wastes,Austria,2022,,AUT
T,W074,Plastic wastes,Bosnia and Herzegovina,2010,,
T,W074,Plastic wastes,Bosnia and Herzegovina,2012,,
T,W074,Plastic wastes,Bosnia and Herzegovina,2014,,
T,W074,Plastic wastes,Bosnia and Herzegovina,2016,,
T,W074,Plastic wastes,Bosnia and Herzegovina,2018,,
T,W074,Plastic wastes,Bosnia and Herzegovina,2020,,
T,W074,Plastic wastes,Bosnia and Herzegovina,2022,,
T,W074,Plastic wastes,Belgium,2010,,BEL
T,W074,Plastic wastes,Belgium,2012,,BEL
T,W074,Plastic wastes,Belgium,2014,,BEL
T,W074,Plastic wastes,Belgium,2016,,BEL
T,W074,Plastic wastes,Belgium,2018,,BEL
T,W074,Plastic wastes,Belgium,2020,,BEL
T,W074,Plastic wastes,Belgium,2022,,BEL
T,W074,Plastic wastes,Bulgaria,2010,,BGR
T,W074,Plastic wastes,Bulgaria,2012,,BGR
T,W074,Plastic wastes,Bulgaria,2014,,BGR
T,W074,Plastic wastes,Bulgaria,2016,,BGR
T,W074,Plastic wastes,Bulgaria,2018,,BGR
T,W074,Plastic wastes,Bulgaria,2020,,BGR
T,W074,Plastic wastes,Bulgaria,2022,,BGR
T,W074,Plastic wastes,Cyprus,2010,,CYP
T,W074,Plastic wastes,Cyprus,2012,,CYP
T,W074,Plastic wastes,Cyprus,2014,,CYP
T,W074,Plastic wastes,Cyprus,2016,,CYP
T,W074,Plastic wastes,Cyprus,2018,,CYP
T,W074,Plastic wastes,Cyprus,2020,,CYP
T,W074,Plastic wastes,Cyprus,2022,,CYP
T,W074,Plastic wastes,Czechia,2010,,CZE
T,W074,Plastic wastes,Czechia,2012,,CZE
T,W074,Plastic wastes,Czechia,2014,,CZE
T,W074,Plastic wastes,Czechia,2016,,CZE
T,W074,Plastic wastes,Czechia,2018,,CZE
T,W074,Plastic wastes,Czechia,2020,,CZE
T,W074,Plastic wastes,Czechia,2022,,CZE
T,W074,Plastic wastes,Germany,2010,,DEU
T,W074,Plastic wastes,Germany,2012,,DEU
T,W074,Plastic wastes,Germany,2014,,DEU
T,W074,Plastic wastes,Germany,2016,,DEU
T,W074,Plastic wastes,Germany,2018,,DEU
T,W074,Plastic wastes,Germany,2020,,DEU
T,W074,Plastic wastes,Germany,2022,,DEU
T,W074,Plastic wastes,Denmark,2010,,DNK
T,W074,Plastic wastes,Denmark,2012,,DNK
T,W074,Plastic wastes,Denmark,2014,,DNK
T,W074,Plastic wastes,Denmark,2016,,DNK
T,W074,Plastic wastes,Denmark,2018,,DNK
T,W074,Plastic wastes,Denmark,2020,,DNK
T,W074,Plastic wastes,Denmark,2022,,DNK
T,W074,Plastic wastes,Estonia,2010,,EST
T,W074,Plastic wastes,Estonia,2012,,EST
T,W074,Plastic wastes,Estonia,2014,,EST
T,W074,Plastic wastes,Estonia,2016,,EST
T,W074,Plastic wastes,Estonia,2018,,EST
T,W074,Plastic wastes,Estonia,2020,,EST
T,W074,Plastic wastes,Estonia,2022,,EST
T,W074,Plastic wastes,Greece,2010,,GRC
T,W074,Plastic wastes,Greece,2012,,GRC
T,W074,Plastic wastes,Greece,2014,,GRC
T,W074,Plastic wastes,Greece,2016,,GRC
T,W074,Plastic wastes,Greece,2018,,GRC
T,W074,Plastic wastes,Greece,2020,,GRC
T,W074,Plastic wastes,Greece,2022,,GRC
T,W074,Plastic wastes,Spain,2010,,ESP
T,W074,Plastic wastes,Spain,2012,,ESP
T,W074,Plastic wastes,Spain,2014,,ESP
T,W074,Plastic wastes,Spain,2016,,ESP
T,W074,Plastic wastes,Spain,2018,,ESP
T,W074,Plastic wastes,Spain,2020,,ESP
T,W074,Plastic wastes,Spain,2022,,ESP
T,W074,Plastic wastes,European Union - 27 countries (from 2020),2010,,EU27_2020
T,W074,Plastic wastes,European Union - 27 countries (from 2020),2012,,EU27_2020
T,W074,Plastic wastes,European Union - 27 countries (from 2020),2014,,EU27_2020
T,W074,Plastic wastes,European Union - 27 countries (from 2020),2016,,EU27_2020
T,W074,Plastic wastes,European Union - 27 countries (from 2020),2018,,EU27_2020
T,W074,Plastic wastes,European Union - 27 countries (from 2020),2020,,EU27_2020
T,W074,Plastic wastes,European Union - 27 countries (from 2020),2022,,EU27_2020
T,W074,Plastic wastes,European Union - 28 countries (2013-2020),2010,,
T,W074,Plastic wastes,European Union - 28 countries (2013-2020),2012,,
T,W074,Plastic wastes,European Union - 28 countries (2013-2020),2014,,
T,W074,Plastic wastes,European Union - 28 countries (2013-2020),2016,,
T,W074,Plastic wastes,European Union - 28 countries (2013-2020),2018,,
T,W074,Plastic wastes,Finland,2010,,FIN
T,W074,Plastic wastes,Finland,2012,,FIN
T,W074,Plastic wastes,Finland,2014,,FIN
T,W074,Plastic wastes,Finland,2016,,FIN
T,W074,Plastic wastes,Finland,2018,,FIN
T,W074,Plastic wastes,Finland,2020,,FIN
T,W074,Plastic wastes,Finland,2022,,FIN
T,W074,Plastic wastes,France,2010,,FRA
T,W074,Plastic wastes,France,2012,,FRA
T,W074,Plastic wastes,France,2014,,FRA
T,W074,Plastic wastes,France,2016,,FRA
T,W074,Plastic wastes,France,2018,,FRA
T,W074,Plastic wastes,France,2020,,FRA
T,W074,Plastic wastes,France,2022,,FRA
T,W074,Plastic wastes,Croatia,2010,,HRV
T,W074,Plastic wastes,Croatia,2012,,HRV
T,W074,Plastic wastes,Croatia,2014,,HRV
T,W074,Plastic wastes,Croatia,2016,,HRV
T,W074,Plastic wastes,Croatia,2018,,HRV
T,W074,Plastic wastes,Croatia,2020,,HRV
T,W074,Plastic wastes,Croatia,2022,,HRV
T,W074,Plastic wastes,Hungary,2010,,HUN
T,W074,Plastic wastes,Hungary,2012,,HUN
T,W074,Plastic wastes,Hungary,2014,,HUN
T,W074,Plastic wastes,Hungary,2016,,HUN
T,W074,Plastic wastes,Hungary,2018,,HUN
T,W074,Plastic wastes,Hungary,2020,,HUN
T,W074,Plastic wastes,Hungary,2022,,HUN
T,W074,Plastic wastes,Ireland,2010,,IRL
T,W074,Plastic wastes,Ireland,2012,,IRL
T,W074,Plastic wastes,Ireland,2014,,IRL
T,W074,Plastic wastes,Ireland,2016,,IRL
T,W074,Plastic wastes,Ireland,2018,,IRL
T,W074,Plastic wastes,Ireland,2020,,IRL
T,W074,Plastic wastes,Ireland,2022,,IRL
T,W074,Plastic wastes,Iceland,2010,,ISL
T,W074,Plastic wastes,Iceland,2012,,ISL
T,W074,Plastic wastes,Iceland,2014,,ISL
T,W074,Plastic wastes,Iceland,2016,,ISL
T,W074,Plastic wastes,Iceland,2018,,ISL
T,W074,Plastic wastes,Iceland,2020,,ISL
T,W074,Plastic wastes,Iceland,2022,,ISL
T,W074,Plastic wastes,Italy,2010,,ITA
T,W074,Plastic wastes,Italy,2012,,ITA
T,W074,Plastic wastes,Italy,2014,,ITA
T,W074,Plastic wastes,Italy,2016,,ITA
T,W074,Plastic wastes,Italy,2018,,ITA
T,W074,Plastic wastes,Italy,2020,,ITA
T,W074,Plastic wastes,Italy,2022,,ITA
T,W074,Plastic wastes,Liechtenstein,2010,,
T,W074,Plastic wastes,Liechtenstein,2012,,
T,W074,Plastic wastes,Liechtenstein,2014,,
T,W074,Plastic wastes,Liechtenstein,2016,,
T,W074,Plastic wastes,Liechtenstein,2018,,
T,W074,Plastic wastes,Liechtenstein,2020,,
T,W074,Plastic wastes,Liechtenstein,2022,,
T,W074,Plastic wastes,Lithuania,2010,,LTU
T,W074,Plastic wastes,Lithuania,2012,,LTU
T,W074,Plastic wastes,Lithuania,2014,,LTU
T,W074,Plastic wastes,Lithuania,2016,,LTU
T,W074,Plastic wastes,Lithuania,2018,,LTU
T,W074,Plastic wastes,Lithuania,2020,,LTU
T,W074,Plastic wastes,Lithuania,2022,,LTU
T,W074,Plastic wastes,Luxembourg,2010,,LUX
T,W074,Plastic wastes,Luxembourg,2012,,LUX
T,W074,Plastic wastes,Luxembourg,2014,,LUX
T,W074,Plastic wastes,Luxembourg,2016,,LUX
T,W074,Plastic wastes,Luxembourg,2018,,LUX
T,W074,Plastic wastes,Luxembourg,2020,,LUX
T,W074,Plastic wastes,Luxembourg,2022,,LUX
T,W074,Plastic wastes,Latvia,2010,,LVA
T,W074,Plastic wastes,Latvia,2012,,LVA
T,W074,Plastic wastes,Latvia,2014,,LVA
T,W074,Plastic wastes,Latvia,2016,,LVA
T,W074,Plastic wastes,Latvia,2018,,LVA
T,W074,Plastic wastes,Latvia,2020,,LVA
T,W074,Plastic wastes,Latvia,2022,,LVA
T,W074,Plastic wastes,Montenegro,2010,,
T,W074,Plastic wastes,Montenegro,2012,,
T,W074,Plastic wastes,Montenegro,2014,,
T,W074,Plastic wastes,Montenegro,2016,,
T,W074,Plastic wastes,Montenegro,2018,,
T,W074,Plastic wastes,Montenegro,2020,,
T,W074,Plastic wastes,Montenegro,2022,,
T,W074,Plastic wastes,North Macedonia,2010,,
T,W074,Plastic wastes,North Macedonia,2012,,
T,W074,Plastic wastes,North Macedonia,2014,,
T,W074,Plastic wastes,North Macedonia,2016,,
T,W074,Plastic wastes,North Macedonia,2018,,
T,W074,Plastic wastes,North Macedonia,2020,,
T,W074,Plastic wastes,North Macedonia,2022,,
T,W074,Plastic wastes,Malta,2010,,MLT
T,W074,Plastic wastes,Malta,2012,,MLT
T,W074,Plastic wastes,Malta,2014,,MLT
T,W074,Plastic wastes,Malta,2016,,MLT
T,W074,Plastic wastes,Malta,2018,,MLT
T,W074,Plastic wastes,Malta,2020,,MLT
T,W074,Plastic wastes,Malta,2022,,MLT
T,W074,Plastic wastes,Netherlands,2010,,NLD
T,W074,Plastic wastes,Netherlands,2012,,NLD
T,W074,Plastic wastes,Netherlands,2014,,NLD
T,W074,Plastic wastes,Netherlands,2016,,NLD
T,W074,Plastic wastes,Netherlands,2018,,NLD
T,W074,Plastic wastes,Netherlands,2020,,NLD
T,W074,Plastic wastes,Netherlands,2022,,NLD
T,W074,Plastic wastes,Norway,2010,,NOR
T,W074,Plastic wastes,Norway,2012,,NOR
T,W074,Plastic wastes,Norway,2014,,NOR
T,W074,Plastic wastes,Norway,2016,,NOR
T,W074,Plastic wastes,Norway,2018,,NOR
T,W074,Plastic wastes,Norway,2020,,NOR
T,W074,Plastic wastes,Norway,2022,,NOR
T,W074,Plastic wastes,Poland,2010,,POL
T,W074,Plastic wastes,Poland,2012,,POL
T,W074,Plastic wastes,Poland,2014,,POL
T,W074,Plastic wastes,Poland,2016,,POL
T,W074,Plastic wastes,Poland,2018,,POL
T,W074,Plastic wastes,Poland,2020,,POL
T,W074,Plastic wastes,Poland,2022,,POL
T,W074,Plastic wastes,Portugal,2010,,PRT
T,W074,Plastic wastes,Portugal,2012,,PRT
T,W074,Plastic wastes,Portugal,2014,,PRT
T,W074,Plastic wastes,Portugal,2016,,PRT
T,W074,Plastic wastes,Portugal,2018,,PRT
T,W074,Plastic wastes,Portugal,2020,,PRT
T,W074,Plastic wastes,Portugal,2022,,PRT
T,W074,Plastic wastes,Romania,2010,,ROU
T,W074,Plastic wastes,Romania,2012,,ROU
T,W074,Plastic wastes,Romania,2014,,ROU
T,W074,Plastic wastes,Romania,2016,,ROU
T,W074,Plastic wastes,Romania,2018,,ROU
T,W074,Plastic wastes,Romania,2020,,ROU
T,W074,Plastic wastes,Romania,2022,,ROU
T,W074,Plastic wastes,Serbia,2010,,
T,W074,Plastic wastes,Serbia,2012,,
T,W074,Plastic wastes,Serbia,2014,,
T,W074,Plastic wastes,Serbia,2016,,
T,W074,Plastic wastes,Serbia,2018,,
T,W074,Plastic wastes,Serbia,2020,,
T,W074,Plastic wastes,Serbia,2022,,
T,W074,Plastic wastes,Sweden,2010,,SWE
T,W074,Plastic wastes,Sweden,2012,,SWE
T,W074,Plastic wastes,Sweden,2014,,SWE
T,W074,Plastic wastes,Sweden,2016,,SWE
T,W074,Plastic wastes,Sweden,2018,,SWE
T,W074,Plastic wastes,Sweden,2020,,SWE
T,W074,Plastic wastes,Sweden,2022,,SWE
T,W074,Plastic wastes,Slovenia,2010,,SVN
T,W074,Plastic wastes,Slovenia,2012,,SVN
T,W074,Plastic wastes,Slovenia,2014,,SVN
T,W074,Plastic wastes,Slovenia,2016,,SVN
T,W074,Plastic wastes,Slovenia,2018,,SVN
T,W074,Plastic wastes,Slovenia,2020,,SVN
T,W074,Plastic wastes,Slovenia,2022,,SVN
T,W074,Plastic wastes,Slovakia,2010,,SVK
T,W074,Plastic wastes,Slovakia,2012,,SVK
T,W074,Plastic wastes,Slovakia,2014,,SVK
T,W074,Plastic wastes,Slovakia,2016,,SVK
T,W074,Plastic wastes,Slovakia,2018,,SVK
T,W074,Plastic wastes,Slovakia,2020,,SVK
T,W074,Plastic wastes,Slovakia,2022,,SVK
T,W074,Plastic wastes,Türkiye,2010,,
T,W074,Plastic wastes,Türkiye,2012,,
T,W074,Plastic wastes,Türkiye,2014,,
T,W074,Plastic wastes,Türkiye,2016,,
T,W074,Plastic wastes,Türkiye,2018,,
T,W074,Plastic wastes,Türkiye,2020,,
T,W074,Plastic wastes,Türkiye,2022,,
T,W074,Plastic wastes,United Kingdom,2010,,GBR
T,W074,Plastic wastes,United Kingdom,2012,,GBR
T,W074,Plastic wastes,United Kingdom,2014,,GBR
T,W074,Plastic wastes,United Kingdom,2016,,GBR
T,W074,Plastic wastes,United Kingdom,2018,,GBR
T,W074,Plastic wastes,United Kingdom,2020,,GBR
T,W074,Plastic wastes,Kosovo*,2010,,
T,W074,Plastic wastes,Kosovo*,2012,,
T,W074,Plastic wastes,Kosovo*,2014,,
T,W074,Plastic wastes,Kosovo*,2016,,
T,W074,Plastic wastes,Kosovo*,2018,,
T,W074,Plastic wastes,Kosovo*,2020,,
T,W074,Plastic wastes,Kosovo*,2022,,
T,W075,Wood wastes,Austria,2004,5.0,AUT
T,W075,Wood wastes,Austria,2006,60.0,AUT
T,W075,Wood wastes,Austria,2008,123.0,AUT
T,W075,Wood wastes,Austria,2010,20.0,AUT
T,W075,Wood wastes,Austria,2012,13.0,AUT
T,W075,Wood wastes,Austria,2014,21.0,AUT
T,W075,Wood wastes,Austria,2016,37.0,AUT
T,W075,Wood wastes,Austria,2018,86.0,AUT
T,W075,Wood wastes,Austria,2020,99.0,AUT
T,W075,Wood wastes,Austria,2022,28.0,AUT
T,W075,Wood wastes,Bosnia and Herzegovina,2018,0.0,
T,W075,Wood wastes,Bosnia and Herzegovina,2020,0.0,
T,W075,Wood wastes,Bosnia and Herzegovina,2022,0.0,
T,W075,Wood wastes,Belgium,2004,215675.0,BEL
T,W075,Wood wastes,Belgium,2006,0.0,BEL
T,W075,Wood wastes,Belgium,2008,0.0,BEL
T,W075,Wood wastes,Belgium,2010,0.0,BEL
T,W075,Wood wastes,Belgium,2012,80677.0,BEL
T,W075,Wood wastes,Belgium,2014,77173.0,BEL
T,W075,Wood wastes,Belgium,2016,87330.0,BEL
T,W075,Wood wastes,Belgium,2018,55034.0,BEL
T,W075,Wood wastes,Belgium,2020,44620.0,BEL
T,W075,Wood wastes,Belgium,2022,17967.0,BEL
T,W075,Wood wastes,Bulgaria,2006,0.0,BGR
T,W075,Wood wastes,Bulgaria,2008,0.0,BGR
T,W075,Wood wastes,Bulgaria,2018,0.0,BGR
T,W075,Wood wastes,Bulgaria,2020,0.0,BGR
T,W075,Wood wastes,Bulgaria,2022,0.0,BGR
T,W075,Wood wastes,Cyprus,2004,0.0,CYP
T,W075,Wood wastes,Cyprus,2006,0.0,CYP
T,W075,Wood wastes,Cyprus,2008,0.0,CYP
T,W075,Wood wastes,Cyprus,2010,0.0,CYP
T,W075,Wood wastes,Cyprus,2012,0.0,CYP
T,W075,Wood wastes,Cyprus,2014,0.0,CYP
T,W075,Wood wastes,Cyprus,2016,0.0,CYP
T,W075,Wood wastes,Cyprus,2018,0.0,CYP
T,W075,Wood wastes,Cyprus,2020,0.0,CYP
T,W075,Wood wastes,Cyprus,2022,0.0,CYP
T,W075,Wood wastes,Czechia,2004,4.0,CZE
T,W075,Wood wastes,Czechia,2006,4.0,CZE
T,W075,Wood wastes,Czechia,2008,1.0,CZE
T,W075,Wood wastes,Czechia,2010,57.0,CZE
T,W075,Wood wastes,Czechia,2012,297.0,CZE
T,W075,Wood wastes,Czechia,2014,7.0,CZE
T,W075,Wood wastes,Czechia,2016,18.0,CZE
T,W075,Wood wastes,Czechia,2018,39.0,CZE
T,W075,Wood wastes,Czechia,2020,36.0,CZE
T,W075,Wood wastes,Czechia,2022,42.0,CZE
T,W075,Wood wastes,Germany,2004,0.0,DEU
T,W075,Wood wastes,Germany,2006,0.0,DEU
T,W075,Wood wastes,Germany,2008,0.0,DEU
T,W075,Wood wastes,Germany,2010,0.0,DEU
T,W075,Wood wastes,Germany,2012,0.0,DEU
T,W075,Wood wastes,Germany,2014,0.0,DEU
T,W075,Wood wastes,Germany,2016,0.0,DEU
T,W075,Wood wastes,Germany,2018,0.0,DEU
T,W075,Wood wastes,Germany,2020,0.0,DEU
T,W075,Wood wastes,Germany,2022,0.0,DEU
T,W075,Wood wastes,Denmark,2004,0.0,DNK
T,W075,Wood wastes,Denmark,2006,0.0,DNK
T,W075,Wood wastes,Denmark,2008,0.0,DNK
T,W075,Wood wastes,Denmark,2010,10627.0,DNK
T,W075,Wood wastes,Denmark,2012,17999.0,DNK
T,W075,Wood wastes,Denmark,2014,38880.0,DNK
T,W075,Wood wastes,Denmark,2016,23947.0,DNK
T,W075,Wood wastes,Denmark,2018,79688.0,DNK
T,W075,Wood wastes,Denmark,2020,40281.0,DNK
T,W075,Wood wastes,Denmark,2022,47492.0,DNK
T,W075,Wood wastes,Estonia,2004,0.0,EST
T,W075,Wood wastes,Estonia,2006,0.0,EST
T,W075,Wood wastes,Estonia,2008,0.0,EST
T,W075,Wood wastes,Estonia,2010,0.0,EST
T,W075,Wood wastes,Estonia,2012,0.0,EST
T,W075,Wood wastes,Estonia,2014,0.0,EST
T,W075,Wood wastes,Estonia,2016,0.0,EST
T,W075,Wood wastes,Estonia,2018,0.0,EST
T,W075,Wood wastes,Estonia,2020,0.0,EST
T,W075,Wood wastes,Estonia,2022,0.0,EST
T,W075,Wood wastes,Greece,2006,0.0,GRC
T,W075,Wood wastes,Greece,2008,0.0,GRC
T,W075,Wood wastes,Greece,2010,0.0,GRC
T,W075,Wood wastes,Greece,2016,0.0,GRC
T,W075,Wood wastes,Greece,2018,0.0,GRC
T,W075,Wood wastes,Greece,2020,0.0,GRC
T,W075,Wood wastes,Greece,2022,0.0,GRC
T,W075,Wood wastes,Spain,2004,0.0,ESP
T,W075,Wood wastes,Spain,2006,0.0,ESP
T,W075,Wood wastes,Spain,2008,404.0,ESP
T,W075,Wood wastes,Spain,2010,508.0,ESP
T,W075,Wood wastes,Spain,2012,0.0,ESP
T,W075,Wood wastes,Spain,2014,0.0,ESP
T,W075,Wood wastes,Spain,2016,0.0,ESP
T,W075,Wood wastes,Spain,2018,0.0,ESP
T,W075,Wood wastes,Spain,2020,0.0,ESP
T,W075,Wood wastes,Spain,2022,0.0,ESP
T,W075,Wood wastes,European Union - 27 countries (from 2020),2006,60000.0,EU27_2020
T,W075,Wood wastes,European Union - 27 countries (from 2020),2008,70000.0,EU27_2020
T,W075,Wood wastes,European Union - 27 countries (from 2020),2018,230000.0,EU27_2020
T,W075,Wood wastes,European Union - 27 countries (from 2020),2020,210000.0,EU27_2020
T,W075,Wood wastes,European Union - 27 countries (from 2020),2022,110000.0,EU27_2020
T,W075,Wood wastes,European Union - 28 countries (2013-2020),2004,220000.0,
T,W075,Wood wastes,European Union - 28 countries (2013-2020),2006,60000.0,
T,W075,Wood wastes,European Union - 28 countries (2013-2020),2008,70000.0,
T,W075,Wood wastes,European Union - 28 countries (2013-2020),2018,230000.0,
T,W075,Wood wastes,Finland,2004,0.0,FIN
T,W075,Wood wastes,Finland,2006,1360.0,FIN
T,W075,Wood wastes,Finland,2008,2000.0,FIN
T,W075,Wood wastes,Finland,2010,0.0,FIN
T,W075,Wood wastes,Finland,2012,4470.0,FIN
T,W075,Wood wastes,Finland,2014,0.0,FIN
T,W075,Wood wastes,Finland,2016,0.0,FIN
T,W075,Wood wastes,Finland,2018,5037.0,FIN
T,W075,Wood wastes,Finland,2020,4569.0,FIN
T,W075,Wood wastes,Finland,2022,750.0,FIN
T,W075,Wood wastes,France,2004,0.0,FRA
T,W075,Wood wastes,France,2006,0.0,FRA
T,W075,Wood wastes,France,2008,0.0,FRA
T,W075,Wood wastes,France,2010,0.0,FRA
T,W075,Wood wastes,France,2012,0.0,FRA
T,W075,Wood wastes,France,2014,0.0,FRA
T,W075,Wood wastes,France,2016,0.0,FRA
T,W075,Wood wastes,France,2018,0.0,FRA
T,W075,Wood wastes,France,2020,0.0,FRA
T,W075,Wood wastes,France,2022,0.0,FRA
T,W075,Wood wastes,Croatia,2006,32833.0,HRV
T,W075,Wood wastes,Croatia,2008,0.0,HRV
T,W075,Wood wastes,Croatia,2012,0.0,HRV
T,W075,Wood wastes,Croatia,2014,0.0,HRV
T,W075,Wood wastes,Croatia,2016,1180.0,HRV
T,W075,Wood wastes,Croatia,2018,21.0,HRV
T,W075,Wood wastes,Croatia,2020,2.0,HRV
T,W075,Wood wastes,Croatia,2022,10.0,HRV
T,W075,Wood wastes,Hungary,2004,0.0,HUN
T,W075,Wood wastes,Hungary,2006,0.0,HUN
T,W075,Wood wastes,Hungary,2008,0.0,HUN
T,W075,Wood wastes,Hungary,2010,0.0,HUN
T,W075,Wood wastes,Hungary,2012,0.0,HUN
T,W075,Wood wastes,Hungary,2014,0.0,HUN
T,W075,Wood wastes,Hungary,2016,1.0,HUN
T,W075,Wood wastes,Hungary,2018,1.0,HUN
T,W075,Wood wastes,Hungary,2020,0.0,HUN
T,W075,Wood wastes,Hungary,2022,0.0,HUN
T,W075,Wood wastes,Ireland,2004,0.0,IRL
T,W075,Wood wastes,Ireland,2006,0.0,IRL
T,W075,Wood wastes,Ireland,2010,164.0,IRL
T,W075,Wood wastes,Ireland,2012,0.0,IRL
T,W075,Wood wastes,Ireland,2014,0.0,IRL
T,W075,Wood wastes,Ireland,2016,0.0,IRL
T,W075,Wood wastes,Ireland,2018,0.0,IRL
T,W075,Wood wastes,Ireland,2020,0.0,IRL
T,W075,Wood wastes,Ireland,2022,0.0,IRL
T,W075,Wood wastes,Iceland,2004,0.0,ISL
T,W075,Wood wastes,Iceland,2010,0.0,ISL
T,W075,Wood wastes,Iceland,2012,0.0,ISL
T,W075,Wood wastes,Iceland,2014,22.0,ISL
T,W075,Wood wastes,Iceland,2016,2.0,ISL
T,W075,Wood wastes,Iceland,2018,1.0,ISL
T,W075,Wood wastes,Iceland,2020,21.0,ISL
T,W075,Wood wastes,Iceland,2022,0.0,ISL
T,W075,Wood wastes,Italy,2004,1959.0,ITA
T,W075,Wood wastes,Italy,2006,7480.0,ITA
T,W075,Wood wastes,Italy,2008,13579.0,ITA
T,W075,Wood wastes,Italy,2010,95.0,ITA
T,W075,Wood wastes,Italy,2012,15.0,ITA
T,W075,Wood wastes,Italy,2014,525.0,ITA
T,W075,Wood wastes,Italy,2016,113.0,ITA
T,W075,Wood wastes,Italy,2018,59.0,ITA
T,W075,Wood wastes,Italy,2020,39.0,ITA
T,W075,Wood wastes,Italy,2022,17.0,ITA
T,W075,Wood wastes,Liechtenstein,2008,0.0,
T,W075,Wood wastes,Liechtenstein,2010,0.0,
T,W075,Wood wastes,Liechtenstein,2012,0.0,
T,W075,Wood wastes,Liechtenstein,2014,0.0,
T,W075,Wood wastes,Liechtenstein,2016,0.0,
T,W075,Wood wastes,Liechtenstein,2018,0.0,
T,W075,Wood wastes,Liechtenstein,2020,0.0,
T,W075,Wood wastes,Liechtenstein,2022,0.0,
T,W075,Wood wastes,Lithuania,2004,0.0,LTU
T,W075,Wood wastes,Lithuania,2006,0.0,LTU
T,W075,Wood wastes,Lithuania,2008,0.0,LTU
T,W075,Wood wastes,Lithuania,2010,0.0,LTU
T,W075,Wood wastes,Lithuania,2012,0.0,LTU
T,W075,Wood wastes,Lithuania,2014,2.0,LTU
T,W075,Wood wastes,Lithuania,2016,6.0,LTU
T,W075,Wood wastes,Lithuania,2018,2.0,LTU
T,W075,Wood wastes,Lithuania,2020,8.0,LTU
T,W075,Wood wastes,Lithuania,2022,0.0,LTU
T,W075,Wood wastes,Luxembourg,2004,302.0,LUX
T,W075,Wood wastes,Luxembourg,2006,194.0,LUX
T,W075,Wood wastes,Luxembourg,2008,3746.0,LUX
T,W075,Wood wastes,Luxembourg,2010,3051.0,LUX
T,W075,Wood wastes,Luxembourg,2012,2702.0,LUX
T,W075,Wood wastes,Luxembourg,2014,2239.0,LUX
T,W075,Wood wastes,Luxembourg,2016,2601.0,LUX
T,W075,Wood wastes,Luxembourg,2018,3443.0,LUX
T,W075,Wood wastes,Luxembourg,2020,2944.0,LUX
T,W075,Wood wastes,Luxembourg,2022,2224.0,LUX
T,W075,Wood wastes,Latvia,2004,0.0,LVA
T,W075,Wood wastes,Latvia,2010,0.0,LVA
T,W075,Wood wastes,Latvia,2012,45.0,LVA
T,W075,Wood wastes,Latvia,2014,5.0,LVA
T,W075,Wood wastes,Latvia,2016,6.0,LVA
T,W075,Wood wastes,Latvia,2018,0.0,LVA
T,W075,Wood wastes,Latvia,2020,0.0,LVA
T,W075,Wood wastes,Latvia,2022,0.0,LVA
T,W075,Wood wastes,Montenegro,2012,6.0,
T,W075,Wood wastes,Montenegro,2014,0.0,
T,W075,Wood wastes,Montenegro,2016,0.0,
T,W075,Wood wastes,Montenegro,2018,0.0,
T,W075,Wood wastes,Montenegro,2020,0.0,
T,W075,Wood wastes,Montenegro,2022,0.0,
T,W075,Wood wastes,North Macedonia,2012,0.0,
T,W075,Wood wastes,North Macedonia,2014,0.0,
T,W075,Wood wastes,North Macedonia,2016,0.0,
T,W075,Wood wastes,North Macedonia,2018,0.0,
T,W075,Wood wastes,North Macedonia,2020,0.0,
T,W075,Wood wastes,North Macedonia,2022,0.0,
T,W075,Wood wastes,Malta,2004,0.0,MLT
T,W075,Wood wastes,Malta,2006,0.0,MLT
T,W075,Wood wastes,Malta,2008,0.0,MLT
T,W075,Wood wastes,Malta,2010,0.0,MLT
T,W075,Wood wastes,Malta,2012,0.0,MLT
T,W075,Wood wastes,Malta,2014,0.0,MLT
T,W075,Wood wastes,Malta,2016,0.0,MLT
T,W075,Wood wastes,Malta,2018,0.0,MLT
T,W075,Wood wastes,Malta,2020,0.0,MLT
T,W075,Wood wastes,Malta,2022,0.0,MLT
T,W075,Wood wastes,Netherlands,2004,64.0,NLD
T,W075,Wood wastes,Netherlands,2006,0.0,NLD
T,W075,Wood wastes,Netherlands,2008,26372.0,NLD
T,W075,Wood wastes,Netherlands,2010,24206.0,NLD
T,W075,Wood wastes,Netherlands,2016,31006.0,NLD
T,W075,Wood wastes,Netherlands,2018,40643.0,NLD
T,W075,Wood wastes,Netherlands,2020,48397.0,NLD
T,W075,Wood wastes,Netherlands,2022,38135.0,NLD
T,W075,Wood wastes,Norway,2004,1025.0,NOR
T,W075,Wood wastes,Norway,2006,3456.0,NOR
T,W075,Wood wastes,Norway,2008,14247.0,NOR
T,W075,Wood wastes,Norway,2010,14424.0,NOR
T,W075,Wood wastes,Norway,2012,0.0,NOR
T,W075,Wood wastes,Norway,2014,22909.0,NOR
T,W075,Wood wastes,Norway,2016,38114.0,NOR
T,W075,Wood wastes,Norway,2018,28807.0,NOR
T,W075,Wood wastes,Norway,2020,50335.0,NOR
T,W075,Wood wastes,Norway,2022,23700.0,NOR
T,W075,Wood wastes,Poland,2008,0.0,POL
T,W075,Wood wastes,Poland,2018,0.0,POL
T,W075,Wood wastes,Poland,2020,0.0,POL
T,W075,Wood wastes,Poland,2022,64.0,POL
T,W075,Wood wastes,Portugal,2006,0.0,PRT
T,W075,Wood wastes,Portugal,2010,0.0,PRT
T,W075,Wood wastes,Portugal,2012,0.0,PRT
T,W075,Wood wastes,Portugal,2014,0.0,PRT
T,W075,Wood wastes,Portugal,2018,0.0,PRT
T,W075,Wood wastes,Portugal,2020,0.0,PRT
T,W075,Wood wastes,Portugal,2022,0.0,PRT
T,W075,Wood wastes,Romania,2004,0.0,ROU
T,W075,Wood wastes,Romania,2006,0.0,ROU
T,W075,Wood wastes,Romania,2008,0.0,ROU
T,W075,Wood wastes,Romania,2010,0.0,ROU
T,W075,Wood wastes,Romania,2012,0.0,ROU
T,W075,Wood wastes,Romania,2014,0.0,ROU
T,W075,Wood wastes,Romania,2016,0.0,ROU
T,W075,Wood wastes,Romania,2018,0.0,ROU
T,W075,Wood wastes,Romania,2020,0.0,ROU
T,W075,Wood wastes,Romania,2022,0.0,ROU
T,W075,Wood wastes,Serbia,2014,0.0,
T,W075,Wood wastes,Serbia,2016,0.0,
T,W075,Wood wastes,Serbia,2018,0.0,
T,W075,Wood wastes,Serbia,2020,0.0,
T,W075,Wood wastes,Serbia,2022,0.0,
T,W075,Wood wastes,Sweden,2004,0.0,SWE
T,W075,Wood wastes,Sweden,2006,14580.0,SWE
T,W075,Wood wastes,Sweden,2008,21380.0,SWE
T,W075,Wood wastes,Sweden,2010,25030.0,SWE
T,W075,Wood wastes,Sweden,2012,37180.0,SWE
T,W075,Wood wastes,Sweden,2014,42300.0,SWE
T,W075,Wood wastes,Sweden,2016,44886.0,SWE
T,W075,Wood wastes,Sweden,2018,48877.0,SWE
T,W075,Wood wastes,Sweden,2020,70166.0,SWE
T,W075,Wood wastes,Sweden,2022,0.0,SWE
T,W075,Wood wastes,Slovenia,2004,0.0,SVN
T,W075,Wood wastes,Slovenia,2006,107.0,SVN
T,W075,Wood wastes,Slovenia,2008,221.0,SVN
T,W075,Wood wastes,Slovenia,2010,0.0,SVN
T,W075,Wood wastes,Slovenia,2012,910.0,SVN
T,W075,Wood wastes,Slovenia,2014,0.0,SVN
T,W075,Wood wastes,Slovenia,2016,0.0,SVN
T,W075,Wood wastes,Slovenia,2018,0.0,SVN
T,W075,Wood wastes,Slovenia,2020,0.0,SVN
T,W075,Wood wastes,Slovenia,2022,0.0,SVN
T,W075,Wood wastes,Slovakia,2006,3.0,SVK
T,W075,Wood wastes,Slovakia,2008,0.0,SVK
T,W075,Wood wastes,Slovakia,2010,3.0,SVK
T,W075,Wood wastes,Slovakia,2012,1.0,SVK
T,W075,Wood wastes,Slovakia,2014,0.0,SVK
T,W075,Wood wastes,Slovakia,2016,73.0,SVK
T,W075,Wood wastes,Slovakia,2018,4.0,SVK
T,W075,Wood wastes,Slovakia,2020,60.0,SVK
T,W075,Wood wastes,Slovakia,2022,0.0,SVK
T,W075,Wood wastes,Türkiye,2014,0.0,
T,W075,Wood wastes,Türkiye,2018,0.0,
T,W075,Wood wastes,Türkiye,2020,0.0,
T,W075,Wood wastes,Türkiye,2022,0.0,
T,W075,Wood wastes,United Kingdom,2006,0.0,GBR
T,W075,Wood wastes,United Kingdom,2008,0.0,GBR
T,W075,Wood wastes,United Kingdom,2010,0.0,GBR
T,W075,Wood wastes,United Kingdom,2012,0.0,GBR
T,W075,Wood wastes,United Kingdom,2014,0.0,GBR
T,W075,Wood wastes,United Kingdom,2016,0.0,GBR
T,W075,Wood wastes,United Kingdom,2018,0.0,GBR
T,W075,Wood wastes,Kosovo*,2016,0.0,
T,W075,Wood wastes,Kosovo*,2020,0.0,
T,W075,Wood wastes,Kosovo*,2022,0.0,
T,W10,"Mixed ordinary wastes (subtotal, W101+W102+W103)",Austria,2004,240.0,AUT
T,W10,"Mixed ordinary wastes (subtotal, W101+W102+W103)",Austria,2006,157.0,AUT
T,W10,"Mixed ordinary wastes (subtotal, W101+W102+W103)",Austria,2008,15585.0,AUT
T,W10,"Mixed ordinary wastes (subtotal, W101+W102+W103)",Belgium,2004,431.0,BEL
T,W10,"Mixed ordinary wastes (subtotal, W101+W102+W103)",Belgium,2006,832.0,BEL
T,W10,"Mixed ordinary wastes (subtotal, W101+W102+W103)",Belgium,2008,1200.0,BEL
T,W10,"Mixed ordinary wastes (subtotal, W101+W102+W103)",Bulgaria,2006,0.0,BGR
T,W10,"Mixed ordinary wastes (subtotal, W101+W102+W103)",Bulgaria,2008,0.0,BGR
T,W10,"Mixed ordinary wastes (subtotal, W101+W102+W103)",Cyprus,2004,0.0,CYP
T,W10,"Mixed ordinary wastes (subtotal, W101+W102+W103)",Cyprus,2006,0.0,CYP
T,W10,"Mixed ordinary wastes (subtotal, W101+W102+W103)",Cyprus,2008,0.0,CYP
T,W10,"Mixed ordinary wastes (subtotal, W101+W102+W103)",Czechia,2004,129.0,CZE
T,W10,"Mixed ordinary wastes (subtotal, W101+W102+W103)",Czechia,2006,15.0,CZE
T,W10,"Mixed ordinary wastes (subtotal, W101+W102+W103)",Czechia,2008,691.0,CZE
T,W10,"Mixed ordinary wastes (subtotal, W101+W102+W103)",Germany,2004,0.0,DEU
T,W10,"Mixed ordinary wastes (subtotal, W101+W102+W103)",Germany,2006,0.0,DEU
T,W10,"Mixed ordinary wastes (subtotal, W101+W102+W103)",Germany,2008,0.0,DEU
T,W10,"Mixed ordinary wastes (subtotal, W101+W102+W103)",Denmark,2004,253.0,DNK
T,W10,"Mixed ordinary wastes (subtotal, W101+W102+W103)",Denmark,2006,35.0,DNK
T,W10,"Mixed ordinary wastes (subtotal, W101+W102+W103)",Denmark,2008,396.0,DNK
T,W10,"Mixed ordinary wastes (subtotal, W101+W102+W103)",Estonia,2004,0.0,EST
T,W10,"Mixed ordinary wastes (subtotal, W101+W102+W103)",Estonia,2006,0.0,EST
T,W10,"Mixed ordinary wastes (subtotal, W101+W102+W103)",Estonia,2008,0.0,EST
T,W10,"Mixed ordinary wastes (subtotal, W101+W102+W103)",Greece,2006,0.0,GRC
T,W10,"Mixed ordinary wastes (subtotal, W101+W102+W103)",Greece,2008,0.0,GRC
T,W10,"Mixed ordinary wastes (subtotal, W101+W102+W103)",Spain,2004,0.0,ESP
T,W10,"Mixed ordinary wastes (subtotal, W101+W102+W103)",Spain,2006,0.0,ESP
T,W10,"Mixed ordinary wastes (subtotal, W101+W102+W103)",Spain,2008,0.0,ESP
T,W10,"Mixed ordinary wastes (subtotal, W101+W102+W103)",European Union - 27 countries (from 2020),2004,20000.0,EU27_2020
T,W10,"Mixed ordinary wastes (subtotal, W101+W102+W103)",European Union - 27 countries (from 2020),2006,20000.0,EU27_2020
T,W10,"Mixed ordinary wastes (subtotal, W101+W102+W103)",European Union - 27 countries (from 2020),2008,20000.0,EU27_2020
T,W10,"Mixed ordinary wastes (subtotal, W101+W102+W103)",European Union - 28 countries (2013-2020),2004,20000.0,
T,W10,"Mixed ordinary wastes (subtotal, W101+W102+W103)",European Union - 28 countries (2013-2020),2006,20000.0,
T,W10,"Mixed ordinary wastes (subtotal, W101+W102+W103)",European Union - 28 countries (2013-2020),2008,20000.0,
T,W10,"Mixed ordinary wastes (subtotal, W101+W102+W103)",Finland,2004,0.0,FIN
T,W10,"Mixed ordinary wastes (subtotal, W101+W102+W103)",Finland,2006,0.0,FIN
T,W10,"Mixed ordinary wastes (subtotal, W101+W102+W103)",Finland,2008,0.0,FIN
T,W10,"Mixed ordinary wastes (subtotal, W101+W102+W103)",France,2004,21000.0,FRA
T,W10,"Mixed ordinary wastes (subtotal, W101+W102+W103)",France,2006,20100.0,FRA
T,W10,"Mixed ordinary wastes (subtotal, W101+W102+W103)",France,2008,0.0,FRA
T,W10,"Mixed ordinary wastes (subtotal, W101+W102+W103)",Croatia,2004,0.0,HRV
T,W10,"Mixed ordinary wastes (subtotal, W101+W102+W103)",Croatia,2006,19.0,HRV
T,W10,"Mixed ordinary wastes (subtotal, W101+W102+W103)",Croatia,2008,0.0,HRV
T,W10,"Mixed ordinary wastes (subtotal, W101+W102+W103)",Hungary,2004,0.0,HUN
T,W10,"Mixed ordinary wastes (subtotal, W101+W102+W103)",Hungary,2006,0.0,HUN
T,W10,"Mixed ordinary wastes (subtotal, W101+W102+W103)",Hungary,2008,0.0,HUN
T,W10,"Mixed ordinary wastes (subtotal, W101+W102+W103)",Ireland,2004,0.0,IRL
T,W10,"Mixed ordinary wastes (subtotal, W101+W102+W103)",Ireland,2006,0.0,IRL
T,W10,"Mixed ordinary wastes (subtotal, W101+W102+W103)",Iceland,2004,0.0,ISL
T,W10,"Mixed ordinary wastes (subtotal, W101+W102+W103)",Italy,2004,0.0,ITA
T,W10,"Mixed ordinary wastes (subtotal, W101+W102+W103)",Italy,2006,0.0,ITA
T,W10,"Mixed ordinary wastes (subtotal, W101+W102+W103)",Liechtenstein,2008,0.0,
T,W10,"Mixed ordinary wastes (subtotal, W101+W102+W103)",Lithuania,2004,0.0,LTU
T,W10,"Mixed ordinary wastes (subtotal, W101+W102+W103)",Lithuania,2006,0.0,LTU
T,W10,"Mixed ordinary wastes (subtotal, W101+W102+W103)",Lithuania,2008,0.0,LTU
T,W10,"Mixed ordinary wastes (subtotal, W101+W102+W103)",Luxembourg,2004,0.0,LUX
T,W10,"Mixed ordinary wastes (subtotal, W101+W102+W103)",Luxembourg,2006,0.0,LUX
T,W10,"Mixed ordinary wastes (subtotal, W101+W102+W103)",Luxembourg,2008,0.0,LUX
T,W10,"Mixed ordinary wastes (subtotal, W101+W102+W103)",Latvia,2004,0.0,LVA
T,W10,"Mixed ordinary wastes (subtotal, W101+W102+W103)",Latvia,2006,0.0,LVA
T,W10,"Mixed ordinary wastes (subtotal, W101+W102+W103)",Latvia,2008,60.0,LVA
T,W10,"Mixed ordinary wastes (subtotal, W101+W102+W103)",North Macedonia,2008,0.0,
T,W10,"Mixed ordinary wastes (subtotal, W101+W102+W103)",Malta,2004,0.0,MLT
T,W10,"Mixed ordinary wastes (subtotal, W101+W102+W103)",Malta,2006,0.0,MLT
T,W10,"Mixed ordinary wastes (subtotal, W101+W102+W103)",Malta,2008,0.0,MLT
T,W10,"Mixed ordinary wastes (subtotal, W101+W102+W103)",Netherlands,2004,45.0,NLD
T,W10,"Mixed ordinary wastes (subtotal, W101+W102+W103)",Netherlands,2006,0.0,NLD
T,W10,"Mixed ordinary wastes (subtotal, W101+W102+W103)",Netherlands,2008,0.0,NLD
T,W10,"Mixed ordinary wastes (subtotal, W101+W102+W103)",Norway,2004,2.0,NOR
T,W10,"Mixed ordinary wastes (subtotal, W101+W102+W103)",Norway,2006,2.0,NOR
T,W10,"Mixed ordinary wastes (subtotal, W101+W102+W103)",Norway,2008,15.0,NOR
T,W10,"Mixed ordinary wastes (subtotal, W101+W102+W103)",Poland,2004,0.0,POL
T,W10,"Mixed ordinary wastes (subtotal, W101+W102+W103)",Poland,2006,0.0,POL
T,W10,"Mixed ordinary wastes (subtotal, W101+W102+W103)",Poland,2008,0.0,POL
T,W10,"Mixed ordinary wastes (subtotal, W101+W102+W103)",Portugal,2004,0.0,PRT
T,W10,"Mixed ordinary wastes (subtotal, W101+W102+W103)",Portugal,2006,0.0,PRT
T,W10,"Mixed ordinary wastes (subtotal, W101+W102+W103)",Romania,2004,0.0,ROU
T,W10,"Mixed ordinary wastes (subtotal, W101+W102+W103)",Romania,2006,0.0,ROU
T,W10,"Mixed ordinary wastes (subtotal, W101+W102+W103)",Romania,2008,0.0,ROU
T,W10,"Mixed ordinary wastes (subtotal, W101+W102+W103)",Sweden,2004,951.0,SWE
T,W10,"Mixed ordinary wastes (subtotal, W101+W102+W103)",Sweden,2006,2972.0,SWE
T,W10,"Mixed ordinary wastes (subtotal, W101+W102+W103)",Sweden,2008,2674.0,SWE
T,W10,"Mixed ordinary wastes (subtotal, W101+W102+W103)",Slovenia,2004,0.0,SVN
T,W10,"Mixed ordinary wastes (subtotal, W101+W102+W103)",Slovenia,2006,0.0,SVN
T,W10,"Mixed ordinary wastes (subtotal, W101+W102+W103)",Slovenia,2008,0.0,SVN
T,W10,"Mixed ordinary wastes (subtotal, W101+W102+W103)",Slovakia,2004,0.0,SVK
T,W10,"Mixed ordinary wastes (subtotal, W101+W102+W103)",Slovakia,2006,0.0,SVK
T,W10,"Mixed ordinary wastes (subtotal, W101+W102+W103)",Slovakia,2008,0.0,SVK
T,W10,"Mixed ordinary wastes (subtotal, W101+W102+W103)",Türkiye,2004,0.0,
T,W10,"Mixed ordinary wastes (subtotal, W101+W102+W103)",Türkiye,2006,0.0,
T,W10,"Mixed ordinary wastes (subtotal, W101+W102+W103)",Türkiye,2008,0.0,
T,W10,"Mixed ordinary wastes (subtotal, W101+W102+W103)",United Kingdom,2004,0.0,GBR
T,W10,"Mixed ordinary wastes (subtotal, W101+W102+W103)",United Kingdom,2006,0.0,GBR
T,W10,"Mixed ordinary wastes (subtotal, W101+W102+W103)",United Kingdom,2008,0.0,GBR
T,W05,Health care and biological wastes,Austria,2004,0.0,AUT
T,W05,Health care and biological wastes,Austria,2006,0.0,AUT
T,W05,Health care and biological wastes,Austria,2008,0.0,AUT
T,W05,Health care and biological wastes,Austria,2010,11.0,AUT
T,W05,Health care and biological wastes,Austria,2012,10.0,AUT
T,W05,Health care and biological wastes,Austria,2014,14.0,AUT
T,W05,Health care and biological wastes,Austria,2016,9.0,AUT
T,W05,Health care and biological wastes,Austria,2018,10.0,AUT
T,W05,Health care and biological wastes,Austria,2020,11.0,AUT
T,W05,Health care and biological wastes,Austria,2022,327.0,AUT
T,W05,Health care and biological wastes,Bosnia and Herzegovina,2012,0.0,
T,W05,Health care and biological wastes,Bosnia and Herzegovina,2018,0.0,
T,W05,Health care and biological wastes,Bosnia and Herzegovina,2020,0.0,
T,W05,Health care and biological wastes,Bosnia and Herzegovina,2022,0.0,
T,W05,Health care and biological wastes,Belgium,2004,126.0,BEL
T,W05,Health care and biological wastes,Belgium,2006,94.0,BEL
T,W05,Health care and biological wastes,Belgium,2008,154.0,BEL
T,W05,Health care and biological wastes,Belgium,2010,50.0,BEL
T,W05,Health care and biological wastes,Belgium,2012,60.0,BEL
T,W05,Health care and biological wastes,Belgium,2014,69.0,BEL
T,W05,Health care and biological wastes,Belgium,2016,63.0,BEL
T,W05,Health care and biological wastes,Belgium,2018,54.0,BEL
T,W05,Health care and biological wastes,Belgium,2020,67.0,BEL
T,W05,Health care and biological wastes,Belgium,2022,305.0,BEL
T,W05,Health care and biological wastes,Bulgaria,2004,0.0,BGR
T,W05,Health care and biological wastes,Bulgaria,2006,0.0,BGR
T,W05,Health care and biological wastes,Bulgaria,2008,0.0,BGR
T,W05,Health care and biological wastes,Bulgaria,2010,0.0,BGR
T,W05,Health care and biological wastes,Bulgaria,2012,0.0,BGR
T,W05,Health care and biological wastes,Bulgaria,2014,0.0,BGR
T,W05,Health care and biological wastes,Bulgaria,2016,0.0,BGR
T,W05,Health care and biological wastes,Bulgaria,2018,0.0,BGR
T,W05,Health care and biological wastes,Bulgaria,2020,0.0,BGR
T,W05,Health care and biological wastes,Bulgaria,2022,100.0,BGR
T,W05,Health care and biological wastes,Cyprus,2004,0.0,CYP
T,W05,Health care and biological wastes,Cyprus,2006,0.0,CYP
T,W05,Health care and biological wastes,Cyprus,2008,0.0,CYP
T,W05,Health care and biological wastes,Cyprus,2010,0.0,CYP
T,W05,Health care and biological wastes,Cyprus,2012,0.0,CYP
T,W05,Health care and biological wastes,Cyprus,2014,0.0,CYP
T,W05,Health care and biological wastes,Cyprus,2016,0.0,CYP
T,W05,Health care and biological wastes,Cyprus,2018,0.0,CYP
T,W05,Health care and biological wastes,Cyprus,2020,0.0,CYP
T,W05,Health care and biological wastes,Cyprus,2022,0.0,CYP
T,W05,Health care and biological wastes,Czechia,2004,5.0,CZE
T,W05,Health care and biological wastes,Czechia,2006,2.0,CZE
T,W05,Health care and biological wastes,Czechia,2008,0.0,CZE
T,W05,Health care and biological wastes,Czechia,2010,0.0,CZE
T,W05,Health care and biological wastes,Czechia,2012,0.0,CZE
T,W05,Health care and biological wastes,Czechia,2014,0.0,CZE
T,W05,Health care and biological wastes,Czechia,2016,0.0,CZE
T,W05,Health care and biological wastes,Czechia,2018,12.0,CZE
T,W05,Health care and biological wastes,Czechia,2020,112.0,CZE
T,W05,Health care and biological wastes,Czechia,2022,20.0,CZE
T,W05,Health care and biological wastes,Germany,2004,0.0,DEU
T,W05,Health care and biological wastes,Germany,2006,0.0,DEU
T,W05,Health care and biological wastes,Germany,2008,0.0,DEU
T,W05,Health care and biological wastes,Germany,2010,0.0,DEU
T,W05,Health care and biological wastes,Germany,2012,0.0,DEU
T,W05,Health care and biological wastes,Germany,2014,0.0,DEU
T,W05,Health care and biological wastes,Germany,2016,0.0,DEU
T,W05,Health care and biological wastes,Germany,2018,0.0,DEU
T,W05,Health care and biological wastes,Germany,2020,0.0,DEU
T,W05,Health care and biological wastes,Germany,2022,0.0,DEU
T,W05,Health care and biological wastes,Denmark,2004,1.0,DNK
T,W05,Health care and biological wastes,Denmark,2006,1.0,DNK
T,W05,Health care and biological wastes,Denmark,2008,142.0,DNK
T,W05,Health care and biological wastes,Denmark,2010,5.0,DNK
T,W05,Health care and biological wastes,Denmark,2012,32.0,DNK
T,W05,Health care and biological wastes,Denmark,2014,883.0,DNK
T,W05,Health care and biological wastes,Denmark,2016,860.0,DNK
T,W05,Health care and biological wastes,Denmark,2018,881.0,DNK
T,W05,Health care and biological wastes,Denmark,2020,181.0,DNK
T,W05,Health care and biological wastes,Denmark,2022,191.0,DNK
T,W05,Health care and biological wastes,Estonia,2004,1.0,EST
T,W05,Health care and biological wastes,Estonia,2006,0.0,EST
T,W05,Health care and biological wastes,Estonia,2008,1.0,EST
T,W05,Health care and biological wastes,Estonia,2010,2.0,EST
T,W05,Health care and biological wastes,Estonia,2012,0.0,EST
T,W05,Health care and biological wastes,Estonia,2014,2.0,EST
T,W05,Health care and biological wastes,Estonia,2016,2.0,EST
T,W05,Health care and biological wastes,Estonia,2018,4.0,EST
T,W05,Health care and biological wastes,Estonia,2020,1.0,EST
T,W05,Health care and biological wastes,Estonia,2022,1.0,EST
T,W05,Health care and biological wastes,Greece,2004,0.0,GRC
T,W05,Health care and biological wastes,Greece,2006,0.0,GRC
T,W05,Health care and biological wastes,Greece,2008,0.0,GRC
T,W05,Health care and biological wastes,Greece,2010,0.0,GRC
T,W05,Health care and biological wastes,Greece,2016,0.0,GRC
T,W05,Health care and biological wastes,Greece,2018,1.0,GRC
T,W05,Health care and biological wastes,Greece,2020,0.0,GRC
T,W05,Health care and biological wastes,Greece,2022,1.0,GRC
T,W05,Health care and biological wastes,Spain,2004,0.0,ESP
T,W05,Health care and biological wastes,Spain,2006,0.0,ESP
T,W05,Health care and biological wastes,Spain,2008,0.0,ESP
T,W05,Health care and biological wastes,Spain,2010,0.0,ESP
T,W05,Health care and biological wastes,Spain,2012,0.0,ESP
T,W05,Health care and biological wastes,Spain,2014,2763.0,ESP
T,W05,Health care and biological wastes,Spain,2016,0.0,ESP
T,W05,Health care and biological wastes,Spain,2018,0.0,ESP
T,W05,Health care and biological wastes,Spain,2020,0.0,ESP
T,W05,Health care and biological wastes,Spain,2022,0.0,ESP
T,W05,Health care and biological wastes,European Union - 27 countries (from 2020),2004,20000.0,EU27_2020
T,W05,Health care and biological wastes,European Union - 27 countries (from 2020),2006,10000.0,EU27_2020
T,W05,Health care and biological wastes,European Union - 27 countries (from 2020),2008,0.0,EU27_2020
T,W05,Health care and biological wastes,European Union - 27 countries (from 2020),2010,0.0,EU27_2020
T,W05,Health care and biological wastes,European Union - 27 countries (from 2020),2012,0.0,EU27_2020
T,W05,Health care and biological wastes,European Union - 27 countries (from 2020),2014,0.0,EU27_2020
T,W05,Health care and biological wastes,European Union - 27 countries (from 2020),2016,0.0,EU27_2020
T,W05,Health care and biological wastes,European Union - 27 countries (from 2020),2018,0.0,EU27_2020
T,W05,Health care and biological wastes,European Union - 27 countries (from 2020),2020,0.0,EU27_2020
T,W05,Health care and biological wastes,European Union - 27 countries (from 2020),2022,0.0,EU27_2020
T,W05,Health care and biological wastes,European Union - 28 countries (2013-2020),2004,20000.0,
T,W05,Health care and biological wastes,European Union - 28 countries (2013-2020),2006,10000.0,
T,W05,Health care and biological wastes,European Union - 28 countries (2013-2020),2008,30000.0,
T,W05,Health care and biological wastes,European Union - 28 countries (2013-2020),2010,0.0,
T,W05,Health care and biological wastes,European Union - 28 countries (2013-2020),2012,0.0,
T,W05,Health care and biological wastes,European Union - 28 countries (2013-2020),2014,10000.0,
T,W05,Health care and biological wastes,European Union - 28 countries (2013-2020),2016,10000.0,
T,W05,Health care and biological wastes,European Union - 28 countries (2013-2020),2018,10000.0,
T,W05,Health care and biological wastes,Finland,2004,0.0,FIN
T,W05,Health care and biological wastes,Finland,2006,0.0,FIN
T,W05,Health care and biological wastes,Finland,2008,0.0,FIN
T,W05,Health care and biological wastes,Finland,2010,0.0,FIN
T,W05,Health care and biological wastes,Finland,2012,0.0,FIN
T,W05,Health care and biological wastes,Finland,2014,0.0,FIN
T,W05,Health care and biological wastes,Finland,2016,0.0,FIN
T,W05,Health care and biological wastes,Finland,2018,0.0,FIN
T,W05,Health care and biological wastes,Finland,2020,0.0,FIN
T,W05,Health care and biological wastes,Finland,2022,0.0,FIN
T,W05,Health care and biological wastes,France,2004,3000.0,FRA
T,W05,Health care and biological wastes,France,2006,100.0,FRA
T,W05,Health care and biological wastes,France,2008,1300.0,FRA
T,W05,Health care and biological wastes,France,2010,0.0,FRA
T,W05,Health care and biological wastes,France,2012,0.0,FRA
T,W05,Health care and biological wastes,France,2014,0.0,FRA
T,W05,Health care and biological wastes,France,2016,0.0,FRA
T,W05,Health care and biological wastes,France,2018,0.0,FRA
T,W05,Health care and biological wastes,France,2020,0.0,FRA
T,W05,Health care and biological wastes,France,2022,0.0,FRA
T,W05,Health care and biological wastes,Croatia,2004,0.0,HRV
T,W05,Health care and biological wastes,Croatia,2006,5665.0,HRV
T,W05,Health care and biological wastes,Croatia,2008,0.0,HRV
T,W05,Health care and biological wastes,Croatia,2010,0.0,HRV
T,W05,Health care and biological wastes,Croatia,2012,0.0,HRV
T,W05,Health care and biological wastes,Croatia,2014,0.0,HRV
T,W05,Health care and biological wastes,Croatia,2016,0.0,HRV
T,W05,Health care and biological wastes,Croatia,2018,0.0,HRV
T,W05,Health care and biological wastes,Croatia,2020,0.0,HRV
T,W05,Health care and biological wastes,Croatia,2022,0.0,HRV
T,W05,Health care and biological wastes,Hungary,2004,0.0,HUN
T,W05,Health care and biological wastes,Hungary,2006,0.0,HUN
T,W05,Health care and biological wastes,Hungary,2008,0.0,HUN
T,W05,Health care and biological wastes,Hungary,2010,0.0,HUN
T,W05,Health care and biological wastes,Hungary,2012,0.0,HUN
T,W05,Health care and biological wastes,Hungary,2014,0.0,HUN
T,W05,Health care and biological wastes,Hungary,2016,0.0,HUN
T,W05,Health care and biological wastes,Hungary,2018,0.0,HUN
T,W05,Health care and biological wastes,Hungary,2020,11.0,HUN
T,W05,Health care and biological wastes,Hungary,2022,91.0,HUN
T,W05,Health care and biological wastes,Ireland,2004,0.0,IRL
T,W05,Health care and biological wastes,Ireland,2006,0.0,IRL
T,W05,Health care and biological wastes,Ireland,2010,0.0,IRL
T,W05,Health care and biological wastes,Ireland,2012,0.0,IRL
T,W05,Health care and biological wastes,Ireland,2014,0.0,IRL
T,W05,Health care and biological wastes,Ireland,2016,0.0,IRL
T,W05,Health care and biological wastes,Ireland,2018,0.0,IRL
T,W05,Health care and biological wastes,Ireland,2020,0.0,IRL
T,W05,Health care and biological wastes,Ireland,2022,0.0,IRL
T,W05,Health care and biological wastes,Iceland,2004,0.0,ISL
T,W05,Health care and biological wastes,Iceland,2010,0.0,ISL
T,W05,Health care and biological wastes,Iceland,2012,0.0,ISL
T,W05,Health care and biological wastes,Iceland,2014,294.0,ISL
T,W05,Health care and biological wastes,Iceland,2016,348.0,ISL
T,W05,Health care and biological wastes,Iceland,2018,326.0,ISL
T,W05,Health care and biological wastes,Iceland,2020,43.0,ISL
T,W05,Health care and biological wastes,Iceland,2022,0.0,ISL
T,W05,Health care and biological wastes,Italy,2004,0.0,ITA
T,W05,Health care and biological wastes,Italy,2006,0.0,ITA
T,W05,Health care and biological wastes,Italy,2008,0.0,ITA
T,W05,Health care and biological wastes,Italy,2010,0.0,ITA
T,W05,Health care and biological wastes,Italy,2012,0.0,ITA
T,W05,Health care and biological wastes,Italy,2014,0.0,ITA
T,W05,Health care and biological wastes,Italy,2016,0.0,ITA
T,W05,Health care and biological wastes,Italy,2018,0.0,ITA
T,W05,Health care and biological wastes,Italy,2020,0.0,ITA
T,W05,Health care and biological wastes,Italy,2022,0.0,ITA
T,W05,Health care and biological wastes,Liechtenstein,2008,0.0,
T,W05,Health care and biological wastes,Liechtenstein,2010,0.0,
T,W05,Health care and biological wastes,Liechtenstein,2012,0.0,
T,W05,Health care and biological wastes,Liechtenstein,2014,0.0,
T,W05,Health care and biological wastes,Liechtenstein,2016,0.0,
T,W05,Health care and biological wastes,Liechtenstein,2018,0.0,
T,W05,Health care and biological wastes,Liechtenstein,2020,0.0,
T,W05,Health care and biological wastes,Liechtenstein,2022,0.0,
T,W05,Health care and biological wastes,Lithuania,2004,0.0,LTU
T,W05,Health care and biological wastes,Lithuania,2006,0.0,LTU
T,W05,Health care and biological wastes,Lithuania,2008,0.0,LTU
T,W05,Health care and biological wastes,Lithuania,2010,1.0,LTU
T,W05,Health care and biological wastes,Lithuania,2012,0.0,LTU
T,W05,Health care and biological wastes,Lithuania,2014,0.0,LTU
T,W05,Health care and biological wastes,Lithuania,2016,1.0,LTU
T,W05,Health care and biological wastes,Lithuania,2018,0.0,LTU
T,W05,Health care and biological wastes,Lithuania,2020,8.0,LTU
T,W05,Health care and biological wastes,Lithuania,2022,0.0,LTU
T,W05,Health care and biological wastes,Luxembourg,2004,0.0,LUX
T,W05,Health care and biological wastes,Luxembourg,2006,0.0,LUX
T,W05,Health care and biological wastes,Luxembourg,2008,0.0,LUX
T,W05,Health care and biological wastes,Luxembourg,2010,0.0,LUX
T,W05,Health care and biological wastes,Luxembourg,2012,0.0,LUX
T,W05,Health care and biological wastes,Luxembourg,2014,1.0,LUX
T,W05,Health care and biological wastes,Luxembourg,2016,4.0,LUX
T,W05,Health care and biological wastes,Luxembourg,2018,2.0,LUX
T,W05,Health care and biological wastes,Luxembourg,2020,3.0,LUX
T,W05,Health care and biological wastes,Luxembourg,2022,4.0,LUX
T,W05,Health care and biological wastes,Latvia,2004,0.0,LVA
T,W05,Health care and biological wastes,Latvia,2006,9.0,LVA
T,W05,Health care and biological wastes,Latvia,2008,4191.0,LVA
T,W05,Health care and biological wastes,Latvia,2010,371.0,LVA
T,W05,Health care and biological wastes,Latvia,2012,0.0,LVA
T,W05,Health care and biological wastes,Latvia,2014,681.0,LVA
T,W05,Health care and biological wastes,Latvia,2016,1953.0,LVA
T,W05,Health care and biological wastes,Latvia,2018,62.0,LVA
T,W05,Health care and biological wastes,Latvia,2020,0.0,LVA
T,W05,Health care and biological wastes,Latvia,2022,0.0,LVA
T,W05,Health care and biological wastes,Montenegro,2012,0.0,
T,W05,Health care and biological wastes,Montenegro,2014,198.0,
T,W05,Health care and biological wastes,Montenegro,2016,0.0,
T,W05,Health care and biological wastes,Montenegro,2018,196.0,
T,W05,Health care and biological wastes,Montenegro,2020,0.0,
T,W05,Health care and biological wastes,Montenegro,2022,0.0,
T,W05,Health care and biological wastes,North Macedonia,2008,0.0,
T,W05,Health care and biological wastes,North Macedonia,2010,0.0,
T,W05,Health care and biological wastes,North Macedonia,2012,0.0,
T,W05,Health care and biological wastes,North Macedonia,2014,0.0,
T,W05,Health care and biological wastes,North Macedonia,2016,0.0,
T,W05,Health care and biological wastes,North Macedonia,2018,0.0,
T,W05,Health care and biological wastes,North Macedonia,2020,0.0,
T,W05,Health care and biological wastes,North Macedonia,2022,0.0,
T,W05,Health care and biological wastes,Malta,2004,0.0,MLT
T,W05,Health care and biological wastes,Malta,2006,0.0,MLT
T,W05,Health care and biological wastes,Malta,2008,0.0,MLT
T,W05,Health care and biological wastes,Malta,2010,0.0,MLT
T,W05,Health care and biological wastes,Malta,2012,2.0,MLT
T,W05,Health care and biological wastes,Malta,2014,2.0,MLT
T,W05,Health care and biological wastes,Malta,2016,3.0,MLT
T,W05,Health care and biological wastes,Malta,2018,4.0,MLT
T,W05,Health care and biological wastes,Malta,2020,0.0,MLT
T,W05,Health care and biological wastes,Malta,2022,0.0,MLT
T,W05,Health care and biological wastes,Netherlands,2004,60.0,NLD
T,W05,Health care and biological wastes,Netherlands,2006,0.0,NLD
T,W05,Health care and biological wastes,Netherlands,2008,5.0,NLD
T,W05,Health care and biological wastes,Netherlands,2010,0.0,NLD
T,W05,Health care and biological wastes,Netherlands,2016,0.0,NLD
T,W05,Health care and biological wastes,Netherlands,2018,0.0,NLD
T,W05,Health care and biological wastes,Netherlands,2020,0.0,NLD
T,W05,Health care and biological wastes,Netherlands,2022,0.0,NLD
T,W05,Health care and biological wastes,Norway,2004,0.0,NOR
T,W05,Health care and biological wastes,Norway,2006,0.0,NOR
T,W05,Health care and biological wastes,Norway,2008,0.0,NOR
T,W05,Health care and biological wastes,Norway,2010,0.0,NOR
T,W05,Health care and biological wastes,Norway,2012,0.0,NOR
T,W05,Health care and biological wastes,Norway,2014,0.0,NOR
T,W05,Health care and biological wastes,Norway,2016,0.0,NOR
T,W05,Health care and biological wastes,Norway,2018,0.0,NOR
T,W05,Health care and biological wastes,Norway,2020,0.0,NOR
T,W05,Health care and biological wastes,Norway,2022,0.0,NOR
T,W05,Health care and biological wastes,Poland,2004,0.0,POL
T,W05,Health care and biological wastes,Poland,2006,0.0,POL
T,W05,Health care and biological wastes,Poland,2008,0.0,POL
T,W05,Health care and biological wastes,Poland,2010,0.0,POL
T,W05,Health care and biological wastes,Poland,2012,0.0,POL
T,W05,Health care and biological wastes,Poland,2014,0.0,POL
T,W05,Health care and biological wastes,Poland,2016,0.0,POL
T,W05,Health care and biological wastes,Poland,2018,0.0,POL
T,W05,Health care and biological wastes,Poland,2020,0.0,POL
T,W05,Health care and biological wastes,Poland,2022,0.0,POL
T,W05,Health care and biological wastes,Portugal,2004,13089.0,PRT
T,W05,Health care and biological wastes,Portugal,2006,0.0,PRT
T,W05,Health care and biological wastes,Portugal,2008,0.0,PRT
T,W05,Health care and biological wastes,Portugal,2010,0.0,PRT
T,W05,Health care and biological wastes,Portugal,2012,0.0,PRT
T,W05,Health care and biological wastes,Portugal,2014,0.0,PRT
T,W05,Health care and biological wastes,Portugal,2016,0.0,PRT
T,W05,Health care and biological wastes,Portugal,2018,0.0,PRT
T,W05,Health care and biological wastes,Portugal,2020,0.0,PRT
T,W05,Health care and biological wastes,Portugal,2022,0.0,PRT
T,W05,Health care and biological wastes,Romania,2004,0.0,ROU
T,W05,Health care and biological wastes,Romania,2006,0.0,ROU
T,W05,Health care and biological wastes,Romania,2008,0.0,ROU
T,W05,Health care and biological wastes,Romania,2010,0.0,ROU
T,W05,Health care and biological wastes,Romania,2012,0.0,ROU
T,W05,Health care and biological wastes,Romania,2014,0.0,ROU
T,W05,Health care and biological wastes,Romania,2016,0.0,ROU
T,W05,Health care and biological wastes,Romania,2018,0.0,ROU
T,W05,Health care and biological wastes,Romania,2020,0.0,ROU
T,W05,Health care and biological wastes,Romania,2022,0.0,ROU
T,W05,Health care and biological wastes,Serbia,2010,0.0,
T,W05,Health care and biological wastes,Serbia,2014,110.0,
T,W05,Health care and biological wastes,Serbia,2016,0.0,
T,W05,Health care and biological wastes,Serbia,2018,0.0,
T,W05,Health care and biological wastes,Serbia,2020,0.0,
T,W05,Health care and biological wastes,Serbia,2022,0.0,
T,W05,Health care and biological wastes,Sweden,2004,0.0,SWE
T,W05,Health care and biological wastes,Sweden,2006,0.0,SWE
T,W05,Health care and biological wastes,Sweden,2008,0.0,SWE
T,W05,Health care and biological wastes,Sweden,2010,0.0,SWE
T,W05,Health care and biological wastes,Sweden,2012,0.0,SWE
T,W05,Health care and biological wastes,Sweden,2014,0.0,SWE
T,W05,Health care and biological wastes,Sweden,2016,0.0,SWE
T,W05,Health care and biological wastes,Sweden,2018,0.0,SWE
T,W05,Health care and biological wastes,Sweden,2020,0.0,SWE
T,W05,Health care and biological wastes,Sweden,2022,0.0,SWE
T,W05,Health care and biological wastes,Slovenia,2004,419.0,SVN
T,W05,Health care and biological wastes,Slovenia,2006,455.0,SVN
T,W05,Health care and biological wastes,Slovenia,2008,0.0,SVN
T,W05,Health care and biological wastes,Slovenia,2010,0.0,SVN
T,W05,Health care and biological wastes,Slovenia,2012,0.0,SVN
T,W05,Health care and biological wastes,Slovenia,2014,0.0,SVN
T,W05,Health care and biological wastes,Slovenia,2016,0.0,SVN
T,W05,Health care and biological wastes,Slovenia,2018,0.0,SVN
T,W05,Health care and biological wastes,Slovenia,2020,0.0,SVN
T,W05,Health care and biological wastes,Slovenia,2022,0.0,SVN
T,W05,Health care and biological wastes,Slovakia,2004,0.0,SVK
T,W05,Health care and biological wastes,Slovakia,2006,0.0,SVK
T,W05,Health care and biological wastes,Slovakia,2008,0.0,SVK
T,W05,Health care and biological wastes,Slovakia,2010,0.0,SVK
T,W05,Health care and biological wastes,Slovakia,2012,0.0,SVK
T,W05,Health care and biological wastes,Slovakia,2014,0.0,SVK
T,W05,Health care and biological wastes,Slovakia,2016,0.0,SVK
T,W05,Health care and biological wastes,Slovakia,2018,0.0,SVK
T,W05,Health care and biological wastes,Slovakia,2020,0.0,SVK
T,W05,Health care and biological wastes,Slovakia,2022,0.0,SVK
T,W05,Health care and biological wastes,Türkiye,2004,0.0,
T,W05,Health care and biological wastes,Türkiye,2006,0.0,
T,W05,Health care and biological wastes,Türkiye,2008,0.0,
T,W05,Health care and biological wastes,Türkiye,2014,27804.0,
T,W05,Health care and biological wastes,Türkiye,2018,0.0,
T,W05,Health care and biological wastes,Türkiye,2020,0.0,
T,W05,Health care and biological wastes,Türkiye,2022,0.0,
T,W05,Health care and biological wastes,United Kingdom,2004,56.0,GBR
T,W05,Health care and biological wastes,United Kingdom,2006,298.0,GBR
T,W05,Health care and biological wastes,United Kingdom,2008,28280.0,GBR
T,W05,Health care and biological wastes,United Kingdom,2010,1222.0,GBR
T,W05,Health care and biological wastes,United Kingdom,2012,300.0,GBR
T,W05,Health care and biological wastes,United Kingdom,2014,1374.0,GBR
T,W05,Health care and biological wastes,United Kingdom,2016,3049.0,GBR
T,W05,Health care and biological wastes,United Kingdom,2018,5956.0,GBR
T,W05,Health care and biological wastes,Kosovo*,2012,0.0,
T,W05,Health care and biological wastes,Kosovo*,2014,0.0,
T,W05,Health care and biological wastes,Kosovo*,2016,0.0,
T,W05,Health care and biological wastes,Kosovo*,2018,0.0,
T,W05,Health care and biological wastes,Kosovo*,2020,0.0,
T,W05,Health care and biological wastes,Kosovo*,2022,0.0,
T,W061,"Metal wastes, ferrous",Austria,2010,93747.0,AUT
T,W061,"Metal wastes, ferrous",Austria,2012,113233.0,AUT
T,W061,"Metal wastes, ferrous",Austria,2014,113129.0,AUT
T,W061,"Metal wastes, ferrous",Austria,2016,121269.0,AUT
T,W061,"Metal wastes, ferrous",Austria,2018,122642.0,AUT
T,W061,"Metal wastes, ferrous",Austria,2020,139177.0,AUT
T,W061,"Metal wastes, ferrous",Austria,2022,111740.0,AUT
T,W061,"Metal wastes, ferrous",Bosnia and Herzegovina,2012,0.0,
T,W061,"Metal wastes, ferrous",Bosnia and Herzegovina,2018,0.0,
T,W061,"Metal wastes, ferrous",Bosnia and Herzegovina,2020,0.0,
T,W061,"Metal wastes, ferrous",Bosnia and Herzegovina,2022,0.0,
T,W061,"Metal wastes, ferrous",Belgium,2010,0.0,BEL
T,W061,"Metal wastes, ferrous",Belgium,2012,0.0,BEL
T,W061,"Metal wastes, ferrous",Belgium,2014,0.0,BEL
T,W061,"Metal wastes, ferrous",Belgium,2016,0.0,BEL
T,W061,"Metal wastes, ferrous",Belgium,2018,0.0,BEL
T,W061,"Metal wastes, ferrous",Belgium,2020,14821.0,BEL
T,W061,"Metal wastes, ferrous",Belgium,2022,10469.0,BEL
T,W061,"Metal wastes, ferrous",Bulgaria,2010,0.0,BGR
T,W061,"Metal wastes, ferrous",Bulgaria,2012,0.0,BGR
T,W061,"Metal wastes, ferrous",Bulgaria,2014,0.0,BGR
T,W061,"Metal wastes, ferrous",Bulgaria,2016,0.0,BGR
T,W061,"Metal wastes, ferrous",Bulgaria,2018,7.0,BGR
T,W061,"Metal wastes, ferrous",Bulgaria,2020,0.0,BGR
T,W061,"Metal wastes, ferrous",Bulgaria,2022,0.0,BGR
T,W061,"Metal wastes, ferrous",Cyprus,2010,2058.0,CYP
T,W061,"Metal wastes, ferrous",Cyprus,2012,0.0,CYP
T,W061,"Metal wastes, ferrous",Cyprus,2014,0.0,CYP
T,W061,"Metal wastes, ferrous",Cyprus,2016,0.0,CYP
T,W061,"Metal wastes, ferrous",Cyprus,2018,0.0,CYP
T,W061,"Metal wastes, ferrous",Cyprus,2020,0.0,CYP
T,W061,"Metal wastes, ferrous",Cyprus,2022,0.0,CYP
T,W061,"Metal wastes, ferrous",Czechia,2010,0.0,CZE
T,W061,"Metal wastes, ferrous",Czechia,2012,0.0,CZE
T,W061,"Metal wastes, ferrous",Czechia,2014,0.0,CZE
T,W061,"Metal wastes, ferrous",Czechia,2016,0.0,CZE
T,W061,"Metal wastes, ferrous",Czechia,2018,456836.0,CZE
T,W061,"Metal wastes, ferrous",Czechia,2020,376349.0,CZE
T,W061,"Metal wastes, ferrous",Czechia,2022,12443.0,CZE
T,W061,"Metal wastes, ferrous",Germany,2010,0.0,DEU
T,W061,"Metal wastes, ferrous",Germany,2012,0.0,DEU
T,W061,"Metal wastes, ferrous",Germany,2014,0.0,DEU
T,W061,"Metal wastes, ferrous",Germany,2016,0.0,DEU
T,W061,"Metal wastes, ferrous",Germany,2018,0.0,DEU
T,W061,"Metal wastes, ferrous",Germany,2020,0.0,DEU
T,W061,"Metal wastes, ferrous",Germany,2022,0.0,DEU
T,W061,"Metal wastes, ferrous",Denmark,2010,41411.0,DNK
T,W061,"Metal wastes, ferrous",Denmark,2012,7659.0,DNK
T,W061,"Metal wastes, ferrous",Denmark,2014,6188.0,DNK
T,W061,"Metal wastes, ferrous",Denmark,2016,5916.0,DNK
T,W061,"Metal wastes, ferrous",Denmark,2018,3756.0,DNK
T,W061,"Metal wastes, ferrous",Denmark,2020,5705.0,DNK
T,W061,"Metal wastes, ferrous",Denmark,2022,4648.0,DNK
T,W061,"Metal wastes, ferrous",Estonia,2010,143623.0,EST
T,W061,"Metal wastes, ferrous",Estonia,2012,157832.0,EST
T,W061,"Metal wastes, ferrous",Estonia,2014,142347.0,EST
T,W061,"Metal wastes, ferrous",Estonia,2016,96526.0,EST
T,W061,"Metal wastes, ferrous",Estonia,2018,116547.0,EST
T,W061,"Metal wastes, ferrous",Estonia,2020,119590.0,EST
T,W061,"Metal wastes, ferrous",Estonia,2022,114908.0,EST
T,W061,"Metal wastes, ferrous",Greece,2010,0.0,GRC
T,W061,"Metal wastes, ferrous",Greece,2016,0.0,GRC
T,W061,"Metal wastes, ferrous",Greece,2018,7648.0,GRC
T,W061,"Metal wastes, ferrous",Greece,2020,500.0,GRC
T,W061,"Metal wastes, ferrous",Greece,2022,198.0,GRC
T,W061,"Metal wastes, ferrous",Spain,2010,0.0,ESP
T,W061,"Metal wastes, ferrous",Spain,2012,0.0,ESP
T,W061,"Metal wastes, ferrous",Spain,2014,0.0,ESP
T,W061,"Metal wastes, ferrous",Spain,2016,0.0,ESP
T,W061,"Metal wastes, ferrous",Spain,2018,0.0,ESP
T,W061,"Metal wastes, ferrous",Spain,2020,0.0,ESP
T,W061,"Metal wastes, ferrous",Spain,2022,0.0,ESP
T,W061,"Metal wastes, ferrous",European Union - 27 countries (from 2020),2010,840000.0,EU27_2020
T,W061,"Metal wastes, ferrous",European Union - 27 countries (from 2020),2016,720000.0,EU27_2020
T,W061,"Metal wastes, ferrous",European Union - 27 countries (from 2020),2018,1410000.0,EU27_2020
T,W061,"Metal wastes, ferrous",European Union - 27 countries (from 2020),2020,1570000.0,EU27_2020
T,W061,"Metal wastes, ferrous",European Union - 27 countries (from 2020),2022,1190000.0,EU27_2020
T,W061,"Metal wastes, ferrous",European Union - 28 countries (2013-2020),2010,860000.0,
T,W061,"Metal wastes, ferrous",European Union - 28 countries (2013-2020),2012,710000.0,
T,W061,"Metal wastes, ferrous",European Union - 28 countries (2013-2020),2014,630000.0,
T,W061,"Metal wastes, ferrous",European Union - 28 countries (2013-2020),2016,740000.0,
T,W061,"Metal wastes, ferrous",European Union - 28 countries (2013-2020),2018,1420000.0,
T,W061,"Metal wastes, ferrous",Finland,2010,0.0,FIN
T,W061,"Metal wastes, ferrous",Finland,2012,0.0,FIN
T,W061,"Metal wastes, ferrous",Finland,2014,0.0,FIN
T,W061,"Metal wastes, ferrous",Finland,2016,0.0,FIN
T,W061,"Metal wastes, ferrous",Finland,2018,0.0,FIN
T,W061,"Metal wastes, ferrous",Finland,2020,0.0,FIN
T,W061,"Metal wastes, ferrous",Finland,2022,0.0,FIN
T,W061,"Metal wastes, ferrous",France,2010,262324.0,FRA
T,W061,"Metal wastes, ferrous",France,2012,255908.0,FRA
T,W061,"Metal wastes, ferrous",France,2014,246363.0,FRA
T,W061,"Metal wastes, ferrous",France,2016,381616.0,FRA
T,W061,"Metal wastes, ferrous",France,2018,424518.0,FRA
T,W061,"Metal wastes, ferrous",France,2020,394792.0,FRA
T,W061,"Metal wastes, ferrous",France,2022,385900.0,FRA
T,W061,"Metal wastes, ferrous",Croatia,2010,0.0,HRV
T,W061,"Metal wastes, ferrous",Croatia,2012,0.0,HRV
T,W061,"Metal wastes, ferrous",Croatia,2014,0.0,HRV
T,W061,"Metal wastes, ferrous",Croatia,2016,0.0,HRV
T,W061,"Metal wastes, ferrous",Croatia,2018,21042.0,HRV
T,W061,"Metal wastes, ferrous",Croatia,2020,1091.0,HRV
T,W061,"Metal wastes, ferrous",Croatia,2022,499.0,HRV
T,W061,"Metal wastes, ferrous",Hungary,2010,0.0,HUN
T,W061,"Metal wastes, ferrous",Hungary,2012,0.0,HUN
T,W061,"Metal wastes, ferrous",Hungary,2014,0.0,HUN
T,W061,"Metal wastes, ferrous",Hungary,2016,0.0,HUN
T,W061,"Metal wastes, ferrous",Hungary,2018,0.0,HUN
T,W061,"Metal wastes, ferrous",Hungary,2020,316159.0,HUN
T,W061,"Metal wastes, ferrous",Hungary,2022,330563.0,HUN
T,W061,"Metal wastes, ferrous",Ireland,2010,1547.0,IRL
T,W061,"Metal wastes, ferrous",Ireland,2012,1472.0,IRL
T,W061,"Metal wastes, ferrous",Ireland,2014,1251.0,IRL
T,W061,"Metal wastes, ferrous",Ireland,2016,1017.0,IRL
T,W061,"Metal wastes, ferrous",Ireland,2018,1260.0,IRL
T,W061,"Metal wastes, ferrous",Ireland,2020,1003.0,IRL
T,W061,"Metal wastes, ferrous",Ireland,2022,831.0,IRL
T,W061,"Metal wastes, ferrous",Iceland,2010,0.0,ISL
T,W061,"Metal wastes, ferrous",Iceland,2012,0.0,ISL
T,W061,"Metal wastes, ferrous",Iceland,2014,21553.0,ISL
T,W061,"Metal wastes, ferrous",Iceland,2016,24418.0,ISL
T,W061,"Metal wastes, ferrous",Iceland,2018,50087.0,ISL
T,W061,"Metal wastes, ferrous",Iceland,2020,67613.0,ISL
T,W061,"Metal wastes, ferrous",Iceland,2022,1744.0,ISL
T,W061,"Metal wastes, ferrous",Italy,2010,0.0,ITA
T,W061,"Metal wastes, ferrous",Italy,2012,0.0,ITA
T,W061,"Metal wastes, ferrous",Italy,2014,0.0,ITA
T,W061,"Metal wastes, ferrous",Italy,2016,0.0,ITA
T,W061,"Metal wastes, ferrous",Italy,2018,0.0,ITA
T,W061,"Metal wastes, ferrous",Italy,2020,1.0,ITA
T,W061,"Metal wastes, ferrous",Italy,2022,0.0,ITA
T,W061,"Metal wastes, ferrous",Liechtenstein,2010,0.0,
T,W061,"Metal wastes, ferrous",Liechtenstein,2012,3223.0,
T,W061,"Metal wastes, ferrous",Liechtenstein,2014,4810.0,
T,W061,"Metal wastes, ferrous",Liechtenstein,2016,5188.0,
T,W061,"Metal wastes, ferrous",Liechtenstein,2018,6674.0,
T,W061,"Metal wastes, ferrous",Liechtenstein,2020,7515.0,
T,W061,"Metal wastes, ferrous",Liechtenstein,2022,8679.0,
T,W061,"Metal wastes, ferrous",Lithuania,2010,286115.0,LTU
T,W061,"Metal wastes, ferrous",Lithuania,2012,142640.0,LTU
T,W061,"Metal wastes, ferrous",Lithuania,2014,101731.0,LTU
T,W061,"Metal wastes, ferrous",Lithuania,2016,105215.0,LTU
T,W061,"Metal wastes, ferrous",Lithuania,2018,211183.0,LTU
T,W061,"Metal wastes, ferrous",Lithuania,2020,187615.0,LTU
T,W061,"Metal wastes, ferrous",Lithuania,2022,181879.0,LTU
T,W061,"Metal wastes, ferrous",Luxembourg,2010,7229.0,LUX
T,W061,"Metal wastes, ferrous",Luxembourg,2012,10194.0,LUX
T,W061,"Metal wastes, ferrous",Luxembourg,2014,150.0,LUX
T,W061,"Metal wastes, ferrous",Luxembourg,2016,9870.0,LUX
T,W061,"Metal wastes, ferrous",Luxembourg,2018,8680.0,LUX
T,W061,"Metal wastes, ferrous",Luxembourg,2020,8016.0,LUX
T,W061,"Metal wastes, ferrous",Luxembourg,2022,10503.0,LUX
T,W061,"Metal wastes, ferrous",Latvia,2010,0.0,LVA
T,W061,"Metal wastes, ferrous",Latvia,2012,0.0,LVA
T,W061,"Metal wastes, ferrous",Latvia,2014,0.0,LVA
T,W061,"Metal wastes, ferrous",Latvia,2016,0.0,LVA
T,W061,"Metal wastes, ferrous",Latvia,2018,29992.0,LVA
T,W061,"Metal wastes, ferrous",Latvia,2020,0.0,LVA
T,W061,"Metal wastes, ferrous",Latvia,2022,18663.0,LVA
T,W061,"Metal wastes, ferrous",Montenegro,2012,0.0,
T,W061,"Metal wastes, ferrous",Montenegro,2014,0.0,
T,W061,"Metal wastes, ferrous",Montenegro,2016,0.0,
T,W061,"Metal wastes, ferrous",Montenegro,2018,0.0,
T,W061,"Metal wastes, ferrous",Montenegro,2020,5.0,
T,W061,"Metal wastes, ferrous",Montenegro,2022,510.0,
T,W061,"Metal wastes, ferrous",North Macedonia,2010,0.0,
T,W061,"Metal wastes, ferrous",North Macedonia,2012,0.0,
T,W061,"Metal wastes, ferrous",North Macedonia,2014,0.0,
T,W061,"Metal wastes, ferrous",North Macedonia,2016,0.0,
T,W061,"Metal wastes, ferrous",North Macedonia,2018,0.0,
T,W061,"Metal wastes, ferrous",North Macedonia,2020,0.0,
T,W061,"Metal wastes, ferrous",North Macedonia,2022,0.0,
T,W061,"Metal wastes, ferrous",Malta,2010,0.0,MLT
T,W061,"Metal wastes, ferrous",Malta,2012,0.0,MLT
T,W061,"Metal wastes, ferrous",Malta,2014,0.0,MLT
T,W061,"Metal wastes, ferrous",Malta,2016,0.0,MLT
T,W061,"Metal wastes, ferrous",Malta,2018,0.0,MLT
T,W061,"Metal wastes, ferrous",Malta,2020,0.0,MLT
T,W061,"Metal wastes, ferrous",Malta,2022,0.0,MLT
T,W061,"Metal wastes, ferrous",Netherlands,2010,163.0,NLD
T,W061,"Metal wastes, ferrous",Netherlands,2016,1488.0,NLD
T,W061,"Metal wastes, ferrous",Netherlands,2018,2277.0,NLD
T,W061,"Metal wastes, ferrous",Netherlands,2020,2074.0,NLD
T,W061,"Metal wastes, ferrous",Netherlands,2022,611.0,NLD
T,W061,"Metal wastes, ferrous",Norway,2010,0.0,NOR
T,W061,"Metal wastes, ferrous",Norway,2012,10560.0,NOR
T,W061,"Metal wastes, ferrous",Norway,2014,11184.0,NOR
T,W061,"Metal wastes, ferrous",Norway,2016,0.0,NOR
T,W061,"Metal wastes, ferrous",Norway,2018,0.0,NOR
T,W061,"Metal wastes, ferrous",Norway,2020,0.0,NOR
T,W061,"Metal wastes, ferrous",Norway,2022,0.0,NOR
T,W061,"Metal wastes, ferrous",Poland,2010,0.0,POL
T,W061,"Metal wastes, ferrous",Poland,2012,0.0,POL
T,W061,"Metal wastes, ferrous",Poland,2014,0.0,POL
T,W061,"Metal wastes, ferrous",Poland,2016,0.0,POL
T,W061,"Metal wastes, ferrous",Poland,2018,0.0,POL
T,W061,"Metal wastes, ferrous",Poland,2020,2273.0,POL
T,W061,"Metal wastes, ferrous",Poland,2022,6106.0,POL
T,W061,"Metal wastes, ferrous",Portugal,2010,0.0,PRT
T,W061,"Metal wastes, ferrous",Portugal,2012,0.0,PRT
T,W061,"Metal wastes, ferrous",Portugal,2014,0.0,PRT
T,W061,"Metal wastes, ferrous",Portugal,2016,0.0,PRT
T,W061,"Metal wastes, ferrous",Portugal,2018,0.0,PRT
T,W061,"Metal wastes, ferrous",Portugal,2020,0.0,PRT
T,W061,"Metal wastes, ferrous",Portugal,2022,0.0,PRT
T,W061,"Metal wastes, ferrous",Romania,2010,0.0,ROU
T,W061,"Metal wastes, ferrous",Romania,2012,0.0,ROU
T,W061,"Metal wastes, ferrous",Romania,2014,0.0,ROU
T,W061,"Metal wastes, ferrous",Romania,2016,0.0,ROU
T,W061,"Metal wastes, ferrous",Romania,2018,20.0,ROU
T,W061,"Metal wastes, ferrous",Romania,2020,0.0,ROU
T,W061,"Metal wastes, ferrous",Romania,2022,255.0,ROU
T,W061,"Metal wastes, ferrous",Serbia,2010,0.0,
T,W061,"Metal wastes, ferrous",Serbia,2014,326.0,
T,W061,"Metal wastes, ferrous",Serbia,2016,0.0,
T,W061,"Metal wastes, ferrous",Serbia,2018,0.0,
T,W061,"Metal wastes, ferrous",Serbia,2020,0.0,
T,W061,"Metal wastes, ferrous",Serbia,2022,0.0,
T,W061,"Metal wastes, ferrous",Sweden,2010,0.0,SWE
T,W061,"Metal wastes, ferrous",Sweden,2012,0.0,SWE
T,W061,"Metal wastes, ferrous",Sweden,2014,0.0,SWE
T,W061,"Metal wastes, ferrous",Sweden,2016,0.0,SWE
T,W061,"Metal wastes, ferrous",Sweden,2018,0.0,SWE
T,W061,"Metal wastes, ferrous",Sweden,2020,0.0,SWE
T,W061,"Metal wastes, ferrous",Sweden,2022,0.0,SWE
T,W061,"Metal wastes, ferrous",Slovenia,2010,200.0,SVN
T,W061,"Metal wastes, ferrous",Slovenia,2012,703.0,SVN
T,W061,"Metal wastes, ferrous",Slovenia,2014,0.0,SVN
T,W061,"Metal wastes, ferrous",Slovenia,2016,21.0,SVN
T,W061,"Metal wastes, ferrous",Slovenia,2018,0.0,SVN
T,W061,"Metal wastes, ferrous",Slovenia,2020,0.0,SVN
T,W061,"Metal wastes, ferrous",Slovenia,2022,0.0,SVN
T,W061,"Metal wastes, ferrous",Slovakia,2010,0.0,SVK
T,W061,"Metal wastes, ferrous",Slovakia,2012,0.0,SVK
T,W061,"Metal wastes, ferrous",Slovakia,2014,0.0,SVK
T,W061,"Metal wastes, ferrous",Slovakia,2016,0.0,SVK
T,W061,"Metal wastes, ferrous",Slovakia,2018,0.0,SVK
T,W061,"Metal wastes, ferrous",Slovakia,2020,0.0,SVK
T,W061,"Metal wastes, ferrous",Slovakia,2022,0.0,SVK
T,W061,"Metal wastes, ferrous",Türkiye,2010,658.0,
T,W061,"Metal wastes, ferrous",Türkiye,2012,149.0,
T,W061,"Metal wastes, ferrous",Türkiye,2014,2177.0,
T,W061,"Metal wastes, ferrous",Türkiye,2018,0.0,
T,W061,"Metal wastes, ferrous",Türkiye,2020,0.0,
T,W061,"Metal wastes, ferrous",Türkiye,2022,0.0,
T,W061,"Metal wastes, ferrous",United Kingdom,2010,17937.0,GBR
T,W061,"Metal wastes, ferrous",United Kingdom,2012,18260.0,GBR
T,W061,"Metal wastes, ferrous",United Kingdom,2014,16151.0,GBR
T,W061,"Metal wastes, ferrous",United Kingdom,2016,16224.0,GBR
T,W061,"Metal wastes, ferrous",United Kingdom,2018,16302.0,GBR
T,W061,"Metal wastes, ferrous",Kosovo*,2012,0.0,
T,W061,"Metal wastes, ferrous",Kosovo*,2014,0.0,
T,W061,"Metal wastes, ferrous",Kosovo*,2016,0.0,
T,W061,"Metal wastes, ferrous",Kosovo*,2018,0.0,
T,W061,"Metal wastes, ferrous",Kosovo*,2020,0.0,
T,W061,"Metal wastes, ferrous",Kosovo*,2022,0.0,
T,W062,"Metal wastes, non-ferrous",Austria,2010,23653.0,AUT
T,W062,"Metal wastes, non-ferrous",Austria,2012,3963.0,AUT
T,W062,"Metal wastes, non-ferrous",Austria,2014,1789.0,AUT
T,W062,"Metal wastes, non-ferrous",Austria,2016,1628.0,AUT
T,W062,"Metal wastes, non-ferrous",Austria,2018,1705.0,AUT
T,W062,"Metal wastes, non-ferrous",Austria,2020,2880.0,AUT
T,W062,"Metal wastes, non-ferrous",Austria,2022,2711.0,AUT
T,W062,"Metal wastes, non-ferrous",Bosnia and Herzegovina,2012,0.0,
T,W062,"Metal wastes, non-ferrous",Bosnia and Herzegovina,2018,0.0,
T,W062,"Metal wastes, non-ferrous",Bosnia and Herzegovina,2020,0.0,
T,W062,"Metal wastes, non-ferrous",Bosnia and Herzegovina,2022,0.0,
T,W062,"Metal wastes, non-ferrous",Belgium,2010,0.0,BEL
T,W062,"Metal wastes, non-ferrous",Belgium,2012,0.0,BEL
T,W062,"Metal wastes, non-ferrous",Belgium,2014,0.0,BEL
T,W062,"Metal wastes, non-ferrous",Belgium,2016,0.0,BEL
T,W062,"Metal wastes, non-ferrous",Belgium,2018,0.0,BEL
T,W062,"Metal wastes, non-ferrous",Belgium,2020,5640.0,BEL
T,W062,"Metal wastes, non-ferrous",Belgium,2022,6573.0,BEL
T,W062,"Metal wastes, non-ferrous",Bulgaria,2010,0.0,BGR
T,W062,"Metal wastes, non-ferrous",Bulgaria,2012,0.0,BGR
T,W062,"Metal wastes, non-ferrous",Bulgaria,2014,0.0,BGR
T,W062,"Metal wastes, non-ferrous",Bulgaria,2016,22784.0,BGR
T,W062,"Metal wastes, non-ferrous",Bulgaria,2018,31.0,BGR
T,W062,"Metal wastes, non-ferrous",Bulgaria,2020,0.0,BGR
T,W062,"Metal wastes, non-ferrous",Bulgaria,2022,0.0,BGR
T,W062,"Metal wastes, non-ferrous",Cyprus,2010,14625.0,CYP
T,W062,"Metal wastes, non-ferrous",Cyprus,2012,0.0,CYP
T,W062,"Metal wastes, non-ferrous",Cyprus,2014,0.0,CYP
T,W062,"Metal wastes, non-ferrous",Cyprus,2016,0.0,CYP
T,W062,"Metal wastes, non-ferrous",Cyprus,2018,0.0,CYP
T,W062,"Metal wastes, non-ferrous",Cyprus,2020,0.0,CYP
T,W062,"Metal wastes, non-ferrous",Cyprus,2022,0.0,CYP
T,W062,"Metal wastes, non-ferrous",Czechia,2010,0.0,CZE
T,W062,"Metal wastes, non-ferrous",Czechia,2012,0.0,CZE
T,W062,"Metal wastes, non-ferrous",Czechia,2014,0.0,CZE
T,W062,"Metal wastes, non-ferrous",Czechia,2016,0.0,CZE
T,W062,"Metal wastes, non-ferrous",Czechia,2018,38612.0,CZE
T,W062,"Metal wastes, non-ferrous",Czechia,2020,31655.0,CZE
T,W062,"Metal wastes, non-ferrous",Czechia,2022,465.0,CZE
T,W062,"Metal wastes, non-ferrous",Germany,2010,0.0,DEU
T,W062,"Metal wastes, non-ferrous",Germany,2012,0.0,DEU
T,W062,"Metal wastes, non-ferrous",Germany,2014,0.0,DEU
T,W062,"Metal wastes, non-ferrous",Germany,2016,0.0,DEU
T,W062,"Metal wastes, non-ferrous",Germany,2018,0.0,DEU
T,W062,"Metal wastes, non-ferrous",Germany,2020,0.0,DEU
T,W062,"Metal wastes, non-ferrous",Germany,2022,0.0,DEU
T,W062,"Metal wastes, non-ferrous",Denmark,2010,4399.0,DNK
T,W062,"Metal wastes, non-ferrous",Denmark,2012,162.0,DNK
T,W062,"Metal wastes, non-ferrous",Denmark,2014,267.0,DNK
T,W062,"Metal wastes, non-ferrous",Denmark,2016,492.0,DNK
T,W062,"Metal wastes, non-ferrous",Denmark,2018,155.0,DNK
T,W062,"Metal wastes, non-ferrous",Denmark,2020,99.0,DNK
T,W062,"Metal wastes, non-ferrous",Denmark,2022,235.0,DNK
T,W062,"Metal wastes, non-ferrous",Estonia,2010,6413.0,EST
T,W062,"Metal wastes, non-ferrous",Estonia,2012,8744.0,EST
T,W062,"Metal wastes, non-ferrous",Estonia,2014,7062.0,EST
T,W062,"Metal wastes, non-ferrous",Estonia,2016,6156.0,EST
T,W062,"Metal wastes, non-ferrous",Estonia,2018,6437.0,EST
T,W062,"Metal wastes, non-ferrous",Estonia,2020,6621.0,EST
T,W062,"Metal wastes, non-ferrous",Estonia,2022,7206.0,EST
T,W062,"Metal wastes, non-ferrous",Greece,2010,0.0,GRC
T,W062,"Metal wastes, non-ferrous",Greece,2016,0.0,GRC
T,W062,"Metal wastes, non-ferrous",Greece,2018,1.0,GRC
T,W062,"Metal wastes, non-ferrous",Greece,2020,15.0,GRC
T,W062,"Metal wastes, non-ferrous",Greece,2022,2.0,GRC
T,W062,"Metal wastes, non-ferrous",Spain,2010,0.0,ESP
T,W062,"Metal wastes, non-ferrous",Spain,2012,0.0,ESP
T,W062,"Metal wastes, non-ferrous",Spain,2014,0.0,ESP
T,W062,"Metal wastes, non-ferrous",Spain,2016,0.0,ESP
T,W062,"Metal wastes, non-ferrous",Spain,2018,0.0,ESP
T,W062,"Metal wastes, non-ferrous",Spain,2020,0.0,ESP
T,W062,"Metal wastes, non-ferrous",Spain,2022,0.0,ESP
T,W062,"Metal wastes, non-ferrous",European Union - 27 countries (from 2020),2010,80000.0,EU27_2020
T,W062,"Metal wastes, non-ferrous",European Union - 27 countries (from 2020),2016,70000.0,EU27_2020
T,W062,"Metal wastes, non-ferrous",European Union - 27 countries (from 2020),2018,170000.0,EU27_2020
T,W062,"Metal wastes, non-ferrous",European Union - 27 countries (from 2020),2020,160000.0,EU27_2020
T,W062,"Metal wastes, non-ferrous",European Union - 27 countries (from 2020),2022,90000.0,EU27_2020
T,W062,"Metal wastes, non-ferrous",European Union - 28 countries (2013-2020),2010,90000.0,
T,W062,"Metal wastes, non-ferrous",European Union - 28 countries (2013-2020),2012,50000.0,
T,W062,"Metal wastes, non-ferrous",European Union - 28 countries (2013-2020),2014,60000.0,
T,W062,"Metal wastes, non-ferrous",European Union - 28 countries (2013-2020),2016,70000.0,
T,W062,"Metal wastes, non-ferrous",European Union - 28 countries (2013-2020),2018,180000.0,
T,W062,"Metal wastes, non-ferrous",Finland,2010,0.0,FIN
T,W062,"Metal wastes, non-ferrous",Finland,2012,0.0,FIN
T,W062,"Metal wastes, non-ferrous",Finland,2014,31486.0,FIN
T,W062,"Metal wastes, non-ferrous",Finland,2016,0.0,FIN
T,W062,"Metal wastes, non-ferrous",Finland,2018,57171.0,FIN
T,W062,"Metal wastes, non-ferrous",Finland,2020,56233.0,FIN
T,W062,"Metal wastes, non-ferrous",Finland,2022,0.0,FIN
T,W062,"Metal wastes, non-ferrous",France,2010,13807.0,FRA
T,W062,"Metal wastes, non-ferrous",France,2012,28434.0,FRA
T,W062,"Metal wastes, non-ferrous",France,2014,9889.0,FRA
T,W062,"Metal wastes, non-ferrous",France,2016,16000.0,FRA
T,W062,"Metal wastes, non-ferrous",France,2018,42925.0,FRA
T,W062,"Metal wastes, non-ferrous",France,2020,14576.0,FRA
T,W062,"Metal wastes, non-ferrous",France,2022,20490.0,FRA
T,W062,"Metal wastes, non-ferrous",Croatia,2010,0.0,HRV
T,W062,"Metal wastes, non-ferrous",Croatia,2012,0.0,HRV
T,W062,"Metal wastes, non-ferrous",Croatia,2014,0.0,HRV
T,W062,"Metal wastes, non-ferrous",Croatia,2016,0.0,HRV
T,W062,"Metal wastes, non-ferrous",Croatia,2018,2023.0,HRV
T,W062,"Metal wastes, non-ferrous",Croatia,2020,86.0,HRV
T,W062,"Metal wastes, non-ferrous",Croatia,2022,357.0,HRV
T,W062,"Metal wastes, non-ferrous",Hungary,2010,0.0,HUN
T,W062,"Metal wastes, non-ferrous",Hungary,2012,0.0,HUN
T,W062,"Metal wastes, non-ferrous",Hungary,2014,0.0,HUN
T,W062,"Metal wastes, non-ferrous",Hungary,2016,0.0,HUN
T,W062,"Metal wastes, non-ferrous",Hungary,2018,0.0,HUN
T,W062,"Metal wastes, non-ferrous",Hungary,2020,26422.0,HUN
T,W062,"Metal wastes, non-ferrous",Hungary,2022,30478.0,HUN
T,W062,"Metal wastes, non-ferrous",Ireland,2010,1693.0,IRL
T,W062,"Metal wastes, non-ferrous",Ireland,2012,1822.0,IRL
T,W062,"Metal wastes, non-ferrous",Ireland,2014,1313.0,IRL
T,W062,"Metal wastes, non-ferrous",Ireland,2016,1092.0,IRL
T,W062,"Metal wastes, non-ferrous",Ireland,2018,1346.0,IRL
T,W062,"Metal wastes, non-ferrous",Ireland,2020,1908.0,IRL
T,W062,"Metal wastes, non-ferrous",Ireland,2022,1622.0,IRL
T,W062,"Metal wastes, non-ferrous",Iceland,2010,769.0,ISL
T,W062,"Metal wastes, non-ferrous",Iceland,2012,743.0,ISL
T,W062,"Metal wastes, non-ferrous",Iceland,2014,1440.0,ISL
T,W062,"Metal wastes, non-ferrous",Iceland,2016,1485.0,ISL
T,W062,"Metal wastes, non-ferrous",Iceland,2018,1783.0,ISL
T,W062,"Metal wastes, non-ferrous",Iceland,2020,4454.0,ISL
T,W062,"Metal wastes, non-ferrous",Iceland,2022,474.0,ISL
T,W062,"Metal wastes, non-ferrous",Italy,2010,0.0,ITA
T,W062,"Metal wastes, non-ferrous",Italy,2012,0.0,ITA
T,W062,"Metal wastes, non-ferrous",Italy,2014,0.0,ITA
T,W062,"Metal wastes, non-ferrous",Italy,2016,0.0,ITA
T,W062,"Metal wastes, non-ferrous",Italy,2018,0.0,ITA
T,W062,"Metal wastes, non-ferrous",Italy,2020,0.0,ITA
T,W062,"Metal wastes, non-ferrous",Italy,2022,0.0,ITA
T,W062,"Metal wastes, non-ferrous",Liechtenstein,2010,0.0,
T,W062,"Metal wastes, non-ferrous",Liechtenstein,2012,3.0,
T,W062,"Metal wastes, non-ferrous",Liechtenstein,2014,47.0,
T,W062,"Metal wastes, non-ferrous",Liechtenstein,2016,120.0,
T,W062,"Metal wastes, non-ferrous",Liechtenstein,2018,180.0,
T,W062,"Metal wastes, non-ferrous",Liechtenstein,2020,144.0,
T,W062,"Metal wastes, non-ferrous",Liechtenstein,2022,148.0,
T,W062,"Metal wastes, non-ferrous",Lithuania,2010,9154.0,LTU
T,W062,"Metal wastes, non-ferrous",Lithuania,2012,5326.0,LTU
T,W062,"Metal wastes, non-ferrous",Lithuania,2014,7026.0,LTU
T,W062,"Metal wastes, non-ferrous",Lithuania,2016,14111.0,LTU
T,W062,"Metal wastes, non-ferrous",Lithuania,2018,15984.0,LTU
T,W062,"Metal wastes, non-ferrous",Lithuania,2020,13846.0,LTU
T,W062,"Metal wastes, non-ferrous",Lithuania,2022,16711.0,LTU
T,W062,"Metal wastes, non-ferrous",Luxembourg,2010,990.0,LUX
T,W062,"Metal wastes, non-ferrous",Luxembourg,2012,455.0,LUX
T,W062,"Metal wastes, non-ferrous",Luxembourg,2014,55.0,LUX
T,W062,"Metal wastes, non-ferrous",Luxembourg,2016,1019.0,LUX
T,W062,"Metal wastes, non-ferrous",Luxembourg,2018,1117.0,LUX
T,W062,"Metal wastes, non-ferrous",Luxembourg,2020,1459.0,LUX
T,W062,"Metal wastes, non-ferrous",Luxembourg,2022,2122.0,LUX
T,W062,"Metal wastes, non-ferrous",Latvia,2010,0.0,LVA
T,W062,"Metal wastes, non-ferrous",Latvia,2012,0.0,LVA
T,W062,"Metal wastes, non-ferrous",Latvia,2014,0.0,LVA
T,W062,"Metal wastes, non-ferrous",Latvia,2016,5303.0,LVA
T,W062,"Metal wastes, non-ferrous",Latvia,2018,2745.0,LVA
T,W062,"Metal wastes, non-ferrous",Latvia,2020,0.0,LVA
T,W062,"Metal wastes, non-ferrous",Latvia,2022,5197.0,LVA
T,W062,"Metal wastes, non-ferrous",Montenegro,2012,0.0,
T,W062,"Metal wastes, non-ferrous",Montenegro,2014,0.0,
T,W062,"Metal wastes, non-ferrous",Montenegro,2016,0.0,
T,W062,"Metal wastes, non-ferrous",Montenegro,2018,0.0,
T,W062,"Metal wastes, non-ferrous",Montenegro,2020,0.0,
T,W062,"Metal wastes, non-ferrous",Montenegro,2022,24.0,
T,W062,"Metal wastes, non-ferrous",North Macedonia,2010,0.0,
T,W062,"Metal wastes, non-ferrous",North Macedonia,2012,0.0,
T,W062,"Metal wastes, non-ferrous",North Macedonia,2014,0.0,
T,W062,"Metal wastes, non-ferrous",North Macedonia,2016,0.0,
T,W062,"Metal wastes, non-ferrous",North Macedonia,2018,0.0,
T,W062,"Metal wastes, non-ferrous",North Macedonia,2020,0.0,
T,W062,"Metal wastes, non-ferrous",North Macedonia,2022,0.0,
T,W062,"Metal wastes, non-ferrous",Malta,2010,0.0,MLT
T,W062,"Metal wastes, non-ferrous",Malta,2012,0.0,MLT
T,W062,"Metal wastes, non-ferrous",Malta,2014,0.0,MLT
T,W062,"Metal wastes, non-ferrous",Malta,2016,33.0,MLT
T,W062,"Metal wastes, non-ferrous",Malta,2018,0.0,MLT
T,W062,"Metal wastes, non-ferrous",Malta,2020,0.0,MLT
T,W062,"Metal wastes, non-ferrous",Malta,2022,0.0,MLT
T,W062,"Metal wastes, non-ferrous",Netherlands,2010,7.0,NLD
T,W062,"Metal wastes, non-ferrous",Netherlands,2016,182.0,NLD
T,W062,"Metal wastes, non-ferrous",Netherlands,2018,248.0,NLD
T,W062,"Metal wastes, non-ferrous",Netherlands,2020,197.0,NLD
T,W062,"Metal wastes, non-ferrous",Netherlands,2022,102.0,NLD
T,W062,"Metal wastes, non-ferrous",Norway,2010,0.0,NOR
T,W062,"Metal wastes, non-ferrous",Norway,2012,646.0,NOR
T,W062,"Metal wastes, non-ferrous",Norway,2014,684.0,NOR
T,W062,"Metal wastes, non-ferrous",Norway,2016,0.0,NOR
T,W062,"Metal wastes, non-ferrous",Norway,2018,0.0,NOR
T,W062,"Metal wastes, non-ferrous",Norway,2020,0.0,NOR
T,W062,"Metal wastes, non-ferrous",Norway,2022,0.0,NOR
T,W062,"Metal wastes, non-ferrous",Poland,2010,0.0,POL
T,W062,"Metal wastes, non-ferrous",Poland,2012,0.0,POL
T,W062,"Metal wastes, non-ferrous",Poland,2014,0.0,POL
T,W062,"Metal wastes, non-ferrous",Poland,2016,0.0,POL
T,W062,"Metal wastes, non-ferrous",Poland,2018,0.0,POL
T,W062,"Metal wastes, non-ferrous",Poland,2020,22.0,POL
T,W062,"Metal wastes, non-ferrous",Poland,2022,481.0,POL
T,W062,"Metal wastes, non-ferrous",Portugal,2010,0.0,PRT
T,W062,"Metal wastes, non-ferrous",Portugal,2012,0.0,PRT
T,W062,"Metal wastes, non-ferrous",Portugal,2014,0.0,PRT
T,W062,"Metal wastes, non-ferrous",Portugal,2016,0.0,PRT
T,W062,"Metal wastes, non-ferrous",Portugal,2018,0.0,PRT
T,W062,"Metal wastes, non-ferrous",Portugal,2020,0.0,PRT
T,W062,"Metal wastes, non-ferrous",Portugal,2022,0.0,PRT
T,W062,"Metal wastes, non-ferrous",Romania,2010,9541.0,ROU
T,W062,"Metal wastes, non-ferrous",Romania,2012,0.0,ROU
T,W062,"Metal wastes, non-ferrous",Romania,2014,0.0,ROU
T,W062,"Metal wastes, non-ferrous",Romania,2016,0.0,ROU
T,W062,"Metal wastes, non-ferrous",Romania,2018,0.0,ROU
T,W062,"Metal wastes, non-ferrous",Romania,2020,0.0,ROU
T,W062,"Metal wastes, non-ferrous",Romania,2022,0.0,ROU
T,W062,"Metal wastes, non-ferrous",Serbia,2010,0.0,
T,W062,"Metal wastes, non-ferrous",Serbia,2014,4.0,
T,W062,"Metal wastes, non-ferrous",Serbia,2016,0.0,
T,W062,"Metal wastes, non-ferrous",Serbia,2018,0.0,
T,W062,"Metal wastes, non-ferrous",Serbia,2020,0.0,
T,W062,"Metal wastes, non-ferrous",Serbia,2022,0.0,
T,W062,"Metal wastes, non-ferrous",Sweden,2010,0.0,SWE
T,W062,"Metal wastes, non-ferrous",Sweden,2012,0.0,SWE
T,W062,"Metal wastes, non-ferrous",Sweden,2014,0.0,SWE
T,W062,"Metal wastes, non-ferrous",Sweden,2016,0.0,SWE
T,W062,"Metal wastes, non-ferrous",Sweden,2018,0.0,SWE
T,W062,"Metal wastes, non-ferrous",Sweden,2020,0.0,SWE
T,W062,"Metal wastes, non-ferrous",Sweden,2022,0.0,SWE
T,W062,"Metal wastes, non-ferrous",Slovenia,2010,6.0,SVN
T,W062,"Metal wastes, non-ferrous",Slovenia,2012,25.0,SVN
T,W062,"Metal wastes, non-ferrous",Slovenia,2014,0.0,SVN
T,W062,"Metal wastes, non-ferrous",Slovenia,2016,32.0,SVN
T,W062,"Metal wastes, non-ferrous",Slovenia,2018,0.0,SVN
T,W062,"Metal wastes, non-ferrous",Slovenia,2020,0.0,SVN
T,W062,"Metal wastes, non-ferrous",Slovenia,2022,0.0,SVN
T,W062,"Metal wastes, non-ferrous",Slovakia,2010,0.0,SVK
T,W062,"Metal wastes, non-ferrous",Slovakia,2012,0.0,SVK
T,W062,"Metal wastes, non-ferrous",Slovakia,2014,0.0,SVK
T,W062,"Metal wastes, non-ferrous",Slovakia,2016,0.0,SVK
T,W062,"Metal wastes, non-ferrous",Slovakia,2018,0.0,SVK
T,W062,"Metal wastes, non-ferrous",Slovakia,2020,0.0,SVK
T,W062,"Metal wastes, non-ferrous",Slovakia,2022,0.0,SVK
T,W062,"Metal wastes, non-ferrous",Türkiye,2010,33.0,
T,W062,"Metal wastes, non-ferrous",Türkiye,2012,5347.0,
T,W062,"Metal wastes, non-ferrous",Türkiye,2014,133.0,
T,W062,"Metal wastes, non-ferrous",Türkiye,2018,0.0,
T,W062,"Metal wastes, non-ferrous",Türkiye,2020,0.0,
T,W062,"Metal wastes, non-ferrous",Türkiye,2022,0.0,
T,W062,"Metal wastes, non-ferrous",United Kingdom,2010,4033.0,GBR
T,W062,"Metal wastes, non-ferrous",United Kingdom,2012,5136.0,GBR
T,W062,"Metal wastes, non-ferrous",United Kingdom,2014,5181.0,GBR
T,W062,"Metal wastes, non-ferrous",United Kingdom,2016,5258.0,GBR
T,W062,"Metal wastes, non-ferrous",United Kingdom,2018,6611.0,GBR
T,W062,"Metal wastes, non-ferrous",Kosovo*,2012,0.0,
T,W062,"Metal wastes, non-ferrous",Kosovo*,2014,0.0,
T,W062,"Metal wastes, non-ferrous",Kosovo*,2016,0.0,
T,W062,"Metal wastes, non-ferrous",Kosovo*,2018,0.0,
T,W062,"Metal wastes, non-ferrous",Kosovo*,2020,0.0,
T,W062,"Metal wastes, non-ferrous",Kosovo*,2022,0.0,
T,W063,"Metal wastes, mixed ferrous and non-ferrous",Austria,2010,0.0,AUT
T,W063,"Metal wastes, mixed ferrous and non-ferrous",Austria,2012,0.0,AUT
T,W063,"Metal wastes, mixed ferrous and non-ferrous",Austria,2014,0.0,AUT
T,W063,"Metal wastes, mixed ferrous and non-ferrous",Austria,2016,0.0,AUT
T,W063,"Metal wastes, mixed ferrous and non-ferrous",Austria,2018,0.0,AUT
T,W063,"Metal wastes, mixed ferrous and non-ferrous",Austria,2020,0.0,AUT
T,W063,"Metal wastes, mixed ferrous and non-ferrous",Austria,2022,0.0,AUT
T,W063,"Metal wastes, mixed ferrous and non-ferrous",Bosnia and Herzegovina,2012,0.0,
T,W063,"Metal wastes, mixed ferrous and non-ferrous",Bosnia and Herzegovina,2018,909.0,
T,W063,"Metal wastes, mixed ferrous and non-ferrous",Bosnia and Herzegovina,2020,846.0,
T,W063,"Metal wastes, mixed ferrous and non-ferrous",Bosnia and Herzegovina,2022,876.0,
T,W063,"Metal wastes, mixed ferrous and non-ferrous",Belgium,2010,104586.0,BEL
T,W063,"Metal wastes, mixed ferrous and non-ferrous",Belgium,2012,94073.0,BEL
T,W063,"Metal wastes, mixed ferrous and non-ferrous",Belgium,2014,89959.0,BEL
T,W063,"Metal wastes, mixed ferrous and non-ferrous",Belgium,2016,90683.0,BEL
T,W063,"Metal wastes, mixed ferrous and non-ferrous",Belgium,2018,89852.0,BEL
T,W063,"Metal wastes, mixed ferrous and non-ferrous",Belgium,2020,96753.0,BEL
T,W063,"Metal wastes, mixed ferrous and non-ferrous",Belgium,2022,83875.0,BEL
T,W063,"Metal wastes, mixed ferrous and non-ferrous",Bulgaria,2010,826424.0,BGR
T,W063,"Metal wastes, mixed ferrous and non-ferrous",Bulgaria,2012,538681.0,BGR
T,W063,"Metal wastes, mixed ferrous and non-ferrous",Bulgaria,2014,314298.0,BGR
T,W063,"Metal wastes, mixed ferrous and non-ferrous",Bulgaria,2016,80567.0,BGR
T,W063,"Metal wastes, mixed ferrous and non-ferrous",Bulgaria,2018,190157.0,BGR
T,W063,"Metal wastes, mixed ferrous and non-ferrous",Bulgaria,2020,100283.0,BGR
T,W063,"Metal wastes, mixed ferrous and non-ferrous",Bulgaria,2022,112708.0,BGR
T,W063,"Metal wastes, mixed ferrous and non-ferrous",Cyprus,2010,405.0,CYP
T,W063,"Metal wastes, mixed ferrous and non-ferrous",Cyprus,2012,0.0,CYP
T,W063,"Metal wastes, mixed ferrous and non-ferrous",Cyprus,2014,0.0,CYP
T,W063,"Metal wastes, mixed ferrous and non-ferrous",Cyprus,2016,0.0,CYP
T,W063,"Metal wastes, mixed ferrous and non-ferrous",Cyprus,2018,0.0,CYP
T,W063,"Metal wastes, mixed ferrous and non-ferrous",Cyprus,2020,0.0,CYP
T,W063,"Metal wastes, mixed ferrous and non-ferrous",Cyprus,2022,0.0,CYP
T,W063,"Metal wastes, mixed ferrous and non-ferrous",Czechia,2010,82672.0,CZE
T,W063,"Metal wastes, mixed ferrous and non-ferrous",Czechia,2012,55523.0,CZE
T,W063,"Metal wastes, mixed ferrous and non-ferrous",Czechia,2014,58832.0,CZE
T,W063,"Metal wastes, mixed ferrous and non-ferrous",Czechia,2016,33229.0,CZE
T,W063,"Metal wastes, mixed ferrous and non-ferrous",Czechia,2018,305081.0,CZE
T,W063,"Metal wastes, mixed ferrous and non-ferrous",Czechia,2020,316050.0,CZE
T,W063,"Metal wastes, mixed ferrous and non-ferrous",Czechia,2022,46165.0,CZE
T,W063,"Metal wastes, mixed ferrous and non-ferrous",Germany,2010,272139.0,DEU
T,W063,"Metal wastes, mixed ferrous and non-ferrous",Germany,2012,253306.0,DEU
T,W063,"Metal wastes, mixed ferrous and non-ferrous",Germany,2014,261372.0,DEU
T,W063,"Metal wastes, mixed ferrous and non-ferrous",Germany,2016,295510.0,DEU
T,W063,"Metal wastes, mixed ferrous and non-ferrous",Germany,2018,318436.0,DEU
T,W063,"Metal wastes, mixed ferrous and non-ferrous",Germany,2020,354683.0,DEU
T,W063,"Metal wastes, mixed ferrous and non-ferrous",Germany,2022,367065.0,DEU
T,W063,"Metal wastes, mixed ferrous and non-ferrous",Denmark,2010,109720.0,DNK
T,W063,"Metal wastes, mixed ferrous and non-ferrous",Denmark,2012,89134.0,DNK
T,W063,"Metal wastes, mixed ferrous and non-ferrous",Denmark,2014,102535.0,DNK
T,W063,"Metal wastes, mixed ferrous and non-ferrous",Denmark,2016,138931.0,DNK
T,W063,"Metal wastes, mixed ferrous and non-ferrous",Denmark,2018,140342.0,DNK
T,W063,"Metal wastes, mixed ferrous and non-ferrous",Denmark,2020,142953.0,DNK
T,W063,"Metal wastes, mixed ferrous and non-ferrous",Denmark,2022,105677.0,DNK
T,W063,"Metal wastes, mixed ferrous and non-ferrous",Estonia,2010,17666.0,EST
T,W063,"Metal wastes, mixed ferrous and non-ferrous",Estonia,2012,6938.0,EST
T,W063,"Metal wastes, mixed ferrous and non-ferrous",Estonia,2014,12852.0,EST
T,W063,"Metal wastes, mixed ferrous and non-ferrous",Estonia,2016,3418.0,EST
T,W063,"Metal wastes, mixed ferrous and non-ferrous",Estonia,2018,10489.0,EST
T,W063,"Metal wastes, mixed ferrous and non-ferrous",Estonia,2020,4155.0,EST
T,W063,"Metal wastes, mixed ferrous and non-ferrous",Estonia,2022,3075.0,EST
T,W063,"Metal wastes, mixed ferrous and non-ferrous",Greece,2010,0.0,GRC
T,W063,"Metal wastes, mixed ferrous and non-ferrous",Greece,2016,0.0,GRC
T,W063,"Metal wastes, mixed ferrous and non-ferrous",Greece,2018,430.0,GRC
T,W063,"Metal wastes, mixed ferrous and non-ferrous",Greece,2020,278.0,GRC
T,W063,"Metal wastes, mixed ferrous and non-ferrous",Greece,2022,422.0,GRC
T,W063,"Metal wastes, mixed ferrous and non-ferrous",Spain,2010,56415.0,ESP
T,W063,"Metal wastes, mixed ferrous and non-ferrous",Spain,2012,34640.0,ESP
T,W063,"Metal wastes, mixed ferrous and non-ferrous",Spain,2014,22598.0,ESP
T,W063,"Metal wastes, mixed ferrous and non-ferrous",Spain,2016,20376.0,ESP
T,W063,"Metal wastes, mixed ferrous and non-ferrous",Spain,2018,27875.0,ESP
T,W063,"Metal wastes, mixed ferrous and non-ferrous",Spain,2020,23051.0,ESP
T,W063,"Metal wastes, mixed ferrous and non-ferrous",Spain,2022,24192.0,ESP
T,W063,"Metal wastes, mixed ferrous and non-ferrous",European Union - 27 countries (from 2020),2010,2710000.0,EU27_2020
T,W063,"Metal wastes, mixed ferrous and non-ferrous",European Union - 27 countries (from 2020),2016,1780000.0,EU27_2020
T,W063,"Metal wastes, mixed ferrous and non-ferrous",European Union - 27 countries (from 2020),2018,2620000.0,EU27_2020
T,W063,"Metal wastes, mixed ferrous and non-ferrous",European Union - 27 countries (from 2020),2020,2810000.0,EU27_2020
T,W063,"Metal wastes, mixed ferrous and non-ferrous",European Union - 27 countries (from 2020),2022,2650000.0,EU27_2020
T,W063,"Metal wastes, mixed ferrous and non-ferrous",European Union - 28 countries (2013-2020),2010,3190000.0,
T,W063,"Metal wastes, mixed ferrous and non-ferrous",European Union - 28 countries (2013-2020),2012,2800000.0,
T,W063,"Metal wastes, mixed ferrous and non-ferrous",European Union - 28 countries (2013-2020),2014,2260000.0,
T,W063,"Metal wastes, mixed ferrous and non-ferrous",European Union - 28 countries (2013-2020),2016,2370000.0,
T,W063,"Metal wastes, mixed ferrous and non-ferrous",European Union - 28 countries (2013-2020),2018,3170000.0,
T,W063,"Metal wastes, mixed ferrous and non-ferrous",Finland,2010,9778.0,FIN
T,W063,"Metal wastes, mixed ferrous and non-ferrous",Finland,2012,88040.0,FIN
T,W063,"Metal wastes, mixed ferrous and non-ferrous",Finland,2014,0.0,FIN
T,W063,"Metal wastes, mixed ferrous and non-ferrous",Finland,2016,113343.0,FIN
T,W063,"Metal wastes, mixed ferrous and non-ferrous",Finland,2018,32745.0,FIN
T,W063,"Metal wastes, mixed ferrous and non-ferrous",Finland,2020,30771.0,FIN
T,W063,"Metal wastes, mixed ferrous and non-ferrous",Finland,2022,24370.0,FIN
T,W063,"Metal wastes, mixed ferrous and non-ferrous",France,2010,360000.0,FRA
T,W063,"Metal wastes, mixed ferrous and non-ferrous",France,2012,338000.0,FRA
T,W063,"Metal wastes, mixed ferrous and non-ferrous",France,2014,107450.0,FRA
T,W063,"Metal wastes, mixed ferrous and non-ferrous",France,2016,171543.0,FRA
T,W063,"Metal wastes, mixed ferrous and non-ferrous",France,2018,201211.0,FRA
T,W063,"Metal wastes, mixed ferrous and non-ferrous",France,2020,284392.0,FRA
T,W063,"Metal wastes, mixed ferrous and non-ferrous",France,2022,348792.0,FRA
T,W063,"Metal wastes, mixed ferrous and non-ferrous",Croatia,2010,0.0,HRV
T,W063,"Metal wastes, mixed ferrous and non-ferrous",Croatia,2012,14009.0,HRV
T,W063,"Metal wastes, mixed ferrous and non-ferrous",Croatia,2014,4900.0,HRV
T,W063,"Metal wastes, mixed ferrous and non-ferrous",Croatia,2016,4944.0,HRV
T,W063,"Metal wastes, mixed ferrous and non-ferrous",Croatia,2018,28124.0,HRV
T,W063,"Metal wastes, mixed ferrous and non-ferrous",Croatia,2020,29323.0,HRV
T,W063,"Metal wastes, mixed ferrous and non-ferrous",Croatia,2022,28304.0,HRV
T,W063,"Metal wastes, mixed ferrous and non-ferrous",Hungary,2010,177536.0,HUN
T,W063,"Metal wastes, mixed ferrous and non-ferrous",Hungary,2012,205377.0,HUN
T,W063,"Metal wastes, mixed ferrous and non-ferrous",Hungary,2014,152697.0,HUN
T,W063,"Metal wastes, mixed ferrous and non-ferrous",Hungary,2016,4935.0,HUN
T,W063,"Metal wastes, mixed ferrous and non-ferrous",Hungary,2018,6730.0,HUN
T,W063,"Metal wastes, mixed ferrous and non-ferrous",Hungary,2020,153506.0,HUN
T,W063,"Metal wastes, mixed ferrous and non-ferrous",Hungary,2022,180857.0,HUN
T,W063,"Metal wastes, mixed ferrous and non-ferrous",Ireland,2010,7522.0,IRL
T,W063,"Metal wastes, mixed ferrous and non-ferrous",Ireland,2012,4706.0,IRL
T,W063,"Metal wastes, mixed ferrous and non-ferrous",Ireland,2014,7060.0,IRL
T,W063,"Metal wastes, mixed ferrous and non-ferrous",Ireland,2016,8976.0,IRL
T,W063,"Metal wastes, mixed ferrous and non-ferrous",Ireland,2018,9375.0,IRL
T,W063,"Metal wastes, mixed ferrous and non-ferrous",Ireland,2020,13000.0,IRL
T,W063,"Metal wastes, mixed ferrous and non-ferrous",Ireland,2022,11225.0,IRL
T,W063,"Metal wastes, mixed ferrous and non-ferrous",Iceland,2010,35435.0,ISL
T,W063,"Metal wastes, mixed ferrous and non-ferrous",Iceland,2012,36479.0,ISL
T,W063,"Metal wastes, mixed ferrous and non-ferrous",Iceland,2014,21007.0,ISL
T,W063,"Metal wastes, mixed ferrous and non-ferrous",Iceland,2016,32541.0,ISL
T,W063,"Metal wastes, mixed ferrous and non-ferrous",Iceland,2018,25966.0,ISL
T,W063,"Metal wastes, mixed ferrous and non-ferrous",Iceland,2020,7217.0,ISL
T,W063,"Metal wastes, mixed ferrous and non-ferrous",Iceland,2022,6922.0,ISL
T,W063,"Metal wastes, mixed ferrous and non-ferrous",Italy,2010,317822.0,ITA
T,W063,"Metal wastes, mixed ferrous and non-ferrous",Italy,2012,248907.0,ITA
T,W063,"Metal wastes, mixed ferrous and non-ferrous",Italy,2014,249574.0,ITA
T,W063,"Metal wastes, mixed ferrous and non-ferrous",Italy,2016,293127.0,ITA
T,W063,"Metal wastes, mixed ferrous and non-ferrous",Italy,2018,332070.0,ITA
T,W063,"Metal wastes, mixed ferrous and non-ferrous",Italy,2020,368081.0,ITA
T,W063,"Metal wastes, mixed ferrous and non-ferrous",Italy,2022,356020.0,ITA
T,W063,"Metal wastes, mixed ferrous and non-ferrous",Liechtenstein,2010,0.0,
T,W063,"Metal wastes, mixed ferrous and non-ferrous",Liechtenstein,2012,0.0,
T,W063,"Metal wastes, mixed ferrous and non-ferrous",Liechtenstein,2014,0.0,
T,W063,"Metal wastes, mixed ferrous and non-ferrous",Liechtenstein,2016,0.0,
T,W063,"Metal wastes, mixed ferrous and non-ferrous",Liechtenstein,2018,0.0,
T,W063,"Metal wastes, mixed ferrous and non-ferrous",Liechtenstein,2020,0.0,
T,W063,"Metal wastes, mixed ferrous and non-ferrous",Liechtenstein,2022,0.0,
T,W063,"Metal wastes, mixed ferrous and non-ferrous",Lithuania,2010,56212.0,LTU
T,W063,"Metal wastes, mixed ferrous and non-ferrous",Lithuania,2012,83406.0,LTU
T,W063,"Metal wastes, mixed ferrous and non-ferrous",Lithuania,2014,79794.0,LTU
T,W063,"Metal wastes, mixed ferrous and non-ferrous",Lithuania,2016,78363.0,LTU
T,W063,"Metal wastes, mixed ferrous and non-ferrous",Lithuania,2018,131344.0,LTU
T,W063,"Metal wastes, mixed ferrous and non-ferrous",Lithuania,2020,128809.0,LTU
T,W063,"Metal wastes, mixed ferrous and non-ferrous",Lithuania,2022,105950.0,LTU
T,W063,"Metal wastes, mixed ferrous and non-ferrous",Luxembourg,2010,202.0,LUX
T,W063,"Metal wastes, mixed ferrous and non-ferrous",Luxembourg,2012,321.0,LUX
T,W063,"Metal wastes, mixed ferrous and non-ferrous",Luxembourg,2014,173.0,LUX
T,W063,"Metal wastes, mixed ferrous and non-ferrous",Luxembourg,2016,152.0,LUX
T,W063,"Metal wastes, mixed ferrous and non-ferrous",Luxembourg,2018,454.0,LUX
T,W063,"Metal wastes, mixed ferrous and non-ferrous",Luxembourg,2020,120.0,LUX
T,W063,"Metal wastes, mixed ferrous and non-ferrous",Luxembourg,2022,2166.0,LUX
T,W063,"Metal wastes, mixed ferrous and non-ferrous",Latvia,2010,0.0,LVA
T,W063,"Metal wastes, mixed ferrous and non-ferrous",Latvia,2012,0.0,LVA
T,W063,"Metal wastes, mixed ferrous and non-ferrous",Latvia,2014,0.0,LVA
T,W063,"Metal wastes, mixed ferrous and non-ferrous",Latvia,2016,0.0,LVA
T,W063,"Metal wastes, mixed ferrous and non-ferrous",Latvia,2018,0.0,LVA
T,W063,"Metal wastes, mixed ferrous and non-ferrous",Latvia,2020,0.0,LVA
T,W063,"Metal wastes, mixed ferrous and non-ferrous",Latvia,2022,6599.0,LVA
T,W063,"Metal wastes, mixed ferrous and non-ferrous",Montenegro,2012,1280.0,
T,W063,"Metal wastes, mixed ferrous and non-ferrous",Montenegro,2014,1604.0,
T,W063,"Metal wastes, mixed ferrous and non-ferrous",Montenegro,2016,910.0,
T,W063,"Metal wastes, mixed ferrous and non-ferrous",Montenegro,2018,901.0,
T,W063,"Metal wastes, mixed ferrous and non-ferrous",Montenegro,2020,756.0,
T,W063,"Metal wastes, mixed ferrous and non-ferrous",Montenegro,2022,662.0,
T,W063,"Metal wastes, mixed ferrous and non-ferrous",North Macedonia,2010,0.0,
T,W063,"Metal wastes, mixed ferrous and non-ferrous",North Macedonia,2012,0.0,
T,W063,"Metal wastes, mixed ferrous and non-ferrous",North Macedonia,2014,0.0,
T,W063,"Metal wastes, mixed ferrous and non-ferrous",North Macedonia,2016,0.0,
T,W063,"Metal wastes, mixed ferrous and non-ferrous",North Macedonia,2018,0.0,
T,W063,"Metal wastes, mixed ferrous and non-ferrous",North Macedonia,2020,0.0,
T,W063,"Metal wastes, mixed ferrous and non-ferrous",North Macedonia,2022,0.0,
T,W063,"Metal wastes, mixed ferrous and non-ferrous",Malta,2010,42.0,MLT
T,W063,"Metal wastes, mixed ferrous and non-ferrous",Malta,2012,1435.0,MLT
T,W063,"Metal wastes, mixed ferrous and non-ferrous",Malta,2014,1380.0,MLT
T,W063,"Metal wastes, mixed ferrous and non-ferrous",Malta,2016,1465.0,MLT
T,W063,"Metal wastes, mixed ferrous and non-ferrous",Malta,2018,1216.0,MLT
T,W063,"Metal wastes, mixed ferrous and non-ferrous",Malta,2020,1440.0,MLT
T,W063,"Metal wastes, mixed ferrous and non-ferrous",Malta,2022,1042.0,MLT
T,W063,"Metal wastes, mixed ferrous and non-ferrous",Netherlands,2010,64179.0,NLD
T,W063,"Metal wastes, mixed ferrous and non-ferrous",Netherlands,2016,58800.0,NLD
T,W063,"Metal wastes, mixed ferrous and non-ferrous",Netherlands,2018,63142.0,NLD
T,W063,"Metal wastes, mixed ferrous and non-ferrous",Netherlands,2020,72766.0,NLD
T,W063,"Metal wastes, mixed ferrous and non-ferrous",Netherlands,2022,60291.0,NLD
T,W063,"Metal wastes, mixed ferrous and non-ferrous",Norway,2010,68040.0,NOR
T,W063,"Metal wastes, mixed ferrous and non-ferrous",Norway,2012,67564.0,NOR
T,W063,"Metal wastes, mixed ferrous and non-ferrous",Norway,2014,71555.0,NOR
T,W063,"Metal wastes, mixed ferrous and non-ferrous",Norway,2016,89576.0,NOR
T,W063,"Metal wastes, mixed ferrous and non-ferrous",Norway,2018,95979.0,NOR
T,W063,"Metal wastes, mixed ferrous and non-ferrous",Norway,2020,109633.0,NOR
T,W063,"Metal wastes, mixed ferrous and non-ferrous",Norway,2022,89277.0,NOR
T,W063,"Metal wastes, mixed ferrous and non-ferrous",Poland,2010,12474.0,POL
T,W063,"Metal wastes, mixed ferrous and non-ferrous",Poland,2012,11107.0,POL
T,W063,"Metal wastes, mixed ferrous and non-ferrous",Poland,2014,18370.0,POL
T,W063,"Metal wastes, mixed ferrous and non-ferrous",Poland,2016,22152.0,POL
T,W063,"Metal wastes, mixed ferrous and non-ferrous",Poland,2018,11874.0,POL
T,W063,"Metal wastes, mixed ferrous and non-ferrous",Poland,2020,4454.0,POL
T,W063,"Metal wastes, mixed ferrous and non-ferrous",Poland,2022,94239.0,POL
T,W063,"Metal wastes, mixed ferrous and non-ferrous",Portugal,2010,5118.0,PRT
T,W063,"Metal wastes, mixed ferrous and non-ferrous",Portugal,2012,2578.0,PRT
T,W063,"Metal wastes, mixed ferrous and non-ferrous",Portugal,2014,11537.0,PRT
T,W063,"Metal wastes, mixed ferrous and non-ferrous",Portugal,2016,4700.0,PRT
T,W063,"Metal wastes, mixed ferrous and non-ferrous",Portugal,2018,78522.0,PRT
T,W063,"Metal wastes, mixed ferrous and non-ferrous",Portugal,2020,6994.0,PRT
T,W063,"Metal wastes, mixed ferrous and non-ferrous",Portugal,2022,7294.0,PRT
T,W063,"Metal wastes, mixed ferrous and non-ferrous",Romania,2010,33812.0,ROU
T,W063,"Metal wastes, mixed ferrous and non-ferrous",Romania,2012,36794.0,ROU
T,W063,"Metal wastes, mixed ferrous and non-ferrous",Romania,2014,1915.0,ROU
T,W063,"Metal wastes, mixed ferrous and non-ferrous",Romania,2016,57103.0,ROU
T,W063,"Metal wastes, mixed ferrous and non-ferrous",Romania,2018,77161.0,ROU
T,W063,"Metal wastes, mixed ferrous and non-ferrous",Romania,2020,62204.0,ROU
T,W063,"Metal wastes, mixed ferrous and non-ferrous",Romania,2022,43411.0,ROU
T,W063,"Metal wastes, mixed ferrous and non-ferrous",Serbia,2010,0.0,
T,W063,"Metal wastes, mixed ferrous and non-ferrous",Serbia,2014,1188.0,
T,W063,"Metal wastes, mixed ferrous and non-ferrous",Serbia,2016,1538.0,
T,W063,"Metal wastes, mixed ferrous and non-ferrous",Serbia,2018,377.0,
T,W063,"Metal wastes, mixed ferrous and non-ferrous",Serbia,2020,34798.0,
T,W063,"Metal wastes, mixed ferrous and non-ferrous",Serbia,2022,58291.0,
T,W063,"Metal wastes, mixed ferrous and non-ferrous",Sweden,2010,172897.0,SWE
T,W063,"Metal wastes, mixed ferrous and non-ferrous",Sweden,2012,166611.0,SWE
T,W063,"Metal wastes, mixed ferrous and non-ferrous",Sweden,2014,171056.0,SWE
T,W063,"Metal wastes, mixed ferrous and non-ferrous",Sweden,2016,180507.0,SWE
T,W063,"Metal wastes, mixed ferrous and non-ferrous",Sweden,2018,181127.0,SWE
T,W063,"Metal wastes, mixed ferrous and non-ferrous",Sweden,2020,200880.0,SWE
T,W063,"Metal wastes, mixed ferrous and non-ferrous",Sweden,2022,171132.0,SWE
T,W063,"Metal wastes, mixed ferrous and non-ferrous",Slovenia,2010,7409.0,SVN
T,W063,"Metal wastes, mixed ferrous and non-ferrous",Slovenia,2012,4877.0,SVN
T,W063,"Metal wastes, mixed ferrous and non-ferrous",Slovenia,2014,4641.0,SVN
T,W063,"Metal wastes, mixed ferrous and non-ferrous",Slovenia,2016,7943.0,SVN
T,W063,"Metal wastes, mixed ferrous and non-ferrous",Slovenia,2018,32197.0,SVN
T,W063,"Metal wastes, mixed ferrous and non-ferrous",Slovenia,2020,28609.0,SVN
T,W063,"Metal wastes, mixed ferrous and non-ferrous",Slovenia,2022,43241.0,SVN
T,W063,"Metal wastes, mixed ferrous and non-ferrous",Slovakia,2010,10007.0,SVK
T,W063,"Metal wastes, mixed ferrous and non-ferrous",Slovakia,2012,12248.0,SVK
T,W063,"Metal wastes, mixed ferrous and non-ferrous",Slovakia,2014,17803.0,SVK
T,W063,"Metal wastes, mixed ferrous and non-ferrous",Slovakia,2016,110269.0,SVK
T,W063,"Metal wastes, mixed ferrous and non-ferrous",Slovakia,2018,347275.0,SVK
T,W063,"Metal wastes, mixed ferrous and non-ferrous",Slovakia,2020,382538.0,SVK
T,W063,"Metal wastes, mixed ferrous and non-ferrous",Slovakia,2022,419380.0,SVK
T,W063,"Metal wastes, mixed ferrous and non-ferrous",Türkiye,2010,4608.0,
T,W063,"Metal wastes, mixed ferrous and non-ferrous",Türkiye,2012,1261.0,
T,W063,"Metal wastes, mixed ferrous and non-ferrous",Türkiye,2014,32810.0,
T,W063,"Metal wastes, mixed ferrous and non-ferrous",Türkiye,2016,110356.0,
T,W063,"Metal wastes, mixed ferrous and non-ferrous",Türkiye,2018,103849.0,
T,W063,"Metal wastes, mixed ferrous and non-ferrous",Türkiye,2020,104514.0,
T,W063,"Metal wastes, mixed ferrous and non-ferrous",Türkiye,2022,55821.0,
T,W063,"Metal wastes, mixed ferrous and non-ferrous",United Kingdom,2010,487282.0,GBR
T,W063,"Metal wastes, mixed ferrous and non-ferrous",United Kingdom,2012,448545.0,GBR
T,W063,"Metal wastes, mixed ferrous and non-ferrous",United Kingdom,2014,514173.0,GBR
T,W063,"Metal wastes, mixed ferrous and non-ferrous",United Kingdom,2016,584248.0,GBR
T,W063,"Metal wastes, mixed ferrous and non-ferrous",United Kingdom,2018,556585.0,GBR
T,W063,"Metal wastes, mixed ferrous and non-ferrous",Kosovo*,2012,0.0,
T,W063,"Metal wastes, mixed ferrous and non-ferrous",Kosovo*,2014,0.0,
T,W063,"Metal wastes, mixed ferrous and non-ferrous",Kosovo*,2016,0.0,
T,W063,"Metal wastes, mixed ferrous and non-ferrous",Kosovo*,2018,0.0,
T,W063,"Metal wastes, mixed ferrous and non-ferrous",Kosovo*,2020,0.0,
T,W063,"Metal wastes, mixed ferrous and non-ferrous",Kosovo*,2022,0.0,
T,W071,Glass wastes,Austria,2004,185802.0,AUT
T,W071,Glass wastes,Austria,2006,195400.0,AUT
T,W071,Glass wastes,Austria,2008,208461.0,AUT
T,W071,Glass wastes,Austria,2010,222851.0,AUT
T,W071,Glass wastes,Austria,2012,221230.0,AUT
T,W071,Glass wastes,Austria,2014,227143.0,AUT
T,W071,Glass wastes,Austria,2016,223975.0,AUT
T,W071,Glass wastes,Austria,2018,236091.0,AUT
T,W071,Glass wastes,Austria,2020,260145.0,AUT
T,W071,Glass wastes,Austria,2022,264135.0,AUT
T,W071,Glass wastes,Bosnia and Herzegovina,2012,0.0,
T,W071,Glass wastes,Bosnia and Herzegovina,2018,4583.0,
T,W071,Glass wastes,Bosnia and Herzegovina,2020,3673.0,
T,W071,Glass wastes,Bosnia and Herzegovina,2022,3384.0,
T,W071,Glass wastes,Belgium,2004,245968.0,BEL
T,W071,Glass wastes,Belgium,2006,309564.0,BEL
T,W071,Glass wastes,Belgium,2008,305423.0,BEL
T,W071,Glass wastes,Belgium,2010,330316.0,BEL
T,W071,Glass wastes,Belgium,2012,326931.0,BEL
T,W071,Glass wastes,Belgium,2014,330006.0,BEL
T,W071,Glass wastes,Belgium,2016,335381.0,BEL
T,W071,Glass wastes,Belgium,2018,338312.0,BEL
T,W071,Glass wastes,Belgium,2020,368075.0,BEL
T,W071,Glass wastes,Belgium,2022,349967.0,BEL
T,W071,Glass wastes,Bulgaria,2004,0.0,BGR
T,W071,Glass wastes,Bulgaria,2006,0.0,BGR
T,W071,Glass wastes,Bulgaria,2008,0.0,BGR
T,W071,Glass wastes,Bulgaria,2010,62258.0,BGR
T,W071,Glass wastes,Bulgaria,2012,27126.0,BGR
T,W071,Glass wastes,Bulgaria,2014,12564.0,BGR
T,W071,Glass wastes,Bulgaria,2016,72619.0,BGR
T,W071,Glass wastes,Bulgaria,2018,118578.0,BGR
T,W071,Glass wastes,Bulgaria,2020,13438.0,BGR
T,W071,Glass wastes,Bulgaria,2022,20034.0,BGR
T,W071,Glass wastes,Cyprus,2004,4408.0,CYP
T,W071,Glass wastes,Cyprus,2006,4175.0,CYP
T,W071,Glass wastes,Cyprus,2008,11410.0,CYP
T,W071,Glass wastes,Cyprus,2010,15596.0,CYP
T,W071,Glass wastes,Cyprus,2012,5030.0,CYP
T,W071,Glass wastes,Cyprus,2014,4962.0,CYP
T,W071,Glass wastes,Cyprus,2016,5727.0,CYP
T,W071,Glass wastes,Cyprus,2018,7007.0,CYP
T,W071,Glass wastes,Cyprus,2020,5967.0,CYP
T,W071,Glass wastes,Cyprus,2022,9071.0,CYP
T,W071,Glass wastes,Czechia,2004,50165.0,CZE
T,W071,Glass wastes,Czechia,2006,76670.0,CZE
T,W071,Glass wastes,Czechia,2008,69698.0,CZE
T,W071,Glass wastes,Czechia,2010,78289.0,CZE
T,W071,Glass wastes,Czechia,2012,108734.0,CZE
T,W071,Glass wastes,Czechia,2014,109726.0,CZE
T,W071,Glass wastes,Czechia,2016,122770.0,CZE
T,W071,Glass wastes,Czechia,2018,140990.0,CZE
T,W071,Glass wastes,Czechia,2020,170380.0,CZE
T,W071,Glass wastes,Czechia,2022,158787.0,CZE
T,W071,Glass wastes,Germany,2004,2288408.0,DEU
T,W071,Glass wastes,Germany,2006,970120.0,DEU
T,W071,Glass wastes,Germany,2008,1378378.0,DEU
T,W071,Glass wastes,Germany,2010,1910846.0,DEU
T,W071,Glass wastes,Germany,2012,1908787.0,DEU
T,W071,Glass wastes,Germany,2014,1877855.0,DEU
T,W071,Glass wastes,Germany,2016,1879165.0,DEU
T,W071,Glass wastes,Germany,2018,1876686.0,DEU
T,W071,Glass wastes,Germany,2020,2034166.0,DEU
T,W071,Glass wastes,Germany,2022,1970936.0,DEU
T,W071,Glass wastes,Denmark,2004,50532.0,DNK
T,W071,Glass wastes,Denmark,2006,42695.0,DNK
T,W071,Glass wastes,Denmark,2008,38936.0,DNK
T,W071,Glass wastes,Denmark,2010,152905.0,DNK
T,W071,Glass wastes,Denmark,2012,115788.0,DNK
T,W071,Glass wastes,Denmark,2014,115645.0,DNK
T,W071,Glass wastes,Denmark,2016,127738.0,DNK
T,W071,Glass wastes,Denmark,2018,136756.0,DNK
T,W071,Glass wastes,Denmark,2020,148302.0,DNK
T,W071,Glass wastes,Denmark,2022,138863.0,DNK
T,W071,Glass wastes,Estonia,2004,4489.0,EST
T,W071,Glass wastes,Estonia,2006,3703.0,EST
T,W071,Glass wastes,Estonia,2008,13349.0,EST
T,W071,Glass wastes,Estonia,2010,20313.0,EST
T,W071,Glass wastes,Estonia,2012,12097.0,EST
T,W071,Glass wastes,Estonia,2014,7190.0,EST
T,W071,Glass wastes,Estonia,2016,7952.0,EST
T,W071,Glass wastes,Estonia,2018,13165.0,EST
T,W071,Glass wastes,Estonia,2020,13205.0,EST
T,W071,Glass wastes,Estonia,2022,14415.0,EST
T,W071,Glass wastes,Greece,2004,0.0,GRC
T,W071,Glass wastes,Greece,2006,6056.0,GRC
T,W071,Glass wastes,Greece,2008,0.0,GRC
T,W071,Glass wastes,Greece,2010,0.0,GRC
T,W071,Glass wastes,Greece,2016,0.0,GRC
T,W071,Glass wastes,Greece,2018,13586.0,GRC
T,W071,Glass wastes,Greece,2020,11017.0,GRC
T,W071,Glass wastes,Greece,2022,10255.0,GRC
T,W071,Glass wastes,Spain,2004,401540.0,ESP
T,W071,Glass wastes,Spain,2006,552114.0,ESP
T,W071,Glass wastes,Spain,2008,526929.0,ESP
T,W071,Glass wastes,Spain,2010,609835.0,ESP
T,W071,Glass wastes,Spain,2012,641815.0,ESP
T,W071,Glass wastes,Spain,2014,622299.0,ESP
T,W071,Glass wastes,Spain,2016,797928.0,ESP
T,W071,Glass wastes,Spain,2018,834764.0,ESP
T,W071,Glass wastes,Spain,2020,828865.0,ESP
T,W071,Glass wastes,Spain,2022,934156.0,ESP
T,W071,Glass wastes,European Union - 27 countries (from 2020),2004,7090000.0,EU27_2020
T,W071,Glass wastes,European Union - 27 countries (from 2020),2006,6430000.0,EU27_2020
T,W071,Glass wastes,European Union - 27 countries (from 2020),2008,6920000.0,EU27_2020
T,W071,Glass wastes,European Union - 27 countries (from 2020),2010,8220000.0,EU27_2020
T,W071,Glass wastes,European Union - 27 countries (from 2020),2016,8490000.0,EU27_2020
T,W071,Glass wastes,European Union - 27 countries (from 2020),2018,9070000.0,EU27_2020
T,W071,Glass wastes,European Union - 27 countries (from 2020),2020,9910000.0,EU27_2020
T,W071,Glass wastes,European Union - 27 countries (from 2020),2022,10240000.0,EU27_2020
T,W071,Glass wastes,European Union - 28 countries (2013-2020),2004,7880000.0,
T,W071,Glass wastes,European Union - 28 countries (2013-2020),2006,7380000.0,
T,W071,Glass wastes,European Union - 28 countries (2013-2020),2008,8010000.0,
T,W071,Glass wastes,European Union - 28 countries (2013-2020),2010,9580000.0,
T,W071,Glass wastes,European Union - 28 countries (2013-2020),2012,9520000.0,
T,W071,Glass wastes,European Union - 28 countries (2013-2020),2014,9460000.0,
T,W071,Glass wastes,European Union - 28 countries (2013-2020),2016,9920000.0,
T,W071,Glass wastes,European Union - 28 countries (2013-2020),2018,10500000.0,
T,W071,Glass wastes,Finland,2004,54745.0,FIN
T,W071,Glass wastes,Finland,2006,63036.0,FIN
T,W071,Glass wastes,Finland,2008,53300.0,FIN
T,W071,Glass wastes,Finland,2010,43187.0,FIN
T,W071,Glass wastes,Finland,2012,70209.0,FIN
T,W071,Glass wastes,Finland,2014,4997.0,FIN
T,W071,Glass wastes,Finland,2016,54150.0,FIN
T,W071,Glass wastes,Finland,2018,62896.0,FIN
T,W071,Glass wastes,Finland,2020,55009.0,FIN
T,W071,Glass wastes,Finland,2022,57049.0,FIN
T,W071,Glass wastes,France,2004,1466000.0,FRA
T,W071,Glass wastes,France,2006,1492400.0,FRA
T,W071,Glass wastes,France,2008,1668800.0,FRA
T,W071,Glass wastes,France,2010,1706185.0,FRA
T,W071,Glass wastes,France,2012,1745115.0,FRA
T,W071,Glass wastes,France,2014,1733653.0,FRA
T,W071,Glass wastes,France,2016,1551910.0,FRA
T,W071,Glass wastes,France,2018,1603493.0,FRA
T,W071,Glass wastes,France,2020,1819353.0,FRA
T,W071,Glass wastes,France,2022,1928585.0,FRA
T,W071,Glass wastes,Croatia,2004,0.0,HRV
T,W071,Glass wastes,Croatia,2006,0.0,HRV
T,W071,Glass wastes,Croatia,2008,0.0,HRV
T,W071,Glass wastes,Croatia,2010,0.0,HRV
T,W071,Glass wastes,Croatia,2012,15644.0,HRV
T,W071,Glass wastes,Croatia,2014,22066.0,HRV
T,W071,Glass wastes,Croatia,2016,20137.0,HRV
T,W071,Glass wastes,Croatia,2018,10242.0,HRV
T,W071,Glass wastes,Croatia,2020,11515.0,HRV
T,W071,Glass wastes,Croatia,2022,17442.0,HRV
T,W071,Glass wastes,Hungary,2004,3490.0,HUN
T,W071,Glass wastes,Hungary,2006,13455.0,HUN
T,W071,Glass wastes,Hungary,2008,17742.0,HUN
T,W071,Glass wastes,Hungary,2010,22007.0,HUN
T,W071,Glass wastes,Hungary,2012,36004.0,HUN
T,W071,Glass wastes,Hungary,2014,21782.0,HUN
T,W071,Glass wastes,Hungary,2016,24377.0,HUN
T,W071,Glass wastes,Hungary,2018,28226.0,HUN
T,W071,Glass wastes,Hungary,2020,38727.0,HUN
T,W071,Glass wastes,Hungary,2022,34423.0,HUN
T,W071,Glass wastes,Ireland,2004,111693.0,IRL
T,W071,Glass wastes,Ireland,2006,136908.0,IRL
T,W071,Glass wastes,Ireland,2010,86832.0,IRL
T,W071,Glass wastes,Ireland,2012,82333.0,IRL
T,W071,Glass wastes,Ireland,2014,84398.0,IRL
T,W071,Glass wastes,Ireland,2016,86074.0,IRL
T,W071,Glass wastes,Ireland,2018,89984.0,IRL
T,W071,Glass wastes,Ireland,2020,131967.0,IRL
T,W071,Glass wastes,Ireland,2022,112997.0,IRL
T,W071,Glass wastes,Iceland,2004,5500.0,ISL
T,W071,Glass wastes,Iceland,2010,68.0,ISL
T,W071,Glass wastes,Iceland,2012,40.0,ISL
T,W071,Glass wastes,Iceland,2014,212.0,ISL
T,W071,Glass wastes,Iceland,2016,144.0,ISL
T,W071,Glass wastes,Iceland,2018,155.0,ISL
T,W071,Glass wastes,Iceland,2020,129.0,ISL
T,W071,Glass wastes,Iceland,2022,5425.0,ISL
T,W071,Glass wastes,Italy,2004,1056400.0,ITA
T,W071,Glass wastes,Italy,2006,1240192.0,ITA
T,W071,Glass wastes,Italy,2008,1496227.0,ITA
T,W071,Glass wastes,Italy,2010,1778507.0,ITA
T,W071,Glass wastes,Italy,2012,1598135.0,ITA
T,W071,Glass wastes,Italy,2014,1691303.0,ITA
T,W071,Glass wastes,Italy,2016,1852019.0,ITA
T,W071,Glass wastes,Italy,2018,2119591.0,ITA
T,W071,Glass wastes,Italy,2020,2223798.0,ITA
T,W071,Glass wastes,Italy,2022,2329395.0,ITA
T,W071,Glass wastes,Liechtenstein,2008,0.0,
T,W071,Glass wastes,Liechtenstein,2010,0.0,
T,W071,Glass wastes,Liechtenstein,2012,925.0,
T,W071,Glass wastes,Liechtenstein,2014,944.0,
T,W071,Glass wastes,Liechtenstein,2016,1149.0,
T,W071,Glass wastes,Liechtenstein,2018,1502.0,
T,W071,Glass wastes,Liechtenstein,2020,1919.0,
T,W071,Glass wastes,Liechtenstein,2022,1594.0,
T,W071,Glass wastes,Lithuania,2004,1788.0,LTU
T,W071,Glass wastes,Lithuania,2006,28683.0,LTU
T,W071,Glass wastes,Lithuania,2008,23555.0,LTU
T,W071,Glass wastes,Lithuania,2010,22945.0,LTU
T,W071,Glass wastes,Lithuania,2012,28220.0,LTU
T,W071,Glass wastes,Lithuania,2014,28714.0,LTU
T,W071,Glass wastes,Lithuania,2016,37840.0,LTU
T,W071,Glass wastes,Lithuania,2018,33560.0,LTU
T,W071,Glass wastes,Lithuania,2020,47028.0,LTU
T,W071,Glass wastes,Lithuania,2022,42320.0,LTU
T,W071,Glass wastes,Luxembourg,2004,547.0,LUX
T,W071,Glass wastes,Luxembourg,2006,3543.0,LUX
T,W071,Glass wastes,Luxembourg,2008,15952.0,LUX
T,W071,Glass wastes,Luxembourg,2010,12553.0,LUX
T,W071,Glass wastes,Luxembourg,2012,9195.0,LUX
T,W071,Glass wastes,Luxembourg,2014,8247.0,LUX
T,W071,Glass wastes,Luxembourg,2016,898.0,LUX
T,W071,Glass wastes,Luxembourg,2018,76.0,LUX
T,W071,Glass wastes,Luxembourg,2020,368.0,LUX
T,W071,Glass wastes,Luxembourg,2022,165.0,LUX
T,W071,Glass wastes,Latvia,2004,0.0,LVA
T,W071,Glass wastes,Latvia,2006,5687.0,LVA
T,W071,Glass wastes,Latvia,2008,0.0,LVA
T,W071,Glass wastes,Latvia,2010,8848.0,LVA
T,W071,Glass wastes,Latvia,2012,25384.0,LVA
T,W071,Glass wastes,Latvia,2014,39304.0,LVA
T,W071,Glass wastes,Latvia,2016,48858.0,LVA
T,W071,Glass wastes,Latvia,2018,22159.0,LVA
T,W071,Glass wastes,Latvia,2020,11264.0,LVA
T,W071,Glass wastes,Latvia,2022,34138.0,LVA
T,W071,Glass wastes,Montenegro,2012,1930.0,
T,W071,Glass wastes,Montenegro,2014,1689.0,
T,W071,Glass wastes,Montenegro,2016,1563.0,
T,W071,Glass wastes,Montenegro,2018,1966.0,
T,W071,Glass wastes,Montenegro,2020,1131.0,
T,W071,Glass wastes,Montenegro,2022,1470.0,
T,W071,Glass wastes,North Macedonia,2008,0.0,
T,W071,Glass wastes,North Macedonia,2010,0.0,
T,W071,Glass wastes,North Macedonia,2012,0.0,
T,W071,Glass wastes,North Macedonia,2014,0.0,
T,W071,Glass wastes,North Macedonia,2016,0.0,
T,W071,Glass wastes,North Macedonia,2018,0.0,
T,W071,Glass wastes,North Macedonia,2020,0.0,
T,W071,Glass wastes,North Macedonia,2022,0.0,
T,W071,Glass wastes,Malta,2004,162.0,MLT
T,W071,Glass wastes,Malta,2006,685.0,MLT
T,W071,Glass wastes,Malta,2008,7201.0,MLT
T,W071,Glass wastes,Malta,2010,1777.0,MLT
T,W071,Glass wastes,Malta,2012,2033.0,MLT
T,W071,Glass wastes,Malta,2014,2446.0,MLT
T,W071,Glass wastes,Malta,2016,1627.0,MLT
T,W071,Glass wastes,Malta,2018,4472.0,MLT
T,W071,Glass wastes,Malta,2020,6290.0,MLT
T,W071,Glass wastes,Malta,2022,6739.0,MLT
T,W071,Glass wastes,Netherlands,2004,349979.0,NLD
T,W071,Glass wastes,Netherlands,2006,348521.0,NLD
T,W071,Glass wastes,Netherlands,2008,356394.0,NLD
T,W071,Glass wastes,Netherlands,2010,357748.0,NLD
T,W071,Glass wastes,Netherlands,2016,352037.0,NLD
T,W071,Glass wastes,Netherlands,2018,359468.0,NLD
T,W071,Glass wastes,Netherlands,2020,403737.0,NLD
T,W071,Glass wastes,Netherlands,2022,372989.0,NLD
T,W071,Glass wastes,Norway,2004,40236.0,NOR
T,W071,Glass wastes,Norway,2006,43965.0,NOR
T,W071,Glass wastes,Norway,2008,49000.0,NOR
T,W071,Glass wastes,Norway,2010,51097.0,NOR
T,W071,Glass wastes,Norway,2012,52623.0,NOR
T,W071,Glass wastes,Norway,2014,56837.0,NOR
T,W071,Glass wastes,Norway,2016,62618.0,NOR
T,W071,Glass wastes,Norway,2018,70276.0,NOR
T,W071,Glass wastes,Norway,2020,71812.0,NOR
T,W071,Glass wastes,Norway,2022,79104.0,NOR
T,W071,Glass wastes,Poland,2004,60460.0,POL
T,W071,Glass wastes,Poland,2006,89626.0,POL
T,W071,Glass wastes,Poland,2008,137153.0,POL
T,W071,Glass wastes,Poland,2010,175976.0,POL
T,W071,Glass wastes,Poland,2012,226233.0,POL
T,W071,Glass wastes,Poland,2014,364584.0,POL
T,W071,Glass wastes,Poland,2016,405607.0,POL
T,W071,Glass wastes,Poland,2018,505059.0,POL
T,W071,Glass wastes,Poland,2020,723268.0,POL
T,W071,Glass wastes,Poland,2022,788873.0,POL
T,W071,Glass wastes,Portugal,2004,107082.0,PRT
T,W071,Glass wastes,Portugal,2006,0.0,PRT
T,W071,Glass wastes,Portugal,2008,170744.0,PRT
T,W071,Glass wastes,Portugal,2010,185942.0,PRT
T,W071,Glass wastes,Portugal,2012,156721.0,PRT
T,W071,Glass wastes,Portugal,2014,148391.0,PRT
T,W071,Glass wastes,Portugal,2016,161028.0,PRT
T,W071,Glass wastes,Portugal,2018,173562.0,PRT
T,W071,Glass wastes,Portugal,2020,191862.0,PRT
T,W071,Glass wastes,Portugal,2022,219158.0,PRT
T,W071,Glass wastes,Romania,2004,343446.0,ROU
T,W071,Glass wastes,Romania,2006,550930.0,ROU
T,W071,Glass wastes,Romania,2008,118154.0,ROU
T,W071,Glass wastes,Romania,2010,98013.0,ROU
T,W071,Glass wastes,Romania,2012,115569.0,ROU
T,W071,Glass wastes,Romania,2014,8749.0,ROU
T,W071,Glass wastes,Romania,2016,49297.0,ROU
T,W071,Glass wastes,Romania,2018,44583.0,ROU
T,W071,Glass wastes,Romania,2020,68427.0,ROU
T,W071,Glass wastes,Romania,2022,88448.0,ROU
T,W071,Glass wastes,Serbia,2010,0.0,
T,W071,Glass wastes,Serbia,2014,1172.0,
T,W071,Glass wastes,Serbia,2016,2397.0,
T,W071,Glass wastes,Serbia,2018,487.0,
T,W071,Glass wastes,Serbia,2020,14243.0,
T,W071,Glass wastes,Serbia,2022,40175.0,
T,W071,Glass wastes,Sweden,2004,297189.0,SWE
T,W071,Glass wastes,Sweden,2006,266032.0,SWE
T,W071,Glass wastes,Sweden,2008,246307.0,SWE
T,W071,Glass wastes,Sweden,2010,252135.0,SWE
T,W071,Glass wastes,Sweden,2012,247232.0,SWE
T,W071,Glass wastes,Sweden,2014,170980.0,SWE
T,W071,Glass wastes,Sweden,2016,188830.0,SWE
T,W071,Glass wastes,Sweden,2018,199948.0,SWE
T,W071,Glass wastes,Sweden,2020,215095.0,SWE
T,W071,Glass wastes,Sweden,2022,214483.0,SWE
T,W071,Glass wastes,Slovenia,2004,6947.0,SVN
T,W071,Glass wastes,Slovenia,2006,11414.0,SVN
T,W071,Glass wastes,Slovenia,2008,14211.0,SVN
T,W071,Glass wastes,Slovenia,2010,21756.0,SVN
T,W071,Glass wastes,Slovenia,2012,25454.0,SVN
T,W071,Glass wastes,Slovenia,2014,27392.0,SVN
T,W071,Glass wastes,Slovenia,2016,28625.0,SVN
T,W071,Glass wastes,Slovenia,2018,30252.0,SVN
T,W071,Glass wastes,Slovenia,2020,29860.0,SVN
T,W071,Glass wastes,Slovenia,2022,33995.0,SVN
T,W071,Glass wastes,Slovakia,2004,0.0,SVK
T,W071,Glass wastes,Slovakia,2006,23124.0,SVK
T,W071,Glass wastes,Slovakia,2008,38844.0,SVK
T,W071,Glass wastes,Slovakia,2010,42643.0,SVK
T,W071,Glass wastes,Slovakia,2012,48552.0,SVK
T,W071,Glass wastes,Slovakia,2014,50227.0,SVK
T,W071,Glass wastes,Slovakia,2016,55984.0,SVK
T,W071,Glass wastes,Slovakia,2018,66251.0,SVK
T,W071,Glass wastes,Slovakia,2020,78778.0,SVK
T,W071,Glass wastes,Slovakia,2022,85527.0,SVK
T,W071,Glass wastes,Türkiye,2004,0.0,
T,W071,Glass wastes,Türkiye,2006,0.0,
T,W071,Glass wastes,Türkiye,2008,201738.0,
T,W071,Glass wastes,Türkiye,2010,7700.0,
T,W071,Glass wastes,Türkiye,2012,9302.0,
T,W071,Glass wastes,Türkiye,2014,22788.0,
T,W071,Glass wastes,Türkiye,2016,178713.0,
T,W071,Glass wastes,Türkiye,2018,187416.0,
T,W071,Glass wastes,Türkiye,2020,215614.0,
T,W071,Glass wastes,Türkiye,2022,97574.0,
T,W071,Glass wastes,United Kingdom,2004,789945.0,GBR
T,W071,Glass wastes,United Kingdom,2006,949187.0,GBR
T,W071,Glass wastes,United Kingdom,2008,1093123.0,GBR
T,W071,Glass wastes,United Kingdom,2010,1362003.0,GBR
T,W071,Glass wastes,United Kingdom,2012,1364450.0,GBR
T,W071,Glass wastes,United Kingdom,2014,1394922.0,GBR
T,W071,Glass wastes,United Kingdom,2016,1431223.0,GBR
T,W071,Glass wastes,United Kingdom,2018,1432776.0,GBR
T,W071,Glass wastes,Kosovo*,2012,0.0,
T,W071,Glass wastes,Kosovo*,2014,0.0,
T,W071,Glass wastes,Kosovo*,2016,0.0,
T,W071,Glass wastes,Kosovo*,2018,0.0,
T,W071,Glass wastes,Kosovo*,2020,0.0,
T,W071,Glass wastes,Kosovo*,2022,0.0,
T,W072,Paper and cardboard wastes,Austria,2004,601100.0,AUT
T,W072,Paper and cardboard wastes,Austria,2006,654800.0,AUT
T,W072,Paper and cardboard wastes,Austria,2008,703784.0,AUT
T,W072,Paper and cardboard wastes,Austria,2010,677000.0,AUT
T,W072,Paper and cardboard wastes,Austria,2012,638564.0,AUT
T,W072,Paper and cardboard wastes,Austria,2014,677600.0,AUT
T,W072,Paper and cardboard wastes,Austria,2016,655631.0,AUT
T,W072,Paper and cardboard wastes,Austria,2018,654178.0,AUT
T,W072,Paper and cardboard wastes,Austria,2020,624853.0,AUT
T,W072,Paper and cardboard wastes,Austria,2022,601648.0,AUT
T,W072,Paper and cardboard wastes,Bosnia and Herzegovina,2012,0.0,
T,W072,Paper and cardboard wastes,Bosnia and Herzegovina,2018,21468.0,
T,W072,Paper and cardboard wastes,Bosnia and Herzegovina,2020,16962.0,
T,W072,Paper and cardboard wastes,Bosnia and Herzegovina,2022,12834.0,
T,W072,Paper and cardboard wastes,Belgium,2004,506505.0,BEL
T,W072,Paper and cardboard wastes,Belgium,2006,667422.0,BEL
T,W072,Paper and cardboard wastes,Belgium,2008,670512.0,BEL
T,W072,Paper and cardboard wastes,Belgium,2010,789769.0,BEL
T,W072,Paper and cardboard wastes,Belgium,2012,777126.0,BEL
T,W072,Paper and cardboard wastes,Belgium,2014,704912.0,BEL
T,W072,Paper and cardboard wastes,Belgium,2016,639384.0,BEL
T,W072,Paper and cardboard wastes,Belgium,2018,614540.0,BEL
T,W072,Paper and cardboard wastes,Belgium,2020,592994.0,BEL
T,W072,Paper and cardboard wastes,Belgium,2022,543759.0,BEL
T,W072,Paper and cardboard wastes,Bulgaria,2004,0.0,BGR
T,W072,Paper and cardboard wastes,Bulgaria,2006,0.0,BGR
T,W072,Paper and cardboard wastes,Bulgaria,2008,0.0,BGR
T,W072,Paper and cardboard wastes,Bulgaria,2010,83327.0,BGR
T,W072,Paper and cardboard wastes,Bulgaria,2012,80632.0,BGR
T,W072,Paper and cardboard wastes,Bulgaria,2014,152912.0,BGR
T,W072,Paper and cardboard wastes,Bulgaria,2016,169975.0,BGR
T,W072,Paper and cardboard wastes,Bulgaria,2018,342991.0,BGR
T,W072,Paper and cardboard wastes,Bulgaria,2020,109656.0,BGR
T,W072,Paper and cardboard wastes,Bulgaria,2022,120903.0,BGR
T,W072,Paper and cardboard wastes,Cyprus,2004,104695.0,CYP
T,W072,Paper and cardboard wastes,Cyprus,2006,99211.0,CYP
T,W072,Paper and cardboard wastes,Cyprus,2008,113561.0,CYP
T,W072,Paper and cardboard wastes,Cyprus,2010,111079.0,CYP
T,W072,Paper and cardboard wastes,Cyprus,2012,11511.0,CYP
T,W072,Paper and cardboard wastes,Cyprus,2014,10235.0,CYP
T,W072,Paper and cardboard wastes,Cyprus,2016,10263.0,CYP
T,W072,Paper and cardboard wastes,Cyprus,2018,10076.0,CYP
T,W072,Paper and cardboard wastes,Cyprus,2020,9480.0,CYP
T,W072,Paper and cardboard wastes,Cyprus,2022,9763.0,CYP
T,W072,Paper and cardboard wastes,Czechia,2004,82983.0,CZE
T,W072,Paper and cardboard wastes,Czechia,2006,134272.0,CZE
T,W072,Paper and cardboard wastes,Czechia,2008,134501.0,CZE
T,W072,Paper and cardboard wastes,Czechia,2010,158626.0,CZE
T,W072,Paper and cardboard wastes,Czechia,2012,164289.0,CZE
T,W072,Paper and cardboard wastes,Czechia,2014,162625.0,CZE
T,W072,Paper and cardboard wastes,Czechia,2016,177342.0,CZE
T,W072,Paper and cardboard wastes,Czechia,2018,355705.0,CZE
T,W072,Paper and cardboard wastes,Czechia,2020,307995.0,CZE
T,W072,Paper and cardboard wastes,Czechia,2022,221613.0,CZE
T,W072,Paper and cardboard wastes,Germany,2004,5735935.0,DEU
T,W072,Paper and cardboard wastes,Germany,2006,5551627.0,DEU
T,W072,Paper and cardboard wastes,Germany,2008,6130580.0,DEU
T,W072,Paper and cardboard wastes,Germany,2010,5645743.0,DEU
T,W072,Paper and cardboard wastes,Germany,2012,5635120.0,DEU
T,W072,Paper and cardboard wastes,Germany,2014,5405753.0,DEU
T,W072,Paper and cardboard wastes,Germany,2016,5411523.0,DEU
T,W072,Paper and cardboard wastes,Germany,2018,5380142.0,DEU
T,W072,Paper and cardboard wastes,Germany,2020,4708052.0,DEU
T,W072,Paper and cardboard wastes,Germany,2022,4703070.0,DEU
T,W072,Paper and cardboard wastes,Denmark,2004,124557.0,DNK
T,W072,Paper and cardboard wastes,Denmark,2006,92022.0,DNK
T,W072,Paper and cardboard wastes,Denmark,2008,97153.0,DNK
T,W072,Paper and cardboard wastes,Denmark,2010,232896.0,DNK
T,W072,Paper and cardboard wastes,Denmark,2012,241432.0,DNK
T,W072,Paper and cardboard wastes,Denmark,2014,246100.0,DNK
T,W072,Paper and cardboard wastes,Denmark,2016,267638.0,DNK
T,W072,Paper and cardboard wastes,Denmark,2018,253497.0,DNK
T,W072,Paper and cardboard wastes,Denmark,2020,234058.0,DNK
T,W072,Paper and cardboard wastes,Denmark,2022,210526.0,DNK
T,W072,Paper and cardboard wastes,Estonia,2004,6000.0,EST
T,W072,Paper and cardboard wastes,Estonia,2006,7507.0,EST
T,W072,Paper and cardboard wastes,Estonia,2008,10487.0,EST
T,W072,Paper and cardboard wastes,Estonia,2010,10158.0,EST
T,W072,Paper and cardboard wastes,Estonia,2012,9738.0,EST
T,W072,Paper and cardboard wastes,Estonia,2014,16745.0,EST
T,W072,Paper and cardboard wastes,Estonia,2016,16683.0,EST
T,W072,Paper and cardboard wastes,Estonia,2018,22863.0,EST
T,W072,Paper and cardboard wastes,Estonia,2020,21974.0,EST
T,W072,Paper and cardboard wastes,Estonia,2022,15402.0,EST
T,W072,Paper and cardboard wastes,Greece,2004,0.0,GRC
T,W072,Paper and cardboard wastes,Greece,2006,14135.0,GRC
T,W072,Paper and cardboard wastes,Greece,2008,0.0,GRC
T,W072,Paper and cardboard wastes,Greece,2010,0.0,GRC
T,W072,Paper and cardboard wastes,Greece,2016,0.0,GRC
T,W072,Paper and cardboard wastes,Greece,2018,29683.0,GRC
T,W072,Paper and cardboard wastes,Greece,2020,14976.0,GRC
T,W072,Paper and cardboard wastes,Greece,2022,4351.0,GRC
T,W072,Paper and cardboard wastes,Spain,2004,698274.0,ESP
T,W072,Paper and cardboard wastes,Spain,2006,824871.0,ESP
T,W072,Paper and cardboard wastes,Spain,2008,1098374.0,ESP
T,W072,Paper and cardboard wastes,Spain,2010,1224038.0,ESP
T,W072,Paper and cardboard wastes,Spain,2012,847717.0,ESP
T,W072,Paper and cardboard wastes,Spain,2014,762851.0,ESP
T,W072,Paper and cardboard wastes,Spain,2016,1021166.0,ESP
T,W072,Paper and cardboard wastes,Spain,2018,1067385.0,ESP
T,W072,Paper and cardboard wastes,Spain,2020,1340017.0,ESP
T,W072,Paper and cardboard wastes,Spain,2022,1493450.0,ESP
T,W072,Paper and cardboard wastes,European Union - 27 countries (from 2020),2004,14220000.0,EU27_2020
T,W072,Paper and cardboard wastes,European Union - 27 countries (from 2020),2006,14900000.0,EU27_2020
T,W072,Paper and cardboard wastes,European Union - 27 countries (from 2020),2008,15880000.0,EU27_2020
T,W072,Paper and cardboard wastes,European Union - 27 countries (from 2020),2010,16010000.0,EU27_2020
T,W072,Paper and cardboard wastes,European Union - 27 countries (from 2020),2016,15360000.0,EU27_2020
T,W072,Paper and cardboard wastes,European Union - 27 countries (from 2020),2018,16240000.0,EU27_2020
T,W072,Paper and cardboard wastes,European Union - 27 countries (from 2020),2020,15690000.0,EU27_2020
T,W072,Paper and cardboard wastes,European Union - 27 countries (from 2020),2022,16000000.0,EU27_2020
T,W072,Paper and cardboard wastes,European Union - 28 countries (2013-2020),2004,16280000.0,
T,W072,Paper and cardboard wastes,European Union - 28 countries (2013-2020),2006,16770000.0,
T,W072,Paper and cardboard wastes,European Union - 28 countries (2013-2020),2008,17680000.0,
T,W072,Paper and cardboard wastes,European Union - 28 countries (2013-2020),2010,18920000.0,
T,W072,Paper and cardboard wastes,European Union - 28 countries (2013-2020),2012,18530000.0,
T,W072,Paper and cardboard wastes,European Union - 28 countries (2013-2020),2014,17920000.0,
T,W072,Paper and cardboard wastes,European Union - 28 countries (2013-2020),2016,18120000.0,
T,W072,Paper and cardboard wastes,European Union - 28 countries (2013-2020),2018,18930000.0,
T,W072,Paper and cardboard wastes,Finland,2004,205000.0,FIN
T,W072,Paper and cardboard wastes,Finland,2006,196123.0,FIN
T,W072,Paper and cardboard wastes,Finland,2008,226900.0,FIN
T,W072,Paper and cardboard wastes,Finland,2010,247067.0,FIN
T,W072,Paper and cardboard wastes,Finland,2012,206590.0,FIN
T,W072,Paper and cardboard wastes,Finland,2014,203397.0,FIN
T,W072,Paper and cardboard wastes,Finland,2016,71636.0,FIN
T,W072,Paper and cardboard wastes,Finland,2018,291650.0,FIN
T,W072,Paper and cardboard wastes,Finland,2020,357573.0,FIN
T,W072,Paper and cardboard wastes,Finland,2022,219688.0,FIN
T,W072,Paper and cardboard wastes,France,2004,1038500.0,FRA
T,W072,Paper and cardboard wastes,France,2006,1110800.0,FRA
T,W072,Paper and cardboard wastes,France,2008,1246430.0,FRA
T,W072,Paper and cardboard wastes,France,2010,1392789.0,FRA
T,W072,Paper and cardboard wastes,France,2012,1697280.0,FRA
T,W072,Paper and cardboard wastes,France,2014,1595000.0,FRA
T,W072,Paper and cardboard wastes,France,2016,1580280.0,FRA
T,W072,Paper and cardboard wastes,France,2018,1567800.0,FRA
T,W072,Paper and cardboard wastes,France,2020,1383247.0,FRA
T,W072,Paper and cardboard wastes,France,2022,1504061.0,FRA
T,W072,Paper and cardboard wastes,Croatia,2004,0.0,HRV
T,W072,Paper and cardboard wastes,Croatia,2006,0.0,HRV
T,W072,Paper and cardboard wastes,Croatia,2008,0.0,HRV
T,W072,Paper and cardboard wastes,Croatia,2010,0.0,HRV
T,W072,Paper and cardboard wastes,Croatia,2012,20436.0,HRV
T,W072,Paper and cardboard wastes,Croatia,2014,28652.0,HRV
T,W072,Paper and cardboard wastes,Croatia,2016,39015.0,HRV
T,W072,Paper and cardboard wastes,Croatia,2018,60277.0,HRV
T,W072,Paper and cardboard wastes,Croatia,2020,68796.0,HRV
T,W072,Paper and cardboard wastes,Croatia,2022,82279.0,HRV
T,W072,Paper and cardboard wastes,Hungary,2004,431710.0,HUN
T,W072,Paper and cardboard wastes,Hungary,2006,50883.0,HUN
T,W072,Paper and cardboard wastes,Hungary,2008,122236.0,HUN
T,W072,Paper and cardboard wastes,Hungary,2010,120293.0,HUN
T,W072,Paper and cardboard wastes,Hungary,2012,153177.0,HUN
T,W072,Paper and cardboard wastes,Hungary,2014,140033.0,HUN
T,W072,Paper and cardboard wastes,Hungary,2016,113164.0,HUN
T,W072,Paper and cardboard wastes,Hungary,2018,105378.0,HUN
T,W072,Paper and cardboard wastes,Hungary,2020,134636.0,HUN
T,W072,Paper and cardboard wastes,Hungary,2022,155456.0,HUN
T,W072,Paper and cardboard wastes,Ireland,2004,353746.0,IRL
T,W072,Paper and cardboard wastes,Ireland,2006,450772.0,IRL
T,W072,Paper and cardboard wastes,Ireland,2010,20968.0,IRL
T,W072,Paper and cardboard wastes,Ireland,2012,16142.0,IRL
T,W072,Paper and cardboard wastes,Ireland,2014,16447.0,IRL
T,W072,Paper and cardboard wastes,Ireland,2016,17350.0,IRL
T,W072,Paper and cardboard wastes,Ireland,2018,16670.0,IRL
T,W072,Paper and cardboard wastes,Ireland,2020,18228.0,IRL
T,W072,Paper and cardboard wastes,Ireland,2022,14839.0,IRL
T,W072,Paper and cardboard wastes,Iceland,2004,7800.0,ISL
T,W072,Paper and cardboard wastes,Iceland,2010,17200.0,ISL
T,W072,Paper and cardboard wastes,Iceland,2012,19922.0,ISL
T,W072,Paper and cardboard wastes,Iceland,2014,24380.0,ISL
T,W072,Paper and cardboard wastes,Iceland,2016,30449.0,ISL
T,W072,Paper and cardboard wastes,Iceland,2018,30892.0,ISL
T,W072,Paper and cardboard wastes,Iceland,2020,20518.0,ISL
T,W072,Paper and cardboard wastes,Iceland,2022,4309.0,ISL
T,W072,Paper and cardboard wastes,Italy,2004,2153825.0,ITA
T,W072,Paper and cardboard wastes,Italy,2006,2529463.0,ITA
T,W072,Paper and cardboard wastes,Italy,2008,2934146.0,ITA
T,W072,Paper and cardboard wastes,Italy,2010,3062718.0,ITA
T,W072,Paper and cardboard wastes,Italy,2012,3037536.0,ITA
T,W072,Paper and cardboard wastes,Italy,2014,3153874.0,ITA
T,W072,Paper and cardboard wastes,Italy,2016,3218725.0,ITA
T,W072,Paper and cardboard wastes,Italy,2018,3418441.0,ITA
T,W072,Paper and cardboard wastes,Italy,2020,3508537.0,ITA
T,W072,Paper and cardboard wastes,Italy,2022,3652779.0,ITA
T,W072,Paper and cardboard wastes,Liechtenstein,2008,0.0,
T,W072,Paper and cardboard wastes,Liechtenstein,2010,0.0,
T,W072,Paper and cardboard wastes,Liechtenstein,2012,6522.0,
T,W072,Paper and cardboard wastes,Liechtenstein,2014,4791.0,
T,W072,Paper and cardboard wastes,Liechtenstein,2016,4780.0,
T,W072,Paper and cardboard wastes,Liechtenstein,2018,5415.0,
T,W072,Paper and cardboard wastes,Liechtenstein,2020,4606.0,
T,W072,Paper and cardboard wastes,Liechtenstein,2022,5010.0,
T,W072,Paper and cardboard wastes,Lithuania,2004,4456.0,LTU
T,W072,Paper and cardboard wastes,Lithuania,2006,33318.0,LTU
T,W072,Paper and cardboard wastes,Lithuania,2008,49364.0,LTU
T,W072,Paper and cardboard wastes,Lithuania,2010,49539.0,LTU
T,W072,Paper and cardboard wastes,Lithuania,2012,19584.0,LTU
T,W072,Paper and cardboard wastes,Lithuania,2014,30621.0,LTU
T,W072,Paper and cardboard wastes,Lithuania,2016,28161.0,LTU
T,W072,Paper and cardboard wastes,Lithuania,2018,27889.0,LTU
T,W072,Paper and cardboard wastes,Lithuania,2020,29257.0,LTU
T,W072,Paper and cardboard wastes,Lithuania,2022,45517.0,LTU
T,W072,Paper and cardboard wastes,Luxembourg,2004,3656.0,LUX
T,W072,Paper and cardboard wastes,Luxembourg,2006,361.0,LUX
T,W072,Paper and cardboard wastes,Luxembourg,2008,15000.0,LUX
T,W072,Paper and cardboard wastes,Luxembourg,2010,24661.0,LUX
T,W072,Paper and cardboard wastes,Luxembourg,2012,26266.0,LUX
T,W072,Paper and cardboard wastes,Luxembourg,2014,21479.0,LUX
T,W072,Paper and cardboard wastes,Luxembourg,2016,14881.0,LUX
T,W072,Paper and cardboard wastes,Luxembourg,2018,15344.0,LUX
T,W072,Paper and cardboard wastes,Luxembourg,2020,22357.0,LUX
T,W072,Paper and cardboard wastes,Luxembourg,2022,18720.0,LUX
T,W072,Paper and cardboard wastes,Latvia,2004,0.0,LVA
T,W072,Paper and cardboard wastes,Latvia,2006,17726.0,LVA
T,W072,Paper and cardboard wastes,Latvia,2008,0.0,LVA
T,W072,Paper and cardboard wastes,Latvia,2010,39986.0,LVA
T,W072,Paper and cardboard wastes,Latvia,2012,96987.0,LVA
T,W072,Paper and cardboard wastes,Latvia,2014,86483.0,LVA
T,W072,Paper and cardboard wastes,Latvia,2016,101675.0,LVA
T,W072,Paper and cardboard wastes,Latvia,2018,63223.0,LVA
T,W072,Paper and cardboard wastes,Latvia,2020,57950.0,LVA
T,W072,Paper and cardboard wastes,Latvia,2022,64685.0,LVA
T,W072,Paper and cardboard wastes,Montenegro,2012,4924.0,
T,W072,Paper and cardboard wastes,Montenegro,2014,3471.0,
T,W072,Paper and cardboard wastes,Montenegro,2016,5049.0,
T,W072,Paper and cardboard wastes,Montenegro,2018,4216.0,
T,W072,Paper and cardboard wastes,Montenegro,2020,4509.0,
T,W072,Paper and cardboard wastes,Montenegro,2022,4652.0,
T,W072,Paper and cardboard wastes,North Macedonia,2008,0.0,
T,W072,Paper and cardboard wastes,North Macedonia,2010,0.0,
T,W072,Paper and cardboard wastes,North Macedonia,2012,0.0,
T,W072,Paper and cardboard wastes,North Macedonia,2014,0.0,
T,W072,Paper and cardboard wastes,North Macedonia,2016,0.0,
T,W072,Paper and cardboard wastes,North Macedonia,2018,0.0,
T,W072,Paper and cardboard wastes,North Macedonia,2020,0.0,
T,W072,Paper and cardboard wastes,North Macedonia,2022,0.0,
T,W072,Paper and cardboard wastes,Malta,2004,975.0,MLT
T,W072,Paper and cardboard wastes,Malta,2006,1454.0,MLT
T,W072,Paper and cardboard wastes,Malta,2008,977.0,MLT
T,W072,Paper and cardboard wastes,Malta,2010,2151.0,MLT
T,W072,Paper and cardboard wastes,Malta,2012,1368.0,MLT
T,W072,Paper and cardboard wastes,Malta,2014,1679.0,MLT
T,W072,Paper and cardboard wastes,Malta,2016,1506.0,MLT
T,W072,Paper and cardboard wastes,Malta,2018,1688.0,MLT
T,W072,Paper and cardboard wastes,Malta,2020,2125.0,MLT
T,W072,Paper and cardboard wastes,Malta,2022,2314.0,MLT
T,W072,Paper and cardboard wastes,Netherlands,2004,1117131.0,NLD
T,W072,Paper and cardboard wastes,Netherlands,2006,1177105.0,NLD
T,W072,Paper and cardboard wastes,Netherlands,2008,1242308.0,NLD
T,W072,Paper and cardboard wastes,Netherlands,2010,1127573.0,NLD
T,W072,Paper and cardboard wastes,Netherlands,2016,867062.0,NLD
T,W072,Paper and cardboard wastes,Netherlands,2018,826612.0,NLD
T,W072,Paper and cardboard wastes,Netherlands,2020,834542.0,NLD
T,W072,Paper and cardboard wastes,Netherlands,2022,756792.0,NLD
T,W072,Paper and cardboard wastes,Norway,2004,258721.0,NOR
T,W072,Paper and cardboard wastes,Norway,2006,328375.0,NOR
T,W072,Paper and cardboard wastes,Norway,2008,350000.0,NOR
T,W072,Paper and cardboard wastes,Norway,2010,310000.0,NOR
T,W072,Paper and cardboard wastes,Norway,2012,301680.0,NOR
T,W072,Paper and cardboard wastes,Norway,2014,276761.0,NOR
T,W072,Paper and cardboard wastes,Norway,2016,259991.0,NOR
T,W072,Paper and cardboard wastes,Norway,2018,238882.0,NOR
T,W072,Paper and cardboard wastes,Norway,2020,231706.0,NOR
T,W072,Paper and cardboard wastes,Norway,2022,204087.0,NOR
T,W072,Paper and cardboard wastes,Poland,2004,27657.0,POL
T,W072,Paper and cardboard wastes,Poland,2006,44306.0,POL
T,W072,Paper and cardboard wastes,Poland,2008,69634.0,POL
T,W072,Paper and cardboard wastes,Poland,2010,94765.0,POL
T,W072,Paper and cardboard wastes,Poland,2012,106392.0,POL
T,W072,Paper and cardboard wastes,Poland,2014,169610.0,POL
T,W072,Paper and cardboard wastes,Poland,2016,202064.0,POL
T,W072,Paper and cardboard wastes,Poland,2018,269404.0,POL
T,W072,Paper and cardboard wastes,Poland,2020,487972.0,POL
T,W072,Paper and cardboard wastes,Poland,2022,711581.0,POL
T,W072,Paper and cardboard wastes,Portugal,2004,94395.0,PRT
T,W072,Paper and cardboard wastes,Portugal,2006,0.0,PRT
T,W072,Paper and cardboard wastes,Portugal,2008,193581.0,PRT
T,W072,Paper and cardboard wastes,Portugal,2010,186818.0,PRT
T,W072,Paper and cardboard wastes,Portugal,2012,146616.0,PRT
T,W072,Paper and cardboard wastes,Portugal,2014,138508.0,PRT
T,W072,Paper and cardboard wastes,Portugal,2016,152466.0,PRT
T,W072,Paper and cardboard wastes,Portugal,2018,189391.0,PRT
T,W072,Paper and cardboard wastes,Portugal,2020,214230.0,PRT
T,W072,Paper and cardboard wastes,Portugal,2022,230727.0,PRT
T,W072,Paper and cardboard wastes,Romania,2004,391106.0,ROU
T,W072,Paper and cardboard wastes,Romania,2006,643624.0,ROU
T,W072,Paper and cardboard wastes,Romania,2008,219613.0,ROU
T,W072,Paper and cardboard wastes,Romania,2010,169423.0,ROU
T,W072,Paper and cardboard wastes,Romania,2012,210227.0,ROU
T,W072,Paper and cardboard wastes,Romania,2014,28607.0,ROU
T,W072,Paper and cardboard wastes,Romania,2016,109415.0,ROU
T,W072,Paper and cardboard wastes,Romania,2018,125652.0,ROU
T,W072,Paper and cardboard wastes,Romania,2020,101378.0,ROU
T,W072,Paper and cardboard wastes,Romania,2022,118247.0,ROU
T,W072,Paper and cardboard wastes,Serbia,2010,0.0,
T,W072,Paper and cardboard wastes,Serbia,2014,7621.0,
T,W072,Paper and cardboard wastes,Serbia,2016,15713.0,
T,W072,Paper and cardboard wastes,Serbia,2018,2057.0,
T,W072,Paper and cardboard wastes,Serbia,2020,22284.0,
T,W072,Paper and cardboard wastes,Serbia,2022,0.0,
T,W072,Paper and cardboard wastes,Sweden,2004,512012.0,SWE
T,W072,Paper and cardboard wastes,Sweden,2006,537440.0,SWE
T,W072,Paper and cardboard wastes,Sweden,2008,519120.0,SWE
T,W072,Paper and cardboard wastes,Sweden,2010,454986.0,SWE
T,W072,Paper and cardboard wastes,Sweden,2012,379365.0,SWE
T,W072,Paper and cardboard wastes,Sweden,2014,368233.0,SWE
T,W072,Paper and cardboard wastes,Sweden,2016,361078.0,SWE
T,W072,Paper and cardboard wastes,Sweden,2018,372041.0,SWE
T,W072,Paper and cardboard wastes,Sweden,2020,355892.0,SWE
T,W072,Paper and cardboard wastes,Sweden,2022,329262.0,SWE
T,W072,Paper and cardboard wastes,Slovenia,2004,17254.0,SVN
T,W072,Paper and cardboard wastes,Slovenia,2006,26104.0,SVN
T,W072,Paper and cardboard wastes,Slovenia,2008,33740.0,SVN
T,W072,Paper and cardboard wastes,Slovenia,2010,38865.0,SVN
T,W072,Paper and cardboard wastes,Slovenia,2012,40747.0,SVN
T,W072,Paper and cardboard wastes,Slovenia,2014,43970.0,SVN
T,W072,Paper and cardboard wastes,Slovenia,2016,42457.0,SVN
T,W072,Paper and cardboard wastes,Slovenia,2018,51822.0,SVN
T,W072,Paper and cardboard wastes,Slovenia,2020,47761.0,SVN
T,W072,Paper and cardboard wastes,Slovenia,2022,56532.0,SVN
T,W072,Paper and cardboard wastes,Slovakia,2004,0.0,SVK
T,W072,Paper and cardboard wastes,Slovakia,2006,30433.0,SVK
T,W072,Paper and cardboard wastes,Slovakia,2008,44814.0,SVK
T,W072,Paper and cardboard wastes,Slovakia,2010,48163.0,SVK
T,W072,Paper and cardboard wastes,Slovakia,2012,58925.0,SVK
T,W072,Paper and cardboard wastes,Slovakia,2014,61686.0,SVK
T,W072,Paper and cardboard wastes,Slovakia,2016,72557.0,SVK
T,W072,Paper and cardboard wastes,Slovakia,2018,105332.0,SVK
T,W072,Paper and cardboard wastes,Slovakia,2020,101129.0,SVK
T,W072,Paper and cardboard wastes,Slovakia,2022,108379.0,SVK
T,W072,Paper and cardboard wastes,Türkiye,2004,0.0,
T,W072,Paper and cardboard wastes,Türkiye,2006,0.0,
T,W072,Paper and cardboard wastes,Türkiye,2008,804533.0,
T,W072,Paper and cardboard wastes,Türkiye,2010,32036.0,
T,W072,Paper and cardboard wastes,Türkiye,2012,22743.0,
T,W072,Paper and cardboard wastes,Türkiye,2014,68952.0,
T,W072,Paper and cardboard wastes,Türkiye,2016,781593.0,
T,W072,Paper and cardboard wastes,Türkiye,2018,872020.0,
T,W072,Paper and cardboard wastes,Türkiye,2020,827987.0,
T,W072,Paper and cardboard wastes,Türkiye,2022,459217.0,
T,W072,Paper and cardboard wastes,United Kingdom,2004,2064783.0,GBR
T,W072,Paper and cardboard wastes,United Kingdom,2006,1872239.0,GBR
T,W072,Paper and cardboard wastes,United Kingdom,2008,1803922.0,GBR
T,W072,Paper and cardboard wastes,United Kingdom,2010,2902991.0,GBR
T,W072,Paper and cardboard wastes,United Kingdom,2012,2904603.0,GBR
T,W072,Paper and cardboard wastes,United Kingdom,2014,2809695.0,GBR
T,W072,Paper and cardboard wastes,United Kingdom,2016,2759945.0,GBR
T,W072,Paper and cardboard wastes,United Kingdom,2018,2693692.0,GBR
T,W072,Paper and cardboard wastes,Kosovo*,2012,0.0,
T,W072,Paper and cardboard wastes,Kosovo*,2014,0.0,
T,W072,Paper and cardboard wastes,Kosovo*,2016,0.0,
T,W072,Paper and cardboard wastes,Kosovo*,2018,0.0,
T,W072,Paper and cardboard wastes,Kosovo*,2020,0.0,
T,W072,Paper and cardboard wastes,Kosovo*,2022,0.0,
T,W074,Plastic wastes,Austria,2004,127000.0,AUT
T,W074,Plastic wastes,Austria,2006,129200.0,AUT
T,W074,Plastic wastes,Austria,2008,142013.0,AUT
T,W074,Plastic wastes,Austria,2010,151456.0,AUT
T,W074,Plastic wastes,Austria,2012,152657.0,AUT
T,W074,Plastic wastes,Austria,2014,164240.0,AUT
T,W074,Plastic wastes,Austria,2016,168877.0,AUT
T,W074,Plastic wastes,Austria,2018,176528.0,AUT
T,W074,Plastic wastes,Austria,2020,185931.0,AUT
T,W074,Plastic wastes,Austria,2022,185393.0,AUT
T,W074,Plastic wastes,Bosnia and Herzegovina,2012,0.0,
T,W074,Plastic wastes,Bosnia and Herzegovina,2018,7182.0,
T,W074,Plastic wastes,Bosnia and Herzegovina,2020,5445.0,
T,W074,Plastic wastes,Bosnia and Herzegovina,2022,3832.0,
T,W074,Plastic wastes,Belgium,2004,50564.0,BEL
T,W074,Plastic wastes,Belgium,2006,110367.0,BEL
T,W074,Plastic wastes,Belgium,2008,102297.0,BEL
T,W074,Plastic wastes,Belgium,2010,119392.0,BEL
T,W074,Plastic wastes,Belgium,2012,112624.0,BEL
T,W074,Plastic wastes,Belgium,2014,117952.0,BEL
T,W074,Plastic wastes,Belgium,2016,107451.0,BEL
T,W074,Plastic wastes,Belgium,2018,93871.0,BEL
T,W074,Plastic wastes,Belgium,2020,154179.0,BEL
T,W074,Plastic wastes,Belgium,2022,182704.0,BEL
T,W074,Plastic wastes,Bulgaria,2004,0.0,BGR
T,W074,Plastic wastes,Bulgaria,2006,0.0,BGR
T,W074,Plastic wastes,Bulgaria,2008,0.0,BGR
T,W074,Plastic wastes,Bulgaria,2010,21229.0,BGR
T,W074,Plastic wastes,Bulgaria,2012,39286.0,BGR
T,W074,Plastic wastes,Bulgaria,2014,54075.0,BGR
T,W074,Plastic wastes,Bulgaria,2016,37179.0,BGR
T,W074,Plastic wastes,Bulgaria,2018,175231.0,BGR
T,W074,Plastic wastes,Bulgaria,2020,32595.0,BGR
T,W074,Plastic wastes,Bulgaria,2022,29969.0,BGR
T,W074,Plastic wastes,Cyprus,2004,44450.0,CYP
T,W074,Plastic wastes,Cyprus,2006,42124.0,CYP
T,W074,Plastic wastes,Cyprus,2008,58306.0,CYP
T,W074,Plastic wastes,Cyprus,2010,76203.0,CYP
T,W074,Plastic wastes,Cyprus,2012,0.0,CYP
T,W074,Plastic wastes,Cyprus,2014,0.0,CYP
T,W074,Plastic wastes,Cyprus,2016,0.0,CYP
T,W074,Plastic wastes,Cyprus,2018,0.0,CYP
T,W074,Plastic wastes,Cyprus,2020,171.0,CYP
T,W074,Plastic wastes,Cyprus,2022,0.0,CYP
T,W074,Plastic wastes,Czechia,2004,37380.0,CZE
T,W074,Plastic wastes,Czechia,2006,53698.0,CZE
T,W074,Plastic wastes,Czechia,2008,53647.0,CZE
T,W074,Plastic wastes,Czechia,2010,63500.0,CZE
T,W074,Plastic wastes,Czechia,2012,95789.0,CZE
T,W074,Plastic wastes,Czechia,2014,103184.0,CZE
T,W074,Plastic wastes,Czechia,2016,121243.0,CZE
T,W074,Plastic wastes,Czechia,2018,154812.0,CZE
T,W074,Plastic wastes,Czechia,2020,179886.0,CZE
T,W074,Plastic wastes,Czechia,2022,182930.0,CZE
T,W074,Plastic wastes,Germany,2004,173577.0,DEU
T,W074,Plastic wastes,Germany,2006,298376.0,DEU
T,W074,Plastic wastes,Germany,2008,129754.0,DEU
T,W074,Plastic wastes,Germany,2010,45895.0,DEU
T,W074,Plastic wastes,Germany,2012,126095.0,DEU
T,W074,Plastic wastes,Germany,2014,101694.0,DEU
T,W074,Plastic wastes,Germany,2016,123789.0,DEU
T,W074,Plastic wastes,Germany,2018,111219.0,DEU
T,W074,Plastic wastes,Germany,2020,106495.0,DEU
T,W074,Plastic wastes,Germany,2022,130167.0,DEU
T,W074,Plastic wastes,Denmark,2004,2809.0,DNK
T,W074,Plastic wastes,Denmark,2006,2152.0,DNK
T,W074,Plastic wastes,Denmark,2008,2523.0,DNK
T,W074,Plastic wastes,Denmark,2010,25074.0,DNK
T,W074,Plastic wastes,Denmark,2012,25388.0,DNK
T,W074,Plastic wastes,Denmark,2014,30058.0,DNK
T,W074,Plastic wastes,Denmark,2016,38917.0,DNK
T,W074,Plastic wastes,Denmark,2018,49528.0,DNK
T,W074,Plastic wastes,Denmark,2020,81410.0,DNK
T,W074,Plastic wastes,Denmark,2022,87190.0,DNK
T,W074,Plastic wastes,Estonia,2004,1455.0,EST
T,W074,Plastic wastes,Estonia,2006,444.0,EST
T,W074,Plastic wastes,Estonia,2008,2125.0,EST
T,W074,Plastic wastes,Estonia,2010,2543.0,EST
T,W074,Plastic wastes,Estonia,2012,1674.0,EST
T,W074,Plastic wastes,Estonia,2014,3450.0,EST
T,W074,Plastic wastes,Estonia,2016,2706.0,EST
T,W074,Plastic wastes,Estonia,2018,5170.0,EST
T,W074,Plastic wastes,Estonia,2020,4718.0,EST
T,W074,Plastic wastes,Estonia,2022,6079.0,EST
T,W074,Plastic wastes,Greece,2004,0.0,GRC
T,W074,Plastic wastes,Greece,2006,11836.0,GRC
T,W074,Plastic wastes,Greece,2008,0.0,GRC
T,W074,Plastic wastes,Greece,2010,0.0,GRC
T,W074,Plastic wastes,Greece,2016,0.0,GRC
T,W074,Plastic wastes,Greece,2018,10553.0,GRC
T,W074,Plastic wastes,Greece,2020,16115.0,GRC
T,W074,Plastic wastes,Greece,2022,1751.0,GRC
T,W074,Plastic wastes,Spain,2004,132703.0,ESP
T,W074,Plastic wastes,Spain,2006,109383.0,ESP
T,W074,Plastic wastes,Spain,2008,183948.0,ESP
T,W074,Plastic wastes,Spain,2010,185499.0,ESP
T,W074,Plastic wastes,Spain,2012,107524.0,ESP
T,W074,Plastic wastes,Spain,2014,39891.0,ESP
T,W074,Plastic wastes,Spain,2016,25119.0,ESP
T,W074,Plastic wastes,Spain,2018,24050.0,ESP
T,W074,Plastic wastes,Spain,2020,8713.0,ESP
T,W074,Plastic wastes,Spain,2022,24293.0,ESP
T,W074,Plastic wastes,European Union - 27 countries (from 2020),2004,1510000.0,EU27_2020
T,W074,Plastic wastes,European Union - 27 countries (from 2020),2006,2090000.0,EU27_2020
T,W074,Plastic wastes,European Union - 27 countries (from 2020),2008,1860000.0,EU27_2020
T,W074,Plastic wastes,European Union - 27 countries (from 2020),2010,2070000.0,EU27_2020
T,W074,Plastic wastes,European Union - 27 countries (from 2020),2016,2900000.0,EU27_2020
T,W074,Plastic wastes,European Union - 27 countries (from 2020),2018,3280000.0,EU27_2020
T,W074,Plastic wastes,European Union - 27 countries (from 2020),2020,3800000.0,EU27_2020
T,W074,Plastic wastes,European Union - 27 countries (from 2020),2022,4020000.0,EU27_2020
T,W074,Plastic wastes,European Union - 28 countries (2013-2020),2004,1630000.0,
T,W074,Plastic wastes,European Union - 28 countries (2013-2020),2006,2170000.0,
T,W074,Plastic wastes,European Union - 28 countries (2013-2020),2008,1960000.0,
T,W074,Plastic wastes,European Union - 28 countries (2013-2020),2010,2410000.0,
T,W074,Plastic wastes,European Union - 28 countries (2013-2020),2012,2880000.0,
T,W074,Plastic wastes,European Union - 28 countries (2013-2020),2014,3100000.0,
T,W074,Plastic wastes,European Union - 28 countries (2013-2020),2016,3410000.0,
T,W074,Plastic wastes,European Union - 28 countries (2013-2020),2018,3810000.0,
T,W074,Plastic wastes,Finland,2004,11529.0,FIN
T,W074,Plastic wastes,Finland,2006,12914.0,FIN
T,W074,Plastic wastes,Finland,2008,22800.0,FIN
T,W074,Plastic wastes,Finland,2010,9463.0,FIN
T,W074,Plastic wastes,Finland,2012,1978.0,FIN
T,W074,Plastic wastes,Finland,2014,28559.0,FIN
T,W074,Plastic wastes,Finland,2016,27614.0,FIN
T,W074,Plastic wastes,Finland,2018,37500.0,FIN
T,W074,Plastic wastes,Finland,2020,69644.0,FIN
T,W074,Plastic wastes,Finland,2022,44886.0,FIN
T,W074,Plastic wastes,France,2004,157000.0,FRA
T,W074,Plastic wastes,France,2006,176500.0,FRA
T,W074,Plastic wastes,France,2008,180940.0,FRA
T,W074,Plastic wastes,France,2010,190900.0,FRA
T,W074,Plastic wastes,France,2012,288600.0,FRA
T,W074,Plastic wastes,France,2014,251000.0,FRA
T,W074,Plastic wastes,France,2016,282000.0,FRA
T,W074,Plastic wastes,France,2018,313000.0,FRA
T,W074,Plastic wastes,France,2020,329000.0,FRA
T,W074,Plastic wastes,France,2022,380000.0,FRA
T,W074,Plastic wastes,Croatia,2004,0.0,HRV
T,W074,Plastic wastes,Croatia,2006,0.0,HRV
T,W074,Plastic wastes,Croatia,2008,0.0,HRV
T,W074,Plastic wastes,Croatia,2010,0.0,HRV
T,W074,Plastic wastes,Croatia,2012,10817.0,HRV
T,W074,Plastic wastes,Croatia,2014,15169.0,HRV
T,W074,Plastic wastes,Croatia,2016,18094.0,HRV
T,W074,Plastic wastes,Croatia,2018,18250.0,HRV
T,W074,Plastic wastes,Croatia,2020,32934.0,HRV
T,W074,Plastic wastes,Croatia,2022,45875.0,HRV
T,W074,Plastic wastes,Hungary,2004,30680.0,HUN
T,W074,Plastic wastes,Hungary,2006,16632.0,HUN
T,W074,Plastic wastes,Hungary,2008,20193.0,HUN
T,W074,Plastic wastes,Hungary,2010,23481.0,HUN
T,W074,Plastic wastes,Hungary,2012,42722.0,HUN
T,W074,Plastic wastes,Hungary,2014,27610.0,HUN
T,W074,Plastic wastes,Hungary,2016,21369.0,HUN
T,W074,Plastic wastes,Hungary,2018,15049.0,HUN
T,W074,Plastic wastes,Hungary,2020,13416.0,HUN
T,W074,Plastic wastes,Hungary,2022,14958.0,HUN
T,W074,Plastic wastes,Ireland,2004,187131.0,IRL
T,W074,Plastic wastes,Ireland,2006,222499.0,IRL
T,W074,Plastic wastes,Ireland,2010,6044.0,IRL
T,W074,Plastic wastes,Ireland,2012,4970.0,IRL
T,W074,Plastic wastes,Ireland,2014,4977.0,IRL
T,W074,Plastic wastes,Ireland,2016,5772.0,IRL
T,W074,Plastic wastes,Ireland,2018,5082.0,IRL
T,W074,Plastic wastes,Ireland,2020,5463.0,IRL
T,W074,Plastic wastes,Ireland,2022,4241.0,IRL
T,W074,Plastic wastes,Iceland,2004,1500.0,ISL
T,W074,Plastic wastes,Iceland,2010,1779.0,ISL
T,W074,Plastic wastes,Iceland,2012,2623.0,ISL
T,W074,Plastic wastes,Iceland,2014,2275.0,ISL
T,W074,Plastic wastes,Iceland,2016,3270.0,ISL
T,W074,Plastic wastes,Iceland,2018,4496.0,ISL
T,W074,Plastic wastes,Iceland,2020,3269.0,ISL
T,W074,Plastic wastes,Iceland,2022,2362.0,ISL
T,W074,Plastic wastes,Italy,2004,353162.0,ITA
T,W074,Plastic wastes,Italy,2006,457250.0,ITA
T,W074,Plastic wastes,Italy,2008,577378.0,ITA
T,W074,Plastic wastes,Italy,2010,648642.0,ITA
T,W074,Plastic wastes,Italy,2012,889801.0,ITA
T,W074,Plastic wastes,Italy,2014,1012545.0,ITA
T,W074,Plastic wastes,Italy,2016,1233972.0,ITA
T,W074,Plastic wastes,Italy,2018,1362248.0,ITA
T,W074,Plastic wastes,Italy,2020,1574883.0,ITA
T,W074,Plastic wastes,Italy,2022,1703154.0,ITA
T,W074,Plastic wastes,Liechtenstein,2008,0.0,
T,W074,Plastic wastes,Liechtenstein,2010,0.0,
T,W074,Plastic wastes,Liechtenstein,2012,54.0,
T,W074,Plastic wastes,Liechtenstein,2014,50.0,
T,W074,Plastic wastes,Liechtenstein,2016,176.0,
T,W074,Plastic wastes,Liechtenstein,2018,182.0,
T,W074,Plastic wastes,Liechtenstein,2020,288.0,
T,W074,Plastic wastes,Liechtenstein,2022,283.0,
T,W074,Plastic wastes,Lithuania,2004,2145.0,LTU
T,W074,Plastic wastes,Lithuania,2006,5698.0,LTU
T,W074,Plastic wastes,Lithuania,2008,8443.0,LTU
T,W074,Plastic wastes,Lithuania,2010,13815.0,LTU
T,W074,Plastic wastes,Lithuania,2012,9416.0,LTU
T,W074,Plastic wastes,Lithuania,2014,12726.0,LTU
T,W074,Plastic wastes,Lithuania,2016,17057.0,LTU
T,W074,Plastic wastes,Lithuania,2018,19078.0,LTU
T,W074,Plastic wastes,Lithuania,2020,24591.0,LTU
T,W074,Plastic wastes,Lithuania,2022,54979.0,LTU
T,W074,Plastic wastes,Luxembourg,2004,135.0,LUX
T,W074,Plastic wastes,Luxembourg,2006,23.0,LUX
T,W074,Plastic wastes,Luxembourg,2008,444.0,LUX
T,W074,Plastic wastes,Luxembourg,2010,346.0,LUX
T,W074,Plastic wastes,Luxembourg,2012,231.0,LUX
T,W074,Plastic wastes,Luxembourg,2014,248.0,LUX
T,W074,Plastic wastes,Luxembourg,2016,243.0,LUX
T,W074,Plastic wastes,Luxembourg,2018,279.0,LUX
T,W074,Plastic wastes,Luxembourg,2020,409.0,LUX
T,W074,Plastic wastes,Luxembourg,2022,386.0,LUX
T,W074,Plastic wastes,Latvia,2004,0.0,LVA
T,W074,Plastic wastes,Latvia,2006,8374.0,LVA
T,W074,Plastic wastes,Latvia,2008,0.0,LVA
T,W074,Plastic wastes,Latvia,2010,3760.0,LVA
T,W074,Plastic wastes,Latvia,2012,16256.0,LVA
T,W074,Plastic wastes,Latvia,2014,8555.0,LVA
T,W074,Plastic wastes,Latvia,2016,46293.0,LVA
T,W074,Plastic wastes,Latvia,2018,13305.0,LVA
T,W074,Plastic wastes,Latvia,2020,14513.0,LVA
T,W074,Plastic wastes,Latvia,2022,23233.0,LVA
T,W074,Plastic wastes,Montenegro,2012,3176.0,
T,W074,Plastic wastes,Montenegro,2014,1772.0,
T,W074,Plastic wastes,Montenegro,2016,1942.0,
T,W074,Plastic wastes,Montenegro,2018,1769.0,
T,W074,Plastic wastes,Montenegro,2020,1743.0,
T,W074,Plastic wastes,Montenegro,2022,2341.0,
T,W074,Plastic wastes,North Macedonia,2008,0.0,
T,W074,Plastic wastes,North Macedonia,2010,0.0,
T,W074,Plastic wastes,North Macedonia,2012,0.0,
T,W074,Plastic wastes,North Macedonia,2014,0.0,
T,W074,Plastic wastes,North Macedonia,2016,0.0,
T,W074,Plastic wastes,North Macedonia,2018,0.0,
T,W074,Plastic wastes,North Macedonia,2020,0.0,
T,W074,Plastic wastes,North Macedonia,2022,0.0,
T,W074,Plastic wastes,Malta,2004,92.0,MLT
T,W074,Plastic wastes,Malta,2006,216.0,MLT
T,W074,Plastic wastes,Malta,2008,584.0,MLT
T,W074,Plastic wastes,Malta,2010,1143.0,MLT
T,W074,Plastic wastes,Malta,2012,594.0,MLT
T,W074,Plastic wastes,Malta,2014,744.0,MLT
T,W074,Plastic wastes,Malta,2016,644.0,MLT
T,W074,Plastic wastes,Malta,2018,640.0,MLT
T,W074,Plastic wastes,Malta,2020,791.0,MLT
T,W074,Plastic wastes,Malta,2022,538.0,MLT
T,W074,Plastic wastes,Netherlands,2004,4751.0,NLD
T,W074,Plastic wastes,Netherlands,2006,6092.0,NLD
T,W074,Plastic wastes,Netherlands,2008,12736.0,NLD
T,W074,Plastic wastes,Netherlands,2010,89551.0,NLD
T,W074,Plastic wastes,Netherlands,2016,50434.0,NLD
T,W074,Plastic wastes,Netherlands,2018,37533.0,NLD
T,W074,Plastic wastes,Netherlands,2020,39877.0,NLD
T,W074,Plastic wastes,Netherlands,2022,35203.0,NLD
T,W074,Plastic wastes,Norway,2004,6730.0,NOR
T,W074,Plastic wastes,Norway,2006,12506.0,NOR
T,W074,Plastic wastes,Norway,2008,18000.0,NOR
T,W074,Plastic wastes,Norway,2010,24843.0,NOR
T,W074,Plastic wastes,Norway,2012,33172.0,NOR
T,W074,Plastic wastes,Norway,2014,36324.0,NOR
T,W074,Plastic wastes,Norway,2016,39812.0,NOR
T,W074,Plastic wastes,Norway,2018,45999.0,NOR
T,W074,Plastic wastes,Norway,2020,57366.0,NOR
T,W074,Plastic wastes,Norway,2022,52118.0,NOR
T,W074,Plastic wastes,Poland,2004,22855.0,POL
T,W074,Plastic wastes,Poland,2006,40330.0,POL
T,W074,Plastic wastes,Poland,2008,60807.0,POL
T,W074,Plastic wastes,Poland,2010,93765.0,POL
T,W074,Plastic wastes,Poland,2012,134149.0,POL
T,W074,Plastic wastes,Poland,2014,273846.0,POL
T,W074,Plastic wastes,Poland,2016,271680.0,POL
T,W074,Plastic wastes,Poland,2018,330518.0,POL
T,W074,Plastic wastes,Poland,2020,474078.0,POL
T,W074,Plastic wastes,Poland,2022,542130.0,POL
T,W074,Plastic wastes,Portugal,2004,0.0,PRT
T,W074,Plastic wastes,Portugal,2006,0.0,PRT
T,W074,Plastic wastes,Portugal,2008,44.0,PRT
T,W074,Plastic wastes,Portugal,2010,3185.0,PRT
T,W074,Plastic wastes,Portugal,2012,2286.0,PRT
T,W074,Plastic wastes,Portugal,2014,47814.0,PRT
T,W074,Plastic wastes,Portugal,2016,98134.0,PRT
T,W074,Plastic wastes,Portugal,2018,91410.0,PRT
T,W074,Plastic wastes,Portugal,2020,140028.0,PRT
T,W074,Plastic wastes,Portugal,2022,13297.0,PRT
T,W074,Plastic wastes,Romania,2004,118969.0,ROU
T,W074,Plastic wastes,Romania,2006,320665.0,ROU
T,W074,Plastic wastes,Romania,2008,204831.0,ROU
T,W074,Plastic wastes,Romania,2010,188885.0,ROU
T,W074,Plastic wastes,Romania,2012,216258.0,ROU
T,W074,Plastic wastes,Romania,2014,35433.0,ROU
T,W074,Plastic wastes,Romania,2016,69504.0,ROU
T,W074,Plastic wastes,Romania,2018,70620.0,ROU
T,W074,Plastic wastes,Romania,2020,101495.0,ROU
T,W074,Plastic wastes,Romania,2022,112320.0,ROU
T,W074,Plastic wastes,Serbia,2010,0.0,
T,W074,Plastic wastes,Serbia,2014,6346.0,
T,W074,Plastic wastes,Serbia,2016,10770.0,
T,W074,Plastic wastes,Serbia,2018,3196.0,
T,W074,Plastic wastes,Serbia,2020,24873.0,
T,W074,Plastic wastes,Serbia,2022,51073.0,
T,W074,Plastic wastes,Sweden,2004,46123.0,SWE
T,W074,Plastic wastes,Sweden,2006,47782.0,SWE
T,W074,Plastic wastes,Sweden,2008,67671.0,SWE
T,W074,Plastic wastes,Sweden,2010,67165.0,SWE
T,W074,Plastic wastes,Sweden,2012,69996.0,SWE
T,W074,Plastic wastes,Sweden,2014,96035.0,SWE
T,W074,Plastic wastes,Sweden,2016,93480.0,SWE
T,W074,Plastic wastes,Sweden,2018,116830.0,SWE
T,W074,Plastic wastes,Sweden,2020,135391.0,SWE
T,W074,Plastic wastes,Sweden,2022,139720.0,SWE
T,W074,Plastic wastes,Slovenia,2004,8818.0,SVN
T,W074,Plastic wastes,Slovenia,2006,9382.0,SVN
T,W074,Plastic wastes,Slovenia,2008,8163.0,SVN
T,W074,Plastic wastes,Slovenia,2010,15032.0,SVN
T,W074,Plastic wastes,Slovenia,2012,6398.0,SVN
T,W074,Plastic wastes,Slovenia,2014,3878.0,SVN
T,W074,Plastic wastes,Slovenia,2016,3095.0,SVN
T,W074,Plastic wastes,Slovenia,2018,2414.0,SVN
T,W074,Plastic wastes,Slovenia,2020,2288.0,SVN
T,W074,Plastic wastes,Slovenia,2022,2564.0,SVN
T,W074,Plastic wastes,Slovakia,2004,0.0,SVK
T,W074,Plastic wastes,Slovakia,2006,11039.0,SVK
T,W074,Plastic wastes,Slovakia,2008,18271.0,SVK
T,W074,Plastic wastes,Slovakia,2010,22789.0,SVK
T,W074,Plastic wastes,Slovakia,2012,28315.0,SVK
T,W074,Plastic wastes,Slovakia,2014,31568.0,SVK
T,W074,Plastic wastes,Slovakia,2016,36123.0,SVK
T,W074,Plastic wastes,Slovakia,2018,49795.0,SVK
T,W074,Plastic wastes,Slovakia,2020,68536.0,SVK
T,W074,Plastic wastes,Slovakia,2022,69915.0,SVK
T,W074,Plastic wastes,Türkiye,2004,0.0,
T,W074,Plastic wastes,Türkiye,2006,0.0,
T,W074,Plastic wastes,Türkiye,2008,318343.0,
T,W074,Plastic wastes,Türkiye,2010,26247.0,
T,W074,Plastic wastes,Türkiye,2012,13828.0,
T,W074,Plastic wastes,Türkiye,2014,70835.0,
T,W074,Plastic wastes,Türkiye,2016,408920.0,
T,W074,Plastic wastes,Türkiye,2018,405290.0,
T,W074,Plastic wastes,Türkiye,2020,388963.0,
T,W074,Plastic wastes,Türkiye,2022,221328.0,
T,W074,Plastic wastes,United Kingdom,2004,116547.0,GBR
T,W074,Plastic wastes,United Kingdom,2006,76413.0,GBR
T,W074,Plastic wastes,United Kingdom,2008,99112.0,GBR
T,W074,Plastic wastes,United Kingdom,2010,336657.0,GBR
T,W074,Plastic wastes,United Kingdom,2012,382247.0,GBR
T,W074,Plastic wastes,United Kingdom,2014,491059.0,GBR
T,W074,Plastic wastes,United Kingdom,2016,507809.0,GBR
T,W074,Plastic wastes,United Kingdom,2018,522250.0,GBR
T,W074,Plastic wastes,Kosovo*,2012,0.0,
T,W074,Plastic wastes,Kosovo*,2014,0.0,
T,W074,Plastic wastes,Kosovo*,2016,0.0,
T,W074,Plastic wastes,Kosovo*,2018,0.0,
T,W074,Plastic wastes,Kosovo*,2020,0.0,
T,W074,Plastic wastes,Kosovo*,2022,0.0,
T,W075,Wood wastes,Austria,2004,121305.0,AUT
T,W075,Wood wastes,Austria,2006,142960.0,AUT
T,W075,Wood wastes,Austria,2008,162901.0,AUT
T,W075,Wood wastes,Austria,2010,197204.0,AUT
T,W075,Wood wastes,Austria,2012,220888.0,AUT
T,W075,Wood wastes,Austria,2014,234184.0,AUT
T,W075,Wood wastes,Austria,2016,253958.0,AUT
T,W075,Wood wastes,Austria,2018,283696.0,AUT
T,W075,Wood wastes,Austria,2020,292962.0,AUT
T,W075,Wood wastes,Austria,2022,250899.0,AUT
T,W075,Wood wastes,Bosnia and Herzegovina,2012,0.0,
T,W075,Wood wastes,Bosnia and Herzegovina,2018,399.0,
T,W075,Wood wastes,Bosnia and Herzegovina,2020,3734.0,
T,W075,Wood wastes,Bosnia and Herzegovina,2022,3266.0,
T,W075,Wood wastes,Belgium,2004,243154.0,BEL
T,W075,Wood wastes,Belgium,2006,211495.0,BEL
T,W075,Wood wastes,Belgium,2008,235856.0,BEL
T,W075,Wood wastes,Belgium,2010,246612.0,BEL
T,W075,Wood wastes,Belgium,2012,248665.0,BEL
T,W075,Wood wastes,Belgium,2014,248857.0,BEL
T,W075,Wood wastes,Belgium,2016,321884.0,BEL
T,W075,Wood wastes,Belgium,2018,327963.0,BEL
T,W075,Wood wastes,Belgium,2020,356303.0,BEL
T,W075,Wood wastes,Belgium,2022,305849.0,BEL
T,W075,Wood wastes,Bulgaria,2004,0.0,BGR
T,W075,Wood wastes,Bulgaria,2006,0.0,BGR
T,W075,Wood wastes,Bulgaria,2008,0.0,BGR
T,W075,Wood wastes,Bulgaria,2010,0.0,BGR
T,W075,Wood wastes,Bulgaria,2012,32134.0,BGR
T,W075,Wood wastes,Bulgaria,2014,6792.0,BGR
T,W075,Wood wastes,Bulgaria,2016,51400.0,BGR
T,W075,Wood wastes,Bulgaria,2018,82767.0,BGR
T,W075,Wood wastes,Bulgaria,2020,9274.0,BGR
T,W075,Wood wastes,Bulgaria,2022,31002.0,BGR
T,W075,Wood wastes,Cyprus,2004,0.0,CYP
T,W075,Wood wastes,Cyprus,2006,0.0,CYP
T,W075,Wood wastes,Cyprus,2008,0.0,CYP
T,W075,Wood wastes,Cyprus,2010,7769.0,CYP
T,W075,Wood wastes,Cyprus,2012,0.0,CYP
T,W075,Wood wastes,Cyprus,2014,0.0,CYP
T,W075,Wood wastes,Cyprus,2016,0.0,CYP
T,W075,Wood wastes,Cyprus,2018,0.0,CYP
T,W075,Wood wastes,Cyprus,2020,32.0,CYP
T,W075,Wood wastes,Cyprus,2022,0.0,CYP
T,W075,Wood wastes,Czechia,2004,8621.0,CZE
T,W075,Wood wastes,Czechia,2006,34277.0,CZE
T,W075,Wood wastes,Czechia,2008,10216.0,CZE
T,W075,Wood wastes,Czechia,2010,27923.0,CZE
T,W075,Wood wastes,Czechia,2012,29913.0,CZE
T,W075,Wood wastes,Czechia,2014,33648.0,CZE
T,W075,Wood wastes,Czechia,2016,55051.0,CZE
T,W075,Wood wastes,Czechia,2018,70438.0,CZE
T,W075,Wood wastes,Czechia,2020,67499.0,CZE
T,W075,Wood wastes,Czechia,2022,70570.0,CZE
T,W075,Wood wastes,Germany,2004,581865.0,DEU
T,W075,Wood wastes,Germany,2006,661304.0,DEU
T,W075,Wood wastes,Germany,2008,720532.0,DEU
T,W075,Wood wastes,Germany,2010,670517.0,DEU
T,W075,Wood wastes,Germany,2012,624903.0,DEU
T,W075,Wood wastes,Germany,2014,735461.0,DEU
T,W075,Wood wastes,Germany,2016,665722.0,DEU
T,W075,Wood wastes,Germany,2018,696884.0,DEU
T,W075,Wood wastes,Germany,2020,720144.0,DEU
T,W075,Wood wastes,Germany,2022,618371.0,DEU
T,W075,Wood wastes,Denmark,2004,209974.0,DNK
T,W075,Wood wastes,Denmark,2006,265070.0,DNK
T,W075,Wood wastes,Denmark,2008,236657.0,DNK
T,W075,Wood wastes,Denmark,2010,86728.0,DNK
T,W075,Wood wastes,Denmark,2012,108574.0,DNK
T,W075,Wood wastes,Denmark,2014,365881.0,DNK
T,W075,Wood wastes,Denmark,2016,200376.0,DNK
T,W075,Wood wastes,Denmark,2018,268184.0,DNK
T,W075,Wood wastes,Denmark,2020,315893.0,DNK
T,W075,Wood wastes,Denmark,2022,238560.0,DNK
T,W075,Wood wastes,Estonia,2004,3764.0,EST
T,W075,Wood wastes,Estonia,2006,3569.0,EST
T,W075,Wood wastes,Estonia,2008,3919.0,EST
T,W075,Wood wastes,Estonia,2010,1955.0,EST
T,W075,Wood wastes,Estonia,2012,5359.0,EST
T,W075,Wood wastes,Estonia,2014,7528.0,EST
T,W075,Wood wastes,Estonia,2016,11859.0,EST
T,W075,Wood wastes,Estonia,2018,19332.0,EST
T,W075,Wood wastes,Estonia,2020,14439.0,EST
T,W075,Wood wastes,Estonia,2022,21023.0,EST
T,W075,Wood wastes,Greece,2004,0.0,GRC
T,W075,Wood wastes,Greece,2006,2713.0,GRC
T,W075,Wood wastes,Greece,2008,0.0,GRC
T,W075,Wood wastes,Greece,2010,0.0,GRC
T,W075,Wood wastes,Greece,2016,0.0,GRC
T,W075,Wood wastes,Greece,2018,846.0,GRC
T,W075,Wood wastes,Greece,2020,515.0,GRC
T,W075,Wood wastes,Greece,2022,53.0,GRC
T,W075,Wood wastes,Spain,2004,117273.0,ESP
T,W075,Wood wastes,Spain,2006,65747.0,ESP
T,W075,Wood wastes,Spain,2008,121059.0,ESP
T,W075,Wood wastes,Spain,2010,192053.0,ESP
T,W075,Wood wastes,Spain,2012,130509.0,ESP
T,W075,Wood wastes,Spain,2014,88583.0,ESP
T,W075,Wood wastes,Spain,2016,95081.0,ESP
T,W075,Wood wastes,Spain,2018,136153.0,ESP
T,W075,Wood wastes,Spain,2020,137533.0,ESP
T,W075,Wood wastes,Spain,2022,165040.0,ESP
T,W075,Wood wastes,European Union - 27 countries (from 2020),2004,2100000.0,EU27_2020
T,W075,Wood wastes,European Union - 27 countries (from 2020),2006,2470000.0,EU27_2020
T,W075,Wood wastes,European Union - 27 countries (from 2020),2008,2730000.0,EU27_2020
T,W075,Wood wastes,European Union - 27 countries (from 2020),2010,3280000.0,EU27_2020
T,W075,Wood wastes,European Union - 27 countries (from 2020),2016,4330000.0,EU27_2020
T,W075,Wood wastes,European Union - 27 countries (from 2020),2018,4870000.0,EU27_2020
T,W075,Wood wastes,European Union - 27 countries (from 2020),2020,5100000.0,EU27_2020
T,W075,Wood wastes,European Union - 27 countries (from 2020),2022,4840000.0,EU27_2020
T,W075,Wood wastes,European Union - 28 countries (2013-2020),2004,2390000.0,
T,W075,Wood wastes,European Union - 28 countries (2013-2020),2006,3010000.0,
T,W075,Wood wastes,European Union - 28 countries (2013-2020),2008,3280000.0,
T,W075,Wood wastes,European Union - 28 countries (2013-2020),2010,4020000.0,
T,W075,Wood wastes,European Union - 28 countries (2013-2020),2012,4200000.0,
T,W075,Wood wastes,European Union - 28 countries (2013-2020),2014,5020000.0,
T,W075,Wood wastes,European Union - 28 countries (2013-2020),2016,5230000.0,
T,W075,Wood wastes,European Union - 28 countries (2013-2020),2018,5750000.0,
T,W075,Wood wastes,Finland,2004,23746.0,FIN
T,W075,Wood wastes,Finland,2006,14454.0,FIN
T,W075,Wood wastes,Finland,2008,62400.0,FIN
T,W075,Wood wastes,Finland,2010,22696.0,FIN
T,W075,Wood wastes,Finland,2012,34866.0,FIN
T,W075,Wood wastes,Finland,2014,28473.0,FIN
T,W075,Wood wastes,Finland,2016,29264.0,FIN
T,W075,Wood wastes,Finland,2018,67771.0,FIN
T,W075,Wood wastes,Finland,2020,71953.0,FIN
T,W075,Wood wastes,Finland,2022,41678.0,FIN
T,W075,Wood wastes,France,2004,0.0,FRA
T,W075,Wood wastes,France,2006,0.0,FRA
T,W075,Wood wastes,France,2008,0.0,FRA
T,W075,Wood wastes,France,2010,624775.0,FRA
T,W075,Wood wastes,France,2012,840381.0,FRA
T,W075,Wood wastes,France,2014,916810.0,FRA
T,W075,Wood wastes,France,2016,979676.0,FRA
T,W075,Wood wastes,France,2018,996757.0,FRA
T,W075,Wood wastes,France,2020,1026710.0,FRA
T,W075,Wood wastes,France,2022,1096826.0,FRA
T,W075,Wood wastes,Croatia,2004,0.0,HRV
T,W075,Wood wastes,Croatia,2006,32833.0,HRV
T,W075,Wood wastes,Croatia,2008,0.0,HRV
T,W075,Wood wastes,Croatia,2010,0.0,HRV
T,W075,Wood wastes,Croatia,2012,685.0,HRV
T,W075,Wood wastes,Croatia,2014,8242.0,HRV
T,W075,Wood wastes,Croatia,2016,1180.0,HRV
T,W075,Wood wastes,Croatia,2018,8838.0,HRV
T,W075,Wood wastes,Croatia,2020,14360.0,HRV
T,W075,Wood wastes,Croatia,2022,20319.0,HRV
T,W075,Wood wastes,Hungary,2004,25530.0,HUN
T,W075,Wood wastes,Hungary,2006,0.0,HUN
T,W075,Wood wastes,Hungary,2008,1464.0,HUN
T,W075,Wood wastes,Hungary,2010,2940.0,HUN
T,W075,Wood wastes,Hungary,2012,2071.0,HUN
T,W075,Wood wastes,Hungary,2014,2131.0,HUN
T,W075,Wood wastes,Hungary,2016,1312.0,HUN
T,W075,Wood wastes,Hungary,2018,1178.0,HUN
T,W075,Wood wastes,Hungary,2020,4000.0,HUN
T,W075,Wood wastes,Hungary,2022,5989.0,HUN
T,W075,Wood wastes,Ireland,2004,16661.0,IRL
T,W075,Wood wastes,Ireland,2006,26882.0,IRL
T,W075,Wood wastes,Ireland,2010,10156.0,IRL
T,W075,Wood wastes,Ireland,2012,9197.0,IRL
T,W075,Wood wastes,Ireland,2014,9438.0,IRL
T,W075,Wood wastes,Ireland,2016,14613.0,IRL
T,W075,Wood wastes,Ireland,2018,17178.0,IRL
T,W075,Wood wastes,Ireland,2020,25738.0,IRL
T,W075,Wood wastes,Ireland,2022,23787.0,IRL
T,W075,Wood wastes,Iceland,2004,3000.0,ISL
T,W075,Wood wastes,Iceland,2010,1905.0,ISL
T,W075,Wood wastes,Iceland,2012,1802.0,ISL
T,W075,Wood wastes,Iceland,2014,1952.0,ISL
T,W075,Wood wastes,Iceland,2016,2767.0,ISL
T,W075,Wood wastes,Iceland,2018,2990.0,ISL
T,W075,Wood wastes,Iceland,2020,5375.0,ISL
T,W075,Wood wastes,Iceland,2022,6375.0,ISL
T,W075,Wood wastes,Italy,2004,477792.0,ITA
T,W075,Wood wastes,Italy,2006,580882.0,ITA
T,W075,Wood wastes,Italy,2008,680993.0,ITA
T,W075,Wood wastes,Italy,2010,691888.0,ITA
T,W075,Wood wastes,Italy,2012,614095.0,ITA
T,W075,Wood wastes,Italy,2014,675974.0,ITA
T,W075,Wood wastes,Italy,2016,739470.0,ITA
T,W075,Wood wastes,Italy,2018,908276.0,ITA
T,W075,Wood wastes,Italy,2020,881507.0,ITA
T,W075,Wood wastes,Italy,2022,1003517.0,ITA
T,W075,Wood wastes,Liechtenstein,2008,0.0,
T,W075,Wood wastes,Liechtenstein,2010,0.0,
T,W075,Wood wastes,Liechtenstein,2012,0.0,
T,W075,Wood wastes,Liechtenstein,2014,0.0,
T,W075,Wood wastes,Liechtenstein,2016,0.0,
T,W075,Wood wastes,Liechtenstein,2018,0.0,
T,W075,Wood wastes,Liechtenstein,2020,0.0,
T,W075,Wood wastes,Liechtenstein,2022,0.0,
T,W075,Wood wastes,Lithuania,2004,196.0,LTU
T,W075,Wood wastes,Lithuania,2006,1935.0,LTU
T,W075,Wood wastes,Lithuania,2008,2793.0,LTU
T,W075,Wood wastes,Lithuania,2010,9610.0,LTU
T,W075,Wood wastes,Lithuania,2012,1425.0,LTU
T,W075,Wood wastes,Lithuania,2014,1884.0,LTU
T,W075,Wood wastes,Lithuania,2016,2489.0,LTU
T,W075,Wood wastes,Lithuania,2018,3447.0,LTU
T,W075,Wood wastes,Lithuania,2020,7107.0,LTU
T,W075,Wood wastes,Lithuania,2022,9228.0,LTU
T,W075,Wood wastes,Luxembourg,2004,808.0,LUX
T,W075,Wood wastes,Luxembourg,2006,804.0,LUX
T,W075,Wood wastes,Luxembourg,2008,4428.0,LUX
T,W075,Wood wastes,Luxembourg,2010,5386.0,LUX
T,W075,Wood wastes,Luxembourg,2012,3351.0,LUX
T,W075,Wood wastes,Luxembourg,2014,2288.0,LUX
T,W075,Wood wastes,Luxembourg,2016,2917.0,LUX
T,W075,Wood wastes,Luxembourg,2018,3693.0,LUX
T,W075,Wood wastes,Luxembourg,2020,4106.0,LUX
T,W075,Wood wastes,Luxembourg,2022,2984.0,LUX
T,W075,Wood wastes,Latvia,2004,0.0,LVA
T,W075,Wood wastes,Latvia,2006,124.0,LVA
T,W075,Wood wastes,Latvia,2008,0.0,LVA
T,W075,Wood wastes,Latvia,2010,0.0,LVA
T,W075,Wood wastes,Latvia,2012,3359.0,LVA
T,W075,Wood wastes,Latvia,2014,21932.0,LVA
T,W075,Wood wastes,Latvia,2016,15257.0,LVA
T,W075,Wood wastes,Latvia,2018,7361.0,LVA
T,W075,Wood wastes,Latvia,2020,0.0,LVA
T,W075,Wood wastes,Latvia,2022,25434.0,LVA
T,W075,Wood wastes,Montenegro,2012,239.0,
T,W075,Wood wastes,Montenegro,2014,232.0,
T,W075,Wood wastes,Montenegro,2016,156.0,
T,W075,Wood wastes,Montenegro,2018,166.0,
T,W075,Wood wastes,Montenegro,2020,141.0,
T,W075,Wood wastes,Montenegro,2022,202.0,
T,W075,Wood wastes,North Macedonia,2008,0.0,
T,W075,Wood wastes,North Macedonia,2010,0.0,
T,W075,Wood wastes,North Macedonia,2012,0.0,
T,W075,Wood wastes,North Macedonia,2014,0.0,
T,W075,Wood wastes,North Macedonia,2016,0.0,
T,W075,Wood wastes,North Macedonia,2018,0.0,
T,W075,Wood wastes,North Macedonia,2020,0.0,
T,W075,Wood wastes,North Macedonia,2022,0.0,
T,W075,Wood wastes,Malta,2004,265.0,MLT
T,W075,Wood wastes,Malta,2006,338.0,MLT
T,W075,Wood wastes,Malta,2008,0.0,MLT
T,W075,Wood wastes,Malta,2010,6696.0,MLT
T,W075,Wood wastes,Malta,2012,9607.0,MLT
T,W075,Wood wastes,Malta,2014,11763.0,MLT
T,W075,Wood wastes,Malta,2016,7938.0,MLT
T,W075,Wood wastes,Malta,2018,7290.0,MLT
T,W075,Wood wastes,Malta,2020,7434.0,MLT
T,W075,Wood wastes,Malta,2022,6511.0,MLT
T,W075,Wood wastes,Netherlands,2004,263770.0,NLD
T,W075,Wood wastes,Netherlands,2006,289505.0,NLD
T,W075,Wood wastes,Netherlands,2008,317137.0,NLD
T,W075,Wood wastes,Netherlands,2010,299174.0,NLD
T,W075,Wood wastes,Netherlands,2016,348600.0,NLD
T,W075,Wood wastes,Netherlands,2018,402080.0,NLD
T,W075,Wood wastes,Netherlands,2020,477442.0,NLD
T,W075,Wood wastes,Netherlands,2022,392325.0,NLD
T,W075,Wood wastes,Norway,2004,95943.0,NOR
T,W075,Wood wastes,Norway,2006,149834.0,NOR
T,W075,Wood wastes,Norway,2008,190247.0,NOR
T,W075,Wood wastes,Norway,2010,205189.0,NOR
T,W075,Wood wastes,Norway,2012,234965.0,NOR
T,W075,Wood wastes,Norway,2014,297020.0,NOR
T,W075,Wood wastes,Norway,2016,322066.0,NOR
T,W075,Wood wastes,Norway,2018,303736.0,NOR
T,W075,Wood wastes,Norway,2020,362004.0,NOR
T,W075,Wood wastes,Norway,2022,251008.0,NOR
T,W075,Wood wastes,Poland,2004,0.0,POL
T,W075,Wood wastes,Poland,2006,0.0,POL
T,W075,Wood wastes,Poland,2008,0.0,POL
T,W075,Wood wastes,Poland,2010,0.0,POL
T,W075,Wood wastes,Poland,2012,0.0,POL
T,W075,Wood wastes,Poland,2014,0.0,POL
T,W075,Wood wastes,Poland,2016,0.0,POL
T,W075,Wood wastes,Poland,2018,12.0,POL
T,W075,Wood wastes,Poland,2020,2849.0,POL
T,W075,Wood wastes,Poland,2022,5954.0,POL
T,W075,Wood wastes,Portugal,2004,0.0,PRT
T,W075,Wood wastes,Portugal,2006,0.0,PRT
T,W075,Wood wastes,Portugal,2008,7813.0,PRT
T,W075,Wood wastes,Portugal,2010,5232.0,PRT
T,W075,Wood wastes,Portugal,2012,2634.0,PRT
T,W075,Wood wastes,Portugal,2014,3810.0,PRT
T,W075,Wood wastes,Portugal,2016,17133.0,PRT
T,W075,Wood wastes,Portugal,2018,26896.0,PRT
T,W075,Wood wastes,Portugal,2020,30408.0,PRT
T,W075,Wood wastes,Portugal,2022,22072.0,PRT
T,W075,Wood wastes,Romania,2004,0.0,ROU
T,W075,Wood wastes,Romania,2006,108417.0,ROU
T,W075,Wood wastes,Romania,2008,130536.0,ROU
T,W075,Wood wastes,Romania,2010,127466.0,ROU
T,W075,Wood wastes,Romania,2012,150748.0,ROU
T,W075,Wood wastes,Romania,2014,2115.0,ROU
T,W075,Wood wastes,Romania,2016,23632.0,ROU
T,W075,Wood wastes,Romania,2018,31544.0,ROU
T,W075,Wood wastes,Romania,2020,10614.0,ROU
T,W075,Wood wastes,Romania,2022,12419.0,ROU
T,W075,Wood wastes,Serbia,2010,0.0,
T,W075,Wood wastes,Serbia,2014,260.0,
T,W075,Wood wastes,Serbia,2016,5.0,
T,W075,Wood wastes,Serbia,2018,0.0,
T,W075,Wood wastes,Serbia,2020,4137.0,
T,W075,Wood wastes,Serbia,2022,18077.0,
T,W075,Wood wastes,Sweden,2004,0.0,SWE
T,W075,Wood wastes,Sweden,2006,14580.0,SWE
T,W075,Wood wastes,Sweden,2008,21380.0,SWE
T,W075,Wood wastes,Sweden,2010,25030.0,SWE
T,W075,Wood wastes,Sweden,2012,37180.0,SWE
T,W075,Wood wastes,Sweden,2014,454300.0,SWE
T,W075,Wood wastes,Sweden,2016,465556.0,SWE
T,W075,Wood wastes,Sweden,2018,461747.0,SWE
T,W075,Wood wastes,Sweden,2020,554682.0,SWE
T,W075,Wood wastes,Sweden,2022,388911.0,SWE
T,W075,Wood wastes,Slovenia,2004,4972.0,SVN
T,W075,Wood wastes,Slovenia,2006,9509.0,SVN
T,W075,Wood wastes,Slovenia,2008,9349.0,SVN
T,W075,Wood wastes,Slovenia,2010,14189.0,SVN
T,W075,Wood wastes,Slovenia,2012,14996.0,SVN
T,W075,Wood wastes,Slovenia,2014,15998.0,SVN
T,W075,Wood wastes,Slovenia,2016,20365.0,SVN
T,W075,Wood wastes,Slovenia,2018,30103.0,SVN
T,W075,Wood wastes,Slovenia,2020,34933.0,SVN
T,W075,Wood wastes,Slovenia,2022,42529.0,SVN
T,W075,Wood wastes,Slovakia,2004,0.0,SVK
T,W075,Wood wastes,Slovakia,2006,893.0,SVK
T,W075,Wood wastes,Slovakia,2008,1512.0,SVK
T,W075,Wood wastes,Slovakia,2010,1559.0,SVK
T,W075,Wood wastes,Slovakia,2012,2460.0,SVK
T,W075,Wood wastes,Slovakia,2014,5272.0,SVK
T,W075,Wood wastes,Slovakia,2016,8724.0,SVK
T,W075,Wood wastes,Slovakia,2018,13385.0,SVK
T,W075,Wood wastes,Slovakia,2020,30841.0,SVK
T,W075,Wood wastes,Slovakia,2022,41760.0,SVK
T,W075,Wood wastes,Türkiye,2004,0.0,
T,W075,Wood wastes,Türkiye,2006,0.0,
T,W075,Wood wastes,Türkiye,2008,12173.0,
T,W075,Wood wastes,Türkiye,2012,8684.0,
T,W075,Wood wastes,Türkiye,2014,7398.0,
T,W075,Wood wastes,Türkiye,2018,0.0,
T,W075,Wood wastes,Türkiye,2020,0.0,
T,W075,Wood wastes,Türkiye,2022,0.0,
T,W075,Wood wastes,United Kingdom,2004,287087.0,GBR
T,W075,Wood wastes,United Kingdom,2006,541862.0,GBR
T,W075,Wood wastes,United Kingdom,2008,552344.0,GBR
T,W075,Wood wastes,United Kingdom,2010,742885.0,GBR
T,W075,Wood wastes,United Kingdom,2012,770401.0,GBR
T,W075,Wood wastes,United Kingdom,2014,836640.0,GBR
T,W075,Wood wastes,United Kingdom,2016,894592.0,GBR
T,W075,Wood wastes,United Kingdom,2018,880608.0,GBR
T,W075,Wood wastes,Kosovo*,2012,0.0,
T,W075,Wood wastes,Kosovo*,2014,0.0,
T,W075,Wood wastes,Kosovo*,2016,0.0,
T,W075,Wood wastes,Kosovo*,2018,0.0,
T,W075,Wood wastes,Kosovo*,2020,0.0,
T,W075,Wood wastes,Kosovo*,2022,0.0,
T,W091_092,Animal and mixed food waste; vegetal wastes (W091+W092),Austria,2004,546300.0,AUT
T,W091_092,Animal and mixed food waste; vegetal wastes (W091+W092),Austria,2006,661300.0,AUT
T,W091_092,Animal and mixed food waste; vegetal wastes (W091+W092),Austria,2008,714900.0,AUT
T,W091_092,Animal and mixed food waste; vegetal wastes (W091+W092),Belgium,2004,1191731.0,BEL
T,W091_092,Animal and mixed food waste; vegetal wastes (W091+W092),Belgium,2006,934760.0,BEL
T,W091_092,Animal and mixed food waste; vegetal wastes (W091+W092),Belgium,2008,960330.0,BEL
T,W091_092,Animal and mixed food waste; vegetal wastes (W091+W092),Bulgaria,2004,0.0,BGR
T,W091_092,Animal and mixed food waste; vegetal wastes (W091+W092),Bulgaria,2006,0.0,BGR
T,W091_092,Animal and mixed food waste; vegetal wastes (W091+W092),Bulgaria,2008,0.0,BGR
T,W091_092,Animal and mixed food waste; vegetal wastes (W091+W092),Cyprus,2004,0.0,CYP
T,W091_092,Animal and mixed food waste; vegetal wastes (W091+W092),Cyprus,2006,0.0,CYP
T,W091_092,Animal and mixed food waste; vegetal wastes (W091+W092),Cyprus,2008,41310.0,CYP
T,W091_092,Animal and mixed food waste; vegetal wastes (W091+W092),Czechia,2004,64363.0,CZE
T,W091_092,Animal and mixed food waste; vegetal wastes (W091+W092),Czechia,2006,108723.0,CZE
T,W091_092,Animal and mixed food waste; vegetal wastes (W091+W092),Czechia,2008,131785.0,CZE
T,W091_092,Animal and mixed food waste; vegetal wastes (W091+W092),Germany,2004,4290273.0,DEU
T,W091_092,Animal and mixed food waste; vegetal wastes (W091+W092),Germany,2006,7676471.0,DEU
T,W091_092,Animal and mixed food waste; vegetal wastes (W091+W092),Germany,2008,8082615.0,DEU
T,W091_092,Animal and mixed food waste; vegetal wastes (W091+W092),Denmark,2004,52558.0,DNK
T,W091_092,Animal and mixed food waste; vegetal wastes (W091+W092),Denmark,2006,38923.0,DNK
T,W091_092,Animal and mixed food waste; vegetal wastes (W091+W092),Denmark,2008,36560.0,DNK
T,W091_092,Animal and mixed food waste; vegetal wastes (W091+W092),Estonia,2004,819.0,EST
T,W091_092,Animal and mixed food waste; vegetal wastes (W091+W092),Estonia,2006,1298.0,EST
T,W091_092,Animal and mixed food waste; vegetal wastes (W091+W092),Estonia,2008,10992.0,EST
T,W091_092,Animal and mixed food waste; vegetal wastes (W091+W092),Greece,2004,0.0,GRC
T,W091_092,Animal and mixed food waste; vegetal wastes (W091+W092),Greece,2006,0.0,GRC
T,W091_092,Animal and mixed food waste; vegetal wastes (W091+W092),Greece,2008,0.0,GRC
T,W091_092,Animal and mixed food waste; vegetal wastes (W091+W092),Spain,2004,922.0,ESP
T,W091_092,Animal and mixed food waste; vegetal wastes (W091+W092),Spain,2006,6950.0,ESP
T,W091_092,Animal and mixed food waste; vegetal wastes (W091+W092),Spain,2008,403332.0,ESP
T,W091_092,Animal and mixed food waste; vegetal wastes (W091+W092),European Union - 27 countries (from 2020),2004,13870000.0,EU27_2020
T,W091_092,Animal and mixed food waste; vegetal wastes (W091+W092),European Union - 27 countries (from 2020),2006,18060000.0,EU27_2020
T,W091_092,Animal and mixed food waste; vegetal wastes (W091+W092),European Union - 27 countries (from 2020),2008,19770000.0,EU27_2020
T,W091_092,Animal and mixed food waste; vegetal wastes (W091+W092),European Union - 28 countries (2013-2020),2004,16150000.0,
T,W091_092,Animal and mixed food waste; vegetal wastes (W091+W092),European Union - 28 countries (2013-2020),2006,21300000.0,
T,W091_092,Animal and mixed food waste; vegetal wastes (W091+W092),European Union - 28 countries (2013-2020),2008,23810000.0,
T,W091_092,Animal and mixed food waste; vegetal wastes (W091+W092),Finland,2004,64874.0,FIN
T,W091_092,Animal and mixed food waste; vegetal wastes (W091+W092),Finland,2006,95102.0,FIN
T,W091_092,Animal and mixed food waste; vegetal wastes (W091+W092),Finland,2008,178600.0,FIN
T,W091_092,Animal and mixed food waste; vegetal wastes (W091+W092),France,2004,2619000.0,FRA
T,W091_092,Animal and mixed food waste; vegetal wastes (W091+W092),France,2006,2973800.0,FRA
T,W091_092,Animal and mixed food waste; vegetal wastes (W091+W092),France,2008,3364000.0,FRA
T,W091_092,Animal and mixed food waste; vegetal wastes (W091+W092),Croatia,2004,0.0,HRV
T,W091_092,Animal and mixed food waste; vegetal wastes (W091+W092),Croatia,2006,0.0,HRV
T,W091_092,Animal and mixed food waste; vegetal wastes (W091+W092),Croatia,2008,0.0,HRV
T,W091_092,Animal and mixed food waste; vegetal wastes (W091+W092),Hungary,2004,102240.0,HUN
T,W091_092,Animal and mixed food waste; vegetal wastes (W091+W092),Hungary,2006,45509.0,HUN
T,W091_092,Animal and mixed food waste; vegetal wastes (W091+W092),Hungary,2008,55357.0,HUN
T,W091_092,Animal and mixed food waste; vegetal wastes (W091+W092),Ireland,2004,470175.0,IRL
T,W091_092,Animal and mixed food waste; vegetal wastes (W091+W092),Ireland,2006,538651.0,IRL
T,W091_092,Animal and mixed food waste; vegetal wastes (W091+W092),Iceland,2004,11000.0,ISL
T,W091_092,Animal and mixed food waste; vegetal wastes (W091+W092),Italy,2004,2218995.0,ITA
T,W091_092,Animal and mixed food waste; vegetal wastes (W091+W092),Italy,2006,2706793.0,ITA
T,W091_092,Animal and mixed food waste; vegetal wastes (W091+W092),Italy,2008,3326060.0,ITA
T,W091_092,Animal and mixed food waste; vegetal wastes (W091+W092),Liechtenstein,2008,0.0,
T,W091_092,Animal and mixed food waste; vegetal wastes (W091+W092),Lithuania,2004,15315.0,LTU
T,W091_092,Animal and mixed food waste; vegetal wastes (W091+W092),Lithuania,2006,737.0,LTU
T,W091_092,Animal and mixed food waste; vegetal wastes (W091+W092),Lithuania,2008,22074.0,LTU
T,W091_092,Animal and mixed food waste; vegetal wastes (W091+W092),Luxembourg,2004,59488.0,LUX
T,W091_092,Animal and mixed food waste; vegetal wastes (W091+W092),Luxembourg,2006,62538.0,LUX
T,W091_092,Animal and mixed food waste; vegetal wastes (W091+W092),Luxembourg,2008,71298.0,LUX
T,W091_092,Animal and mixed food waste; vegetal wastes (W091+W092),Latvia,2004,0.0,LVA
T,W091_092,Animal and mixed food waste; vegetal wastes (W091+W092),Latvia,2006,10466.0,LVA
T,W091_092,Animal and mixed food waste; vegetal wastes (W091+W092),Latvia,2008,0.0,LVA
T,W091_092,Animal and mixed food waste; vegetal wastes (W091+W092),North Macedonia,2008,0.0,
T,W091_092,Animal and mixed food waste; vegetal wastes (W091+W092),Malta,2004,1876.0,MLT
T,W091_092,Animal and mixed food waste; vegetal wastes (W091+W092),Malta,2006,2283.0,MLT
T,W091_092,Animal and mixed food waste; vegetal wastes (W091+W092),Malta,2008,1697.0,MLT
T,W091_092,Animal and mixed food waste; vegetal wastes (W091+W092),Netherlands,2004,1803333.0,NLD
T,W091_092,Animal and mixed food waste; vegetal wastes (W091+W092),Netherlands,2006,1703416.0,NLD
T,W091_092,Animal and mixed food waste; vegetal wastes (W091+W092),Netherlands,2008,1718126.0,NLD
T,W091_092,Animal and mixed food waste; vegetal wastes (W091+W092),Norway,2004,242612.0,NOR
T,W091_092,Animal and mixed food waste; vegetal wastes (W091+W092),Norway,2006,271681.0,NOR
T,W091_092,Animal and mixed food waste; vegetal wastes (W091+W092),Norway,2008,312000.0,NOR
T,W091_092,Animal and mixed food waste; vegetal wastes (W091+W092),Poland,2004,0.0,POL
T,W091_092,Animal and mixed food waste; vegetal wastes (W091+W092),Poland,2006,0.0,POL
T,W091_092,Animal and mixed food waste; vegetal wastes (W091+W092),Poland,2008,0.0,POL
T,W091_092,Animal and mixed food waste; vegetal wastes (W091+W092),Portugal,2004,0.0,PRT
T,W091_092,Animal and mixed food waste; vegetal wastes (W091+W092),Portugal,2006,0.0,PRT
T,W091_092,Animal and mixed food waste; vegetal wastes (W091+W092),Portugal,2008,721.0,PRT
T,W091_092,Animal and mixed food waste; vegetal wastes (W091+W092),Romania,2004,0.0,ROU
T,W091_092,Animal and mixed food waste; vegetal wastes (W091+W092),Romania,2006,0.0,ROU
T,W091_092,Animal and mixed food waste; vegetal wastes (W091+W092),Romania,2008,36720.0,ROU
T,W091_092,Animal and mixed food waste; vegetal wastes (W091+W092),Sweden,2004,353300.0,SWE
T,W091_092,Animal and mixed food waste; vegetal wastes (W091+W092),Sweden,2006,386011.0,SWE
T,W091_092,Animal and mixed food waste; vegetal wastes (W091+W092),Sweden,2008,490144.0,SWE
T,W091_092,Animal and mixed food waste; vegetal wastes (W091+W092),Slovenia,2004,12928.0,SVN
T,W091_092,Animal and mixed food waste; vegetal wastes (W091+W092),Slovenia,2006,25215.0,SVN
T,W091_092,Animal and mixed food waste; vegetal wastes (W091+W092),Slovenia,2008,42190.0,SVN
T,W091_092,Animal and mixed food waste; vegetal wastes (W091+W092),Slovakia,2004,0.0,SVK
T,W091_092,Animal and mixed food waste; vegetal wastes (W091+W092),Slovakia,2006,78546.0,SVK
T,W091_092,Animal and mixed food waste; vegetal wastes (W091+W092),Slovakia,2008,88442.0,SVK
T,W091_092,Animal and mixed food waste; vegetal wastes (W091+W092),Türkiye,2004,0.0,
T,W091_092,Animal and mixed food waste; vegetal wastes (W091+W092),Türkiye,2006,0.0,
T,W091_092,Animal and mixed food waste; vegetal wastes (W091+W092),Türkiye,2008,385887.0,
T,W091_092,Animal and mixed food waste; vegetal wastes (W091+W092),United Kingdom,2004,2279043.0,GBR
T,W091_092,Animal and mixed food waste; vegetal wastes (W091+W092),United Kingdom,2006,3244433.0,GBR
T,W091_092,Animal and mixed food waste; vegetal wastes (W091+W092),United Kingdom,2008,4035243.0,GBR
T,W10,"Mixed ordinary wastes (subtotal, W101+W102+W103)",Austria,2004,1631194.0,AUT
T,W10,"Mixed ordinary wastes (subtotal, W101+W102+W103)",Austria,2006,1688157.0,AUT
T,W10,"Mixed ordinary wastes (subtotal, W101+W102+W103)",Austria,2008,1643285.0,AUT
T,W10,"Mixed ordinary wastes (subtotal, W101+W102+W103)",Belgium,2004,1807896.0,BEL
T,W10,"Mixed ordinary wastes (subtotal, W101+W102+W103)",Belgium,2006,1541481.0,BEL
T,W10,"Mixed ordinary wastes (subtotal, W101+W102+W103)",Belgium,2008,1681410.0,BEL
T,W10,"Mixed ordinary wastes (subtotal, W101+W102+W103)",Bulgaria,2004,2633592.0,BGR
T,W10,"Mixed ordinary wastes (subtotal, W101+W102+W103)",Bulgaria,2006,2928981.0,BGR
T,W10,"Mixed ordinary wastes (subtotal, W101+W102+W103)",Bulgaria,2008,2907121.0,BGR
T,W10,"Mixed ordinary wastes (subtotal, W101+W102+W103)",Cyprus,2004,180738.0,CYP
T,W10,"Mixed ordinary wastes (subtotal, W101+W102+W103)",Cyprus,2006,171276.0,CYP
T,W10,"Mixed ordinary wastes (subtotal, W101+W102+W103)",Cyprus,2008,98259.0,CYP
T,W10,"Mixed ordinary wastes (subtotal, W101+W102+W103)",Czechia,2004,2497793.0,CZE
T,W10,"Mixed ordinary wastes (subtotal, W101+W102+W103)",Czechia,2006,2645958.0,CZE
T,W10,"Mixed ordinary wastes (subtotal, W101+W102+W103)",Czechia,2008,2665624.0,CZE
T,W10,"Mixed ordinary wastes (subtotal, W101+W102+W103)",Germany,2004,24060010.0,DEU
T,W10,"Mixed ordinary wastes (subtotal, W101+W102+W103)",Germany,2006,18878223.0,DEU
T,W10,"Mixed ordinary wastes (subtotal, W101+W102+W103)",Germany,2008,18525137.0,DEU
T,W10,"Mixed ordinary wastes (subtotal, W101+W102+W103)",Denmark,2004,1481559.0,DNK
T,W10,"Mixed ordinary wastes (subtotal, W101+W102+W103)",Denmark,2006,1544669.0,DNK
T,W10,"Mixed ordinary wastes (subtotal, W101+W102+W103)",Denmark,2008,1556991.0,DNK
T,W10,"Mixed ordinary wastes (subtotal, W101+W102+W103)",Estonia,2004,176259.0,EST
T,W10,"Mixed ordinary wastes (subtotal, W101+W102+W103)",Estonia,2006,164789.0,EST
T,W10,"Mixed ordinary wastes (subtotal, W101+W102+W103)",Estonia,2008,176151.0,EST
T,W10,"Mixed ordinary wastes (subtotal, W101+W102+W103)",Greece,2004,4212962.0,GRC
T,W10,"Mixed ordinary wastes (subtotal, W101+W102+W103)",Greece,2006,4088124.0,GRC
T,W10,"Mixed ordinary wastes (subtotal, W101+W102+W103)",Greece,2008,3954486.0,GRC
T,W10,"Mixed ordinary wastes (subtotal, W101+W102+W103)",Spain,2004,20121000.0,ESP
T,W10,"Mixed ordinary wastes (subtotal, W101+W102+W103)",Spain,2006,20401721.0,ESP
T,W10,"Mixed ordinary wastes (subtotal, W101+W102+W103)",Spain,2008,20912109.0,ESP
T,W10,"Mixed ordinary wastes (subtotal, W101+W102+W103)",European Union - 27 countries (from 2020),2004,129970000.0,EU27_2020
T,W10,"Mixed ordinary wastes (subtotal, W101+W102+W103)",European Union - 27 countries (from 2020),2006,129340000.0,EU27_2020
T,W10,"Mixed ordinary wastes (subtotal, W101+W102+W103)",European Union - 27 countries (from 2020),2008,128590000.0,EU27_2020
T,W10,"Mixed ordinary wastes (subtotal, W101+W102+W103)",European Union - 28 countries (2013-2020),2004,154430000.0,
T,W10,"Mixed ordinary wastes (subtotal, W101+W102+W103)",European Union - 28 countries (2013-2020),2006,152430000.0,
T,W10,"Mixed ordinary wastes (subtotal, W101+W102+W103)",European Union - 28 countries (2013-2020),2008,149760000.0,
T,W10,"Mixed ordinary wastes (subtotal, W101+W102+W103)",Finland,2004,779609.0,FIN
T,W10,"Mixed ordinary wastes (subtotal, W101+W102+W103)",Finland,2006,772587.0,FIN
T,W10,"Mixed ordinary wastes (subtotal, W101+W102+W103)",Finland,2008,1063591.0,FIN
T,W10,"Mixed ordinary wastes (subtotal, W101+W102+W103)",France,2004,19818000.0,FRA
T,W10,"Mixed ordinary wastes (subtotal, W101+W102+W103)",France,2006,20441500.0,FRA
T,W10,"Mixed ordinary wastes (subtotal, W101+W102+W103)",France,2008,19468000.0,FRA
T,W10,"Mixed ordinary wastes (subtotal, W101+W102+W103)",Croatia,2004,0.0,HRV
T,W10,"Mixed ordinary wastes (subtotal, W101+W102+W103)",Croatia,2006,19.0,HRV
T,W10,"Mixed ordinary wastes (subtotal, W101+W102+W103)",Croatia,2008,0.0,HRV
T,W10,"Mixed ordinary wastes (subtotal, W101+W102+W103)",Hungary,2004,3764130.0,HUN
T,W10,"Mixed ordinary wastes (subtotal, W101+W102+W103)",Hungary,2006,2847370.0,HUN
T,W10,"Mixed ordinary wastes (subtotal, W101+W102+W103)",Hungary,2008,3020031.0,HUN
T,W10,"Mixed ordinary wastes (subtotal, W101+W102+W103)",Ireland,2004,362993.0,IRL
T,W10,"Mixed ordinary wastes (subtotal, W101+W102+W103)",Ireland,2006,383785.0,IRL
T,W10,"Mixed ordinary wastes (subtotal, W101+W102+W103)",Iceland,2004,110000.0,ISL
T,W10,"Mixed ordinary wastes (subtotal, W101+W102+W103)",Italy,2004,24376698.0,ITA
T,W10,"Mixed ordinary wastes (subtotal, W101+W102+W103)",Italy,2006,24464573.0,ITA
T,W10,"Mixed ordinary wastes (subtotal, W101+W102+W103)",Italy,2008,22838700.0,ITA
T,W10,"Mixed ordinary wastes (subtotal, W101+W102+W103)",Liechtenstein,2008,0.0,
T,W10,"Mixed ordinary wastes (subtotal, W101+W102+W103)",Lithuania,2004,532435.0,LTU
T,W10,"Mixed ordinary wastes (subtotal, W101+W102+W103)",Lithuania,2006,878686.0,LTU
T,W10,"Mixed ordinary wastes (subtotal, W101+W102+W103)",Lithuania,2008,823888.0,LTU
T,W10,"Mixed ordinary wastes (subtotal, W101+W102+W103)",Luxembourg,2004,133805.0,LUX
T,W10,"Mixed ordinary wastes (subtotal, W101+W102+W103)",Luxembourg,2006,104566.0,LUX
T,W10,"Mixed ordinary wastes (subtotal, W101+W102+W103)",Luxembourg,2008,146120.0,LUX
T,W10,"Mixed ordinary wastes (subtotal, W101+W102+W103)",Latvia,2004,543490.0,LVA
T,W10,"Mixed ordinary wastes (subtotal, W101+W102+W103)",Latvia,2006,760355.0,LVA
T,W10,"Mixed ordinary wastes (subtotal, W101+W102+W103)",Latvia,2008,570285.0,LVA
T,W10,"Mixed ordinary wastes (subtotal, W101+W102+W103)",North Macedonia,2008,0.0,
T,W10,"Mixed ordinary wastes (subtotal, W101+W102+W103)",Malta,2004,122905.0,MLT
T,W10,"Mixed ordinary wastes (subtotal, W101+W102+W103)",Malta,2006,120119.0,MLT
T,W10,"Mixed ordinary wastes (subtotal, W101+W102+W103)",Malta,2008,129680.0,MLT
T,W10,"Mixed ordinary wastes (subtotal, W101+W102+W103)",Netherlands,2004,4687584.0,NLD
T,W10,"Mixed ordinary wastes (subtotal, W101+W102+W103)",Netherlands,2006,4749681.0,NLD
T,W10,"Mixed ordinary wastes (subtotal, W101+W102+W103)",Netherlands,2008,4695644.0,NLD
T,W10,"Mixed ordinary wastes (subtotal, W101+W102+W103)",Norway,2004,988175.0,NOR
T,W10,"Mixed ordinary wastes (subtotal, W101+W102+W103)",Norway,2006,1154546.0,NOR
T,W10,"Mixed ordinary wastes (subtotal, W101+W102+W103)",Norway,2008,1038106.0,NOR
T,W10,"Mixed ordinary wastes (subtotal, W101+W102+W103)",Poland,2004,6640830.0,POL
T,W10,"Mixed ordinary wastes (subtotal, W101+W102+W103)",Poland,2006,6683819.0,POL
T,W10,"Mixed ordinary wastes (subtotal, W101+W102+W103)",Poland,2008,6557769.0,POL
T,W10,"Mixed ordinary wastes (subtotal, W101+W102+W103)",Portugal,2004,4368010.0,PRT
T,W10,"Mixed ordinary wastes (subtotal, W101+W102+W103)",Portugal,2006,4641103.0,PRT
T,W10,"Mixed ordinary wastes (subtotal, W101+W102+W103)",Portugal,2008,5077433.0,PRT
T,W10,"Mixed ordinary wastes (subtotal, W101+W102+W103)",Romania,2004,2219666.0,ROU
T,W10,"Mixed ordinary wastes (subtotal, W101+W102+W103)",Romania,2006,4111365.0,ROU
T,W10,"Mixed ordinary wastes (subtotal, W101+W102+W103)",Romania,2008,5531405.0,ROU
T,W10,"Mixed ordinary wastes (subtotal, W101+W102+W103)",Sweden,2004,2258951.0,SWE
T,W10,"Mixed ordinary wastes (subtotal, W101+W102+W103)",Sweden,2006,2330532.0,SWE
T,W10,"Mixed ordinary wastes (subtotal, W101+W102+W103)",Sweden,2008,2435894.0,SWE
T,W10,"Mixed ordinary wastes (subtotal, W101+W102+W103)",Slovenia,2004,558926.0,SVN
T,W10,"Mixed ordinary wastes (subtotal, W101+W102+W103)",Slovenia,2006,563777.0,SVN
T,W10,"Mixed ordinary wastes (subtotal, W101+W102+W103)",Slovenia,2008,577303.0,SVN
T,W10,"Mixed ordinary wastes (subtotal, W101+W102+W103)",Slovakia,2004,0.0,SVK
T,W10,"Mixed ordinary wastes (subtotal, W101+W102+W103)",Slovakia,2006,1437106.0,SVK
T,W10,"Mixed ordinary wastes (subtotal, W101+W102+W103)",Slovakia,2008,1533083.0,SVK
T,W10,"Mixed ordinary wastes (subtotal, W101+W102+W103)",Türkiye,2004,29224710.0,
T,W10,"Mixed ordinary wastes (subtotal, W101+W102+W103)",Türkiye,2006,30081820.0,
T,W10,"Mixed ordinary wastes (subtotal, W101+W102+W103)",Türkiye,2008,25273644.0,
T,W10,"Mixed ordinary wastes (subtotal, W101+W102+W103)",United Kingdom,2004,24461265.0,GBR
T,W10,"Mixed ordinary wastes (subtotal, W101+W102+W103)",United Kingdom,2006,23087586.0,GBR
T,W10,"Mixed ordinary wastes (subtotal, W101+W102+W103)",United Kingdom,2008,21166593.0,GBR
T,W05,Health care and biological wastes,Austria,2004,0.0,AUT
T,W05,Health care and biological wastes,Austria,2006,0.0,AUT
T,W05,Health care and biological wastes,Austria,2008,0.0,AUT
T,W05,Health care and biological wastes,Austria,2010,9.0,AUT
T,W05,Health care and biological wastes,Austria,2012,1.0,AUT
T,W05,Health care and biological wastes,Austria,2014,4.0,AUT
T,W05,Health care and biological wastes,Austria,2016,4.0,AUT
T,W05,Health care and biological wastes,Austria,2018,5.0,AUT
T,W05,Health care and biological wastes,Austria,2020,5.0,AUT
T,W05,Health care and biological wastes,Austria,2022,321.0,AUT
T,W05,Health care and biological wastes,Bosnia and Herzegovina,2018,0.0,
T,W05,Health care and biological wastes,Bosnia and Herzegovina,2020,0.0,
T,W05,Health care and biological wastes,Bosnia and Herzegovina,2022,0.0,
T,W05,Health care and biological wastes,Belgium,2004,0.0,BEL
T,W05,Health care and biological wastes,Belgium,2006,0.0,BEL
T,W05,Health care and biological wastes,Belgium,2008,0.0,BEL
T,W05,Health care and biological wastes,Belgium,2010,0.0,BEL
T,W05,Health care and biological wastes,Belgium,2012,0.0,BEL
T,W05,Health care and biological wastes,Belgium,2014,0.0,BEL
T,W05,Health care and biological wastes,Belgium,2016,0.0,BEL
T,W05,Health care and biological wastes,Belgium,2018,0.0,BEL
T,W05,Health care and biological wastes,Belgium,2020,0.0,BEL
T,W05,Health care and biological wastes,Belgium,2022,209.0,BEL
T,W05,Health care and biological wastes,Bulgaria,2006,0.0,BGR
T,W05,Health care and biological wastes,Bulgaria,2008,0.0,BGR
T,W05,Health care and biological wastes,Bulgaria,2018,0.0,BGR
T,W05,Health care and biological wastes,Bulgaria,2020,0.0,BGR
T,W05,Health care and biological wastes,Bulgaria,2022,100.0,BGR
T,W05,Health care and biological wastes,Cyprus,2004,0.0,CYP
T,W05,Health care and biological wastes,Cyprus,2006,0.0,CYP
T,W05,Health care and biological wastes,Cyprus,2008,0.0,CYP
T,W05,Health care and biological wastes,Cyprus,2010,0.0,CYP
T,W05,Health care and biological wastes,Cyprus,2012,0.0,CYP
T,W05,Health care and biological wastes,Cyprus,2014,0.0,CYP
T,W05,Health care and biological wastes,Cyprus,2016,0.0,CYP
T,W05,Health care and biological wastes,Cyprus,2018,0.0,CYP
T,W05,Health care and biological wastes,Cyprus,2020,0.0,CYP
T,W05,Health care and biological wastes,Cyprus,2022,0.0,CYP
T,W05,Health care and biological wastes,Czechia,2004,0.0,CZE
T,W05,Health care and biological wastes,Czechia,2006,0.0,CZE
T,W05,Health care and biological wastes,Czechia,2008,0.0,CZE
T,W05,Health care and biological wastes,Czechia,2010,0.0,CZE
T,W05,Health care and biological wastes,Czechia,2012,0.0,CZE
T,W05,Health care and biological wastes,Czechia,2014,0.0,CZE
T,W05,Health care and biological wastes,Czechia,2016,0.0,CZE
T,W05,Health care and biological wastes,Czechia,2018,1.0,CZE
T,W05,Health care and biological wastes,Czechia,2020,7.0,CZE
T,W05,Health care and biological wastes,Czechia,2022,2.0,CZE
T,W05,Health care and biological wastes,Germany,2004,0.0,DEU
T,W05,Health care and biological wastes,Germany,2006,0.0,DEU
T,W05,Health care and biological wastes,Germany,2008,0.0,DEU
T,W05,Health care and biological wastes,Germany,2010,0.0,DEU
T,W05,Health care and biological wastes,Germany,2012,0.0,DEU
T,W05,Health care and biological wastes,Germany,2014,0.0,DEU
T,W05,Health care and biological wastes,Germany,2016,0.0,DEU
T,W05,Health care and biological wastes,Germany,2018,0.0,DEU
T,W05,Health care and biological wastes,Germany,2020,0.0,DEU
T,W05,Health care and biological wastes,Germany,2022,0.0,DEU
T,W05,Health care and biological wastes,Denmark,2004,0.0,DNK
T,W05,Health care and biological wastes,Denmark,2006,0.0,DNK
T,W05,Health care and biological wastes,Denmark,2008,4.0,DNK
T,W05,Health care and biological wastes,Denmark,2010,0.0,DNK
T,W05,Health care and biological wastes,Denmark,2012,2.0,DNK
T,W05,Health care and biological wastes,Denmark,2014,2.0,DNK
T,W05,Health care and biological wastes,Denmark,2016,0.0,DNK
T,W05,Health care and biological wastes,Denmark,2018,0.0,DNK
T,W05,Health care and biological wastes,Denmark,2020,4.0,DNK
T,W05,Health care and biological wastes,Denmark,2022,5.0,DNK
T,W05,Health care and biological wastes,Estonia,2004,0.0,EST
T,W05,Health care and biological wastes,Estonia,2006,0.0,EST
T,W05,Health care and biological wastes,Estonia,2008,0.0,EST
T,W05,Health care and biological wastes,Estonia,2010,0.0,EST
T,W05,Health care and biological wastes,Estonia,2012,0.0,EST
T,W05,Health care and biological wastes,Estonia,2014,0.0,EST
T,W05,Health care and biological wastes,Estonia,2016,1.0,EST
T,W05,Health care and biological wastes,Estonia,2018,0.0,EST
T,W05,Health care and biological wastes,Estonia,2020,0.0,EST
T,W05,Health care and biological wastes,Estonia,2022,0.0,EST
T,W05,Health care and biological wastes,Greece,2006,0.0,GRC
T,W05,Health care and biological wastes,Greece,2008,0.0,GRC
T,W05,Health care and biological wastes,Greece,2010,0.0,GRC
T,W05,Health care and biological wastes,Greece,2016,0.0,GRC
T,W05,Health care and biological wastes,Greece,2018,0.0,GRC
T,W05,Health care and biological wastes,Greece,2020,0.0,GRC
T,W05,Health care and biological wastes,Greece,2022,0.0,GRC
T,W05,Health care and biological wastes,Spain,2004,0.0,ESP
T,W05,Health care and biological wastes,Spain,2006,0.0,ESP
T,W05,Health care and biological wastes,Spain,2008,0.0,ESP
T,W05,Health care and biological wastes,Spain,2010,0.0,ESP
T,W05,Health care and biological wastes,Spain,2012,0.0,ESP
T,W05,Health care and biological wastes,Spain,2014,2763.0,ESP
T,W05,Health care and biological wastes,Spain,2016,0.0,ESP
T,W05,Health care and biological wastes,Spain,2018,0.0,ESP
T,W05,Health care and biological wastes,Spain,2020,0.0,ESP
T,W05,Health care and biological wastes,Spain,2022,0.0,ESP
T,W05,Health care and biological wastes,European Union - 27 countries (from 2020),2006,10000.0,EU27_2020
T,W05,Health care and biological wastes,European Union - 27 countries (from 2020),2008,0.0,EU27_2020
T,W05,Health care and biological wastes,European Union - 27 countries (from 2020),2018,0.0,EU27_2020
T,W05,Health care and biological wastes,European Union - 27 countries (from 2020),2020,0.0,EU27_2020
T,W05,Health care and biological wastes,European Union - 27 countries (from 2020),2022,0.0,EU27_2020
T,W05,Health care and biological wastes,European Union - 28 countries (2013-2020),2004,0.0,
T,W05,Health care and biological wastes,European Union - 28 countries (2013-2020),2006,10000.0,
T,W05,Health care and biological wastes,European Union - 28 countries (2013-2020),2008,30000.0,
T,W05,Health care and biological wastes,European Union - 28 countries (2013-2020),2010,0.0,
T,W05,Health care and biological wastes,European Union - 28 countries (2013-2020),2012,0.0,
T,W05,Health care and biological wastes,European Union - 28 countries (2013-2020),2014,0.0,
T,W05,Health care and biological wastes,European Union - 28 countries (2013-2020),2016,0.0,
T,W05,Health care and biological wastes,European Union - 28 countries (2013-2020),2018,10000.0,
T,W05,Health care and biological wastes,Finland,2004,0.0,FIN
T,W05,Health care and biological wastes,Finland,2006,0.0,FIN
T,W05,Health care and biological wastes,Finland,2008,0.0,FIN
T,W05,Health care and biological wastes,Finland,2010,0.0,FIN
T,W05,Health care and biological wastes,Finland,2012,0.0,FIN
T,W05,Health care and biological wastes,Finland,2014,0.0,FIN
T,W05,Health care and biological wastes,Finland,2016,0.0,FIN
T,W05,Health care and biological wastes,Finland,2018,0.0,FIN
T,W05,Health care and biological wastes,Finland,2020,0.0,FIN
T,W05,Health care and biological wastes,Finland,2022,0.0,FIN
T,W05,Health care and biological wastes,France,2004,0.0,FRA
T,W05,Health care and biological wastes,France,2006,100.0,FRA
T,W05,Health care and biological wastes,France,2008,0.0,FRA
T,W05,Health care and biological wastes,France,2010,0.0,FRA
T,W05,Health care and biological wastes,France,2012,0.0,FRA
T,W05,Health care and biological wastes,France,2014,0.0,FRA
T,W05,Health care and biological wastes,France,2016,0.0,FRA
T,W05,Health care and biological wastes,France,2018,0.0,FRA
T,W05,Health care and biological wastes,France,2020,0.0,FRA
T,W05,Health care and biological wastes,France,2022,0.0,FRA
T,W05,Health care and biological wastes,Croatia,2006,5665.0,HRV
T,W05,Health care and biological wastes,Croatia,2008,0.0,HRV
T,W05,Health care and biological wastes,Croatia,2012,0.0,HRV
T,W05,Health care and biological wastes,Croatia,2014,0.0,HRV
T,W05,Health care and biological wastes,Croatia,2016,0.0,HRV
T,W05,Health care and biological wastes,Croatia,2018,0.0,HRV
T,W05,Health care and biological wastes,Croatia,2020,0.0,HRV
T,W05,Health care and biological wastes,Croatia,2022,0.0,HRV
T,W05,Health care and biological wastes,Hungary,2004,0.0,HUN
T,W05,Health care and biological wastes,Hungary,2006,0.0,HUN
T,W05,Health care and biological wastes,Hungary,2008,0.0,HUN
T,W05,Health care and biological wastes,Hungary,2010,0.0,HUN
T,W05,Health care and biological wastes,Hungary,2012,0.0,HUN
T,W05,Health care and biological wastes,Hungary,2014,0.0,HUN
T,W05,Health care and biological wastes,Hungary,2016,0.0,HUN
T,W05,Health care and biological wastes,Hungary,2018,0.0,HUN
T,W05,Health care and biological wastes,Hungary,2020,0.0,HUN
T,W05,Health care and biological wastes,Hungary,2022,56.0,HUN
T,W05,Health care and biological wastes,Ireland,2004,0.0,IRL
T,W05,Health care and biological wastes,Ireland,2006,0.0,IRL
T,W05,Health care and biological wastes,Ireland,2010,0.0,IRL
T,W05,Health care and biological wastes,Ireland,2012,0.0,IRL
T,W05,Health care and biological wastes,Ireland,2014,0.0,IRL
T,W05,Health care and biological wastes,Ireland,2016,0.0,IRL
T,W05,Health care and biological wastes,Ireland,2018,0.0,IRL
T,W05,Health care and biological wastes,Ireland,2020,0.0,IRL
T,W05,Health care and biological wastes,Ireland,2022,0.0,IRL
T,W05,Health care and biological wastes,Iceland,2004,0.0,ISL
T,W05,Health care and biological wastes,Iceland,2010,0.0,ISL
T,W05,Health care and biological wastes,Iceland,2012,0.0,ISL
T,W05,Health care and biological wastes,Iceland,2014,95.0,ISL
T,W05,Health care and biological wastes,Iceland,2016,90.0,ISL
T,W05,Health care and biological wastes,Iceland,2018,49.0,ISL
T,W05,Health care and biological wastes,Iceland,2020,43.0,ISL
T,W05,Health care and biological wastes,Iceland,2022,0.0,ISL
T,W05,Health care and biological wastes,Italy,2004,0.0,ITA
T,W05,Health care and biological wastes,Italy,2012,0.0,ITA
T,W05,Health care and biological wastes,Italy,2014,0.0,ITA
T,W05,Health care and biological wastes,Italy,2016,0.0,ITA
T,W05,Health care and biological wastes,Italy,2018,0.0,ITA
T,W05,Health care and biological wastes,Italy,2020,0.0,ITA
T,W05,Health care and biological wastes,Italy,2022,0.0,ITA
T,W05,Health care and biological wastes,Liechtenstein,2008,0.0,
T,W05,Health care and biological wastes,Liechtenstein,2010,0.0,
T,W05,Health care and biological wastes,Liechtenstein,2012,0.0,
T,W05,Health care and biological wastes,Liechtenstein,2014,0.0,
T,W05,Health care and biological wastes,Liechtenstein,2016,0.0,
T,W05,Health care and biological wastes,Liechtenstein,2018,0.0,
T,W05,Health care and biological wastes,Liechtenstein,2020,0.0,
T,W05,Health care and biological wastes,Liechtenstein,2022,0.0,
T,W05,Health care and biological wastes,Lithuania,2004,0.0,LTU
T,W05,Health care and biological wastes,Lithuania,2006,0.0,LTU
T,W05,Health care and biological wastes,Lithuania,2008,0.0,LTU
T,W05,Health care and biological wastes,Lithuania,2010,1.0,LTU
T,W05,Health care and biological wastes,Lithuania,2012,0.0,LTU
T,W05,Health care and biological wastes,Lithuania,2014,0.0,LTU
T,W05,Health care and biological wastes,Lithuania,2016,1.0,LTU
T,W05,Health care and biological wastes,Lithuania,2018,0.0,LTU
T,W05,Health care and biological wastes,Lithuania,2020,0.0,LTU
T,W05,Health care and biological wastes,Lithuania,2022,0.0,LTU
T,W05,Health care and biological wastes,Luxembourg,2004,0.0,LUX
T,W05,Health care and biological wastes,Luxembourg,2006,0.0,LUX
T,W05,Health care and biological wastes,Luxembourg,2008,0.0,LUX
T,W05,Health care and biological wastes,Luxembourg,2010,0.0,LUX
T,W05,Health care and biological wastes,Luxembourg,2012,0.0,LUX
T,W05,Health care and biological wastes,Luxembourg,2014,0.0,LUX
T,W05,Health care and biological wastes,Luxembourg,2016,2.0,LUX
T,W05,Health care and biological wastes,Luxembourg,2018,2.0,LUX
T,W05,Health care and biological wastes,Luxembourg,2020,3.0,LUX
T,W05,Health care and biological wastes,Luxembourg,2022,2.0,LUX
T,W05,Health care and biological wastes,Latvia,2004,0.0,LVA
T,W05,Health care and biological wastes,Latvia,2006,9.0,LVA
T,W05,Health care and biological wastes,Latvia,2010,0.0,LVA
T,W05,Health care and biological wastes,Latvia,2012,0.0,LVA
T,W05,Health care and biological wastes,Latvia,2014,0.0,LVA
T,W05,Health care and biological wastes,Latvia,2016,24.0,LVA
T,W05,Health care and biological wastes,Latvia,2018,5.0,LVA
T,W05,Health care and biological wastes,Latvia,2020,0.0,LVA
T,W05,Health care and biological wastes,Latvia,2022,0.0,LVA
T,W05,Health care and biological wastes,Montenegro,2012,0.0,
T,W05,Health care and biological wastes,Montenegro,2014,198.0,
T,W05,Health care and biological wastes,Montenegro,2016,0.0,
T,W05,Health care and biological wastes,Montenegro,2018,196.0,
T,W05,Health care and biological wastes,Montenegro,2020,0.0,
T,W05,Health care and biological wastes,Montenegro,2022,0.0,
T,W05,Health care and biological wastes,North Macedonia,2012,0.0,
T,W05,Health care and biological wastes,North Macedonia,2014,0.0,
T,W05,Health care and biological wastes,North Macedonia,2016,0.0,
T,W05,Health care and biological wastes,North Macedonia,2018,0.0,
T,W05,Health care and biological wastes,North Macedonia,2020,0.0,
T,W05,Health care and biological wastes,North Macedonia,2022,0.0,
T,W05,Health care and biological wastes,Malta,2004,0.0,MLT
T,W05,Health care and biological wastes,Malta,2006,0.0,MLT
T,W05,Health care and biological wastes,Malta,2008,0.0,MLT
T,W05,Health care and biological wastes,Malta,2010,0.0,MLT
T,W05,Health care and biological wastes,Malta,2012,0.0,MLT
T,W05,Health care and biological wastes,Malta,2014,0.0,MLT
T,W05,Health care and biological wastes,Malta,2016,0.0,MLT
T,W05,Health care and biological wastes,Malta,2018,0.0,MLT
T,W05,Health care and biological wastes,Malta,2020,0.0,MLT
T,W05,Health care and biological wastes,Malta,2022,0.0,MLT
T,W05,Health care and biological wastes,Netherlands,2004,0.0,NLD
T,W05,Health care and biological wastes,Netherlands,2006,0.0,NLD
T,W05,Health care and biological wastes,Netherlands,2008,0.0,NLD
T,W05,Health care and biological wastes,Netherlands,2010,0.0,NLD
T,W05,Health care and biological wastes,Netherlands,2016,0.0,NLD
T,W05,Health care and biological wastes,Netherlands,2018,0.0,NLD
T,W05,Health care and biological wastes,Netherlands,2020,0.0,NLD
T,W05,Health care and biological wastes,Netherlands,2022,0.0,NLD
T,W05,Health care and biological wastes,Norway,2004,0.0,NOR
T,W05,Health care and biological wastes,Norway,2012,0.0,NOR
T,W05,Health care and biological wastes,Norway,2014,0.0,NOR
T,W05,Health care and biological wastes,Norway,2016,0.0,NOR
T,W05,Health care and biological wastes,Norway,2018,0.0,NOR
T,W05,Health care and biological wastes,Norway,2020,0.0,NOR
T,W05,Health care and biological wastes,Norway,2022,0.0,NOR
T,W05,Health care and biological wastes,Poland,2004,0.0,POL
T,W05,Health care and biological wastes,Poland,2008,0.0,POL
T,W05,Health care and biological wastes,Poland,2010,0.0,POL
T,W05,Health care and biological wastes,Poland,2012,0.0,POL
T,W05,Health care and biological wastes,Poland,2014,0.0,POL
T,W05,Health care and biological wastes,Poland,2016,0.0,POL
T,W05,Health care and biological wastes,Poland,2018,0.0,POL
T,W05,Health care and biological wastes,Poland,2020,0.0,POL
T,W05,Health care and biological wastes,Poland,2022,0.0,POL
T,W05,Health care and biological wastes,Portugal,2006,0.0,PRT
T,W05,Health care and biological wastes,Portugal,2010,0.0,PRT
T,W05,Health care and biological wastes,Portugal,2012,0.0,PRT
T,W05,Health care and biological wastes,Portugal,2014,0.0,PRT
T,W05,Health care and biological wastes,Portugal,2016,0.0,PRT
T,W05,Health care and biological wastes,Portugal,2018,0.0,PRT
T,W05,Health care and biological wastes,Portugal,2020,0.0,PRT
T,W05,Health care and biological wastes,Portugal,2022,0.0,PRT
T,W05,Health care and biological wastes,Romania,2004,0.0,ROU
T,W05,Health care and biological wastes,Romania,2006,0.0,ROU
T,W05,Health care and biological wastes,Romania,2008,0.0,ROU
T,W05,Health care and biological wastes,Romania,2010,0.0,ROU
T,W05,Health care and biological wastes,Romania,2012,0.0,ROU
T,W05,Health care and biological wastes,Romania,2014,0.0,ROU
T,W05,Health care and biological wastes,Romania,2016,0.0,ROU
T,W05,Health care and biological wastes,Romania,2018,0.0,ROU
T,W05,Health care and biological wastes,Romania,2020,0.0,ROU
T,W05,Health care and biological wastes,Romania,2022,0.0,ROU
T,W05,Health care and biological wastes,Serbia,2014,110.0,
T,W05,Health care and biological wastes,Serbia,2016,0.0,
T,W05,Health care and biological wastes,Serbia,2018,0.0,
T,W05,Health care and biological wastes,Serbia,2020,0.0,
T,W05,Health care and biological wastes,Serbia,2022,0.0,
T,W05,Health care and biological wastes,Sweden,2004,0.0,SWE
T,W05,Health care and biological wastes,Sweden,2006,0.0,SWE
T,W05,Health care and biological wastes,Sweden,2008,0.0,SWE
T,W05,Health care and biological wastes,Sweden,2010,0.0,SWE
T,W05,Health care and biological wastes,Sweden,2012,0.0,SWE
T,W05,Health care and biological wastes,Sweden,2014,0.0,SWE
T,W05,Health care and biological wastes,Sweden,2016,0.0,SWE
T,W05,Health care and biological wastes,Sweden,2018,0.0,SWE
T,W05,Health care and biological wastes,Sweden,2020,0.0,SWE
T,W05,Health care and biological wastes,Sweden,2022,0.0,SWE
T,W05,Health care and biological wastes,Slovenia,2004,419.0,SVN
T,W05,Health care and biological wastes,Slovenia,2006,455.0,SVN
T,W05,Health care and biological wastes,Slovenia,2008,0.0,SVN
T,W05,Health care and biological wastes,Slovenia,2010,0.0,SVN
T,W05,Health care and biological wastes,Slovenia,2012,0.0,SVN
T,W05,Health care and biological wastes,Slovenia,2014,0.0,SVN
T,W05,Health care and biological wastes,Slovenia,2016,0.0,SVN
T,W05,Health care and biological wastes,Slovenia,2018,0.0,SVN
T,W05,Health care and biological wastes,Slovenia,2020,0.0,SVN
T,W05,Health care and biological wastes,Slovenia,2022,0.0,SVN
T,W05,Health care and biological wastes,Slovakia,2006,0.0,SVK
T,W05,Health care and biological wastes,Slovakia,2008,0.0,SVK
T,W05,Health care and biological wastes,Slovakia,2010,0.0,SVK
T,W05,Health care and biological wastes,Slovakia,2012,0.0,SVK
T,W05,Health care and biological wastes,Slovakia,2014,0.0,SVK
T,W05,Health care and biological wastes,Slovakia,2016,0.0,SVK
T,W05,Health care and biological wastes,Slovakia,2018,0.0,SVK
T,W05,Health care and biological wastes,Slovakia,2020,0.0,SVK
T,W05,Health care and biological wastes,Slovakia,2022,0.0,SVK
T,W05,Health care and biological wastes,Türkiye,2014,20033.0,
T,W05,Health care and biological wastes,Türkiye,2018,0.0,
T,W05,Health care and biological wastes,Türkiye,2020,0.0,
T,W05,Health care and biological wastes,Türkiye,2022,0.0,
T,W05,Health care and biological wastes,United Kingdom,2006,298.0,GBR
T,W05,Health care and biological wastes,United Kingdom,2008,28280.0,GBR
T,W05,Health care and biological wastes,United Kingdom,2010,1222.0,GBR
T,W05,Health care and biological wastes,United Kingdom,2012,300.0,GBR
T,W05,Health care and biological wastes,United Kingdom,2014,1374.0,GBR
T,W05,Health care and biological wastes,United Kingdom,2016,3049.0,GBR
T,W05,Health care and biological wastes,United Kingdom,2018,5956.0,GBR
T,W05,Health care and biological wastes,Kosovo*,2018,0.0,
T,W05,Health care and biological wastes,Kosovo*,2020,0.0,
T,W05,Health care and biological wastes,Kosovo*,2022,0.0,
T,W061,"Metal wastes, ferrous",Austria,2010,93747.0,AUT
T,W061,"Metal wastes, ferrous",Austria,2012,113233.0,AUT
T,W061,"Metal wastes, ferrous",Austria,2014,113129.0,AUT
T,W061,"Metal wastes, ferrous",Austria,2016,121269.0,AUT
T,W061,"Metal wastes, ferrous",Austria,2018,122642.0,AUT
T,W061,"Metal wastes, ferrous",Austria,2020,139177.0,AUT
T,W061,"Metal wastes, ferrous",Austria,2022,111740.0,AUT
T,W061,"Metal wastes, ferrous",Bosnia and Herzegovina,2018,0.0,
T,W061,"Metal wastes, ferrous",Bosnia and Herzegovina,2020,0.0,
T,W061,"Metal wastes, ferrous",Bosnia and Herzegovina,2022,0.0,
T,W061,"Metal wastes, ferrous",Belgium,2010,0.0,BEL
T,W061,"Metal wastes, ferrous",Belgium,2012,0.0,BEL
T,W061,"Metal wastes, ferrous",Belgium,2014,0.0,BEL
T,W061,"Metal wastes, ferrous",Belgium,2016,0.0,BEL
T,W061,"Metal wastes, ferrous",Belgium,2018,0.0,BEL
T,W061,"Metal wastes, ferrous",Belgium,2020,14821.0,BEL
T,W061,"Metal wastes, ferrous",Belgium,2022,10469.0,BEL
T,W061,"Metal wastes, ferrous",Bulgaria,2018,7.0,BGR
T,W061,"Metal wastes, ferrous",Bulgaria,2020,0.0,BGR
T,W061,"Metal wastes, ferrous",Bulgaria,2022,0.0,BGR
T,W061,"Metal wastes, ferrous",Cyprus,2010,2058.0,CYP
T,W061,"Metal wastes, ferrous",Cyprus,2012,0.0,CYP
T,W061,"Metal wastes, ferrous",Cyprus,2014,0.0,CYP
T,W061,"Metal wastes, ferrous",Cyprus,2016,0.0,CYP
T,W061,"Metal wastes, ferrous",Cyprus,2018,0.0,CYP
T,W061,"Metal wastes, ferrous",Cyprus,2020,0.0,CYP
T,W061,"Metal wastes, ferrous",Cyprus,2022,0.0,CYP
T,W061,"Metal wastes, ferrous",Czechia,2010,0.0,CZE
T,W061,"Metal wastes, ferrous",Czechia,2012,0.0,CZE
T,W061,"Metal wastes, ferrous",Czechia,2014,0.0,CZE
T,W061,"Metal wastes, ferrous",Czechia,2016,0.0,CZE
T,W061,"Metal wastes, ferrous",Czechia,2018,456836.0,CZE
T,W061,"Metal wastes, ferrous",Czechia,2020,376349.0,CZE
T,W061,"Metal wastes, ferrous",Czechia,2022,12443.0,CZE
T,W061,"Metal wastes, ferrous",Germany,2010,0.0,DEU
T,W061,"Metal wastes, ferrous",Germany,2012,0.0,DEU
T,W061,"Metal wastes, ferrous",Germany,2014,0.0,DEU
T,W061,"Metal wastes, ferrous",Germany,2016,0.0,DEU
T,W061,"Metal wastes, ferrous",Germany,2018,0.0,DEU
T,W061,"Metal wastes, ferrous",Germany,2020,0.0,DEU
T,W061,"Metal wastes, ferrous",Germany,2022,0.0,DEU
T,W061,"Metal wastes, ferrous",Denmark,2010,41411.0,DNK
T,W061,"Metal wastes, ferrous",Denmark,2012,7659.0,DNK
T,W061,"Metal wastes, ferrous",Denmark,2014,6188.0,DNK
T,W061,"Metal wastes, ferrous",Denmark,2016,5916.0,DNK
T,W061,"Metal wastes, ferrous",Denmark,2018,3756.0,DNK
T,W061,"Metal wastes, ferrous",Denmark,2020,5705.0,DNK
T,W061,"Metal wastes, ferrous",Denmark,2022,4648.0,DNK
T,W061,"Metal wastes, ferrous",Estonia,2010,143623.0,EST
T,W061,"Metal wastes, ferrous",Estonia,2012,157832.0,EST
T,W061,"Metal wastes, ferrous",Estonia,2014,142347.0,EST
T,W061,"Metal wastes, ferrous",Estonia,2016,96526.0,EST
T,W061,"Metal wastes, ferrous",Estonia,2018,116547.0,EST
T,W061,"Metal wastes, ferrous",Estonia,2020,119590.0,EST
T,W061,"Metal wastes, ferrous",Estonia,2022,114908.0,EST
T,W061,"Metal wastes, ferrous",Greece,2010,0.0,GRC
T,W061,"Metal wastes, ferrous",Greece,2016,0.0,GRC
T,W061,"Metal wastes, ferrous",Greece,2018,7648.0,GRC
T,W061,"Metal wastes, ferrous",Greece,2020,500.0,GRC
T,W061,"Metal wastes, ferrous",Greece,2022,198.0,GRC
T,W061,"Metal wastes, ferrous",Spain,2010,0.0,ESP
T,W061,"Metal wastes, ferrous",Spain,2012,0.0,ESP
T,W061,"Metal wastes, ferrous",Spain,2014,0.0,ESP
T,W061,"Metal wastes, ferrous",Spain,2016,0.0,ESP
T,W061,"Metal wastes, ferrous",Spain,2018,0.0,ESP
T,W061,"Metal wastes, ferrous",Spain,2020,0.0,ESP
T,W061,"Metal wastes, ferrous",Spain,2022,0.0,ESP
T,W061,"Metal wastes, ferrous",European Union - 27 countries (from 2020),2018,1410000.0,EU27_2020
T,W061,"Metal wastes, ferrous",European Union - 27 countries (from 2020),2020,1570000.0,EU27_2020
T,W061,"Metal wastes, ferrous",European Union - 27 countries (from 2020),2022,1190000.0,EU27_2020
T,W061,"Metal wastes, ferrous",European Union - 28 countries (2013-2020),2016,740000.0,
T,W061,"Metal wastes, ferrous",European Union - 28 countries (2013-2020),2018,1420000.0,
T,W061,"Metal wastes, ferrous",Finland,2010,0.0,FIN
T,W061,"Metal wastes, ferrous",Finland,2012,0.0,FIN
T,W061,"Metal wastes, ferrous",Finland,2014,0.0,FIN
T,W061,"Metal wastes, ferrous",Finland,2016,0.0,FIN
T,W061,"Metal wastes, ferrous",Finland,2018,0.0,FIN
T,W061,"Metal wastes, ferrous",Finland,2020,0.0,FIN
T,W061,"Metal wastes, ferrous",Finland,2022,0.0,FIN
T,W061,"Metal wastes, ferrous",France,2010,262324.0,FRA
T,W061,"Metal wastes, ferrous",France,2012,255908.0,FRA
T,W061,"Metal wastes, ferrous",France,2014,246363.0,FRA
T,W061,"Metal wastes, ferrous",France,2016,381616.0,FRA
T,W061,"Metal wastes, ferrous",France,2018,424518.0,FRA
T,W061,"Metal wastes, ferrous",France,2020,394792.0,FRA
T,W061,"Metal wastes, ferrous",France,2022,385900.0,FRA
T,W061,"Metal wastes, ferrous",Croatia,2012,0.0,HRV
T,W061,"Metal wastes, ferrous",Croatia,2014,0.0,HRV
T,W061,"Metal wastes, ferrous",Croatia,2016,0.0,HRV
T,W061,"Metal wastes, ferrous",Croatia,2018,21042.0,HRV
T,W061,"Metal wastes, ferrous",Croatia,2020,1091.0,HRV
T,W061,"Metal wastes, ferrous",Croatia,2022,499.0,HRV
T,W061,"Metal wastes, ferrous",Hungary,2010,0.0,HUN
T,W061,"Metal wastes, ferrous",Hungary,2012,0.0,HUN
T,W061,"Metal wastes, ferrous",Hungary,2014,0.0,HUN
T,W061,"Metal wastes, ferrous",Hungary,2016,0.0,HUN
T,W061,"Metal wastes, ferrous",Hungary,2018,0.0,HUN
T,W061,"Metal wastes, ferrous",Hungary,2020,316159.0,HUN
T,W061,"Metal wastes, ferrous",Hungary,2022,330563.0,HUN
T,W061,"Metal wastes, ferrous",Ireland,2010,1547.0,IRL
T,W061,"Metal wastes, ferrous",Ireland,2012,1472.0,IRL
T,W061,"Metal wastes, ferrous",Ireland,2014,1251.0,IRL
T,W061,"Metal wastes, ferrous",Ireland,2016,1017.0,IRL
T,W061,"Metal wastes, ferrous",Ireland,2018,1260.0,IRL
T,W061,"Metal wastes, ferrous",Ireland,2020,1003.0,IRL
T,W061,"Metal wastes, ferrous",Ireland,2022,831.0,IRL
T,W061,"Metal wastes, ferrous",Iceland,2010,0.0,ISL
T,W061,"Metal wastes, ferrous",Iceland,2012,0.0,ISL
T,W061,"Metal wastes, ferrous",Iceland,2014,21553.0,ISL
T,W061,"Metal wastes, ferrous",Iceland,2016,24418.0,ISL
T,W061,"Metal wastes, ferrous",Iceland,2018,50087.0,ISL
T,W061,"Metal wastes, ferrous",Iceland,2020,67613.0,ISL
T,W061,"Metal wastes, ferrous",Iceland,2022,1744.0,ISL
T,W061,"Metal wastes, ferrous",Italy,2012,0.0,ITA
T,W061,"Metal wastes, ferrous",Italy,2014,0.0,ITA
T,W061,"Metal wastes, ferrous",Italy,2016,0.0,ITA
T,W061,"Metal wastes, ferrous",Italy,2018,0.0,ITA
T,W061,"Metal wastes, ferrous",Italy,2020,1.0,ITA
T,W061,"Metal wastes, ferrous",Italy,2022,0.0,ITA
T,W061,"Metal wastes, ferrous",Liechtenstein,2010,0.0,
T,W061,"Metal wastes, ferrous",Liechtenstein,2012,3223.0,
T,W061,"Metal wastes, ferrous",Liechtenstein,2014,4810.0,
T,W061,"Metal wastes, ferrous",Liechtenstein,2016,5188.0,
T,W061,"Metal wastes, ferrous",Liechtenstein,2018,6674.0,
T,W061,"Metal wastes, ferrous",Liechtenstein,2020,7515.0,
T,W061,"Metal wastes, ferrous",Liechtenstein,2022,8679.0,
T,W061,"Metal wastes, ferrous",Lithuania,2010,286115.0,LTU
T,W061,"Metal wastes, ferrous",Lithuania,2012,142640.0,LTU
T,W061,"Metal wastes, ferrous",Lithuania,2014,101731.0,LTU
T,W061,"Metal wastes, ferrous",Lithuania,2016,105215.0,LTU
T,W061,"Metal wastes, ferrous",Lithuania,2018,211183.0,LTU
T,W061,"Metal wastes, ferrous",Lithuania,2020,187615.0,LTU
T,W061,"Metal wastes, ferrous",Lithuania,2022,181879.0,LTU
T,W061,"Metal wastes, ferrous",Luxembourg,2010,,LUX
T,W061,"Metal wastes, ferrous",Luxembourg,2012,10194.0,LUX
T,W061,"Metal wastes, ferrous",Luxembourg,2014,150.0,LUX
T,W061,"Metal wastes, ferrous",Luxembourg,2016,9870.0,LUX
T,W061,"Metal wastes, ferrous",Luxembourg,2018,8680.0,LUX
T,W061,"Metal wastes, ferrous",Luxembourg,2020,8016.0,LUX
T,W061,"Metal wastes, ferrous",Luxembourg,2022,10503.0,LUX
T,W061,"Metal wastes, ferrous",Latvia,2010,0.0,LVA
T,W061,"Metal wastes, ferrous",Latvia,2012,0.0,LVA
T,W061,"Metal wastes, ferrous",Latvia,2014,0.0,LVA
T,W061,"Metal wastes, ferrous",Latvia,2016,0.0,LVA
T,W061,"Metal wastes, ferrous",Latvia,2018,29992.0,LVA
T,W061,"Metal wastes, ferrous",Latvia,2020,0.0,LVA
T,W061,"Metal wastes, ferrous",Latvia,2022,18663.0,LVA
T,W061,"Metal wastes, ferrous",Montenegro,2012,0.0,
T,W061,"Metal wastes, ferrous",Montenegro,2014,0.0,
T,W061,"Metal wastes, ferrous",Montenegro,2016,0.0,
T,W061,"Metal wastes, ferrous",Montenegro,2018,0.0,
T,W061,"Metal wastes, ferrous",Montenegro,2020,5.0,
T,W061,"Metal wastes, ferrous",Montenegro,2022,510.0,
T,W061,"Metal wastes, ferrous",North Macedonia,2012,0.0,
T,W061,"Metal wastes, ferrous",North Macedonia,2014,0.0,
T,W061,"Metal wastes, ferrous",North Macedonia,2016,0.0,
T,W061,"Metal wastes, ferrous",North Macedonia,2018,0.0,
T,W061,"Metal wastes, ferrous",North Macedonia,2020,0.0,
T,W061,"Metal wastes, ferrous",North Macedonia,2022,0.0,
T,W061,"Metal wastes, ferrous",Malta,2010,0.0,MLT
T,W061,"Metal wastes, ferrous",Malta,2012,0.0,MLT
T,W061,"Metal wastes, ferrous",Malta,2014,0.0,MLT
T,W061,"Metal wastes, ferrous",Malta,2016,0.0,MLT
T,W061,"Metal wastes, ferrous",Malta,2018,0.0,MLT
T,W061,"Metal wastes, ferrous",Malta,2020,0.0,MLT
T,W061,"Metal wastes, ferrous",Malta,2022,0.0,MLT
T,W061,"Metal wastes, ferrous",Netherlands,2010,163.0,NLD
T,W061,"Metal wastes, ferrous",Netherlands,2016,1488.0,NLD
T,W061,"Metal wastes, ferrous",Netherlands,2018,2277.0,NLD
T,W061,"Metal wastes, ferrous",Netherlands,2020,2074.0,NLD
T,W061,"Metal wastes, ferrous",Netherlands,2022,611.0,NLD
T,W061,"Metal wastes, ferrous",Norway,2012,10560.0,NOR
T,W061,"Metal wastes, ferrous",Norway,2014,11184.0,NOR
T,W061,"Metal wastes, ferrous",Norway,2016,0.0,NOR
T,W061,"Metal wastes, ferrous",Norway,2018,0.0,NOR
T,W061,"Metal wastes, ferrous",Norway,2020,0.0,NOR
T,W061,"Metal wastes, ferrous",Norway,2022,0.0,NOR
T,W061,"Metal wastes, ferrous",Poland,2018,0.0,POL
T,W061,"Metal wastes, ferrous",Poland,2020,2273.0,POL
T,W061,"Metal wastes, ferrous",Poland,2022,6106.0,POL
T,W061,"Metal wastes, ferrous",Portugal,2010,0.0,PRT
T,W061,"Metal wastes, ferrous",Portugal,2012,0.0,PRT
T,W061,"Metal wastes, ferrous",Portugal,2014,0.0,PRT
T,W061,"Metal wastes, ferrous",Portugal,2016,0.0,PRT
T,W061,"Metal wastes, ferrous",Portugal,2018,0.0,PRT
T,W061,"Metal wastes, ferrous",Portugal,2020,0.0,PRT
T,W061,"Metal wastes, ferrous",Portugal,2022,0.0,PRT
T,W061,"Metal wastes, ferrous",Romania,2010,0.0,ROU
T,W061,"Metal wastes, ferrous",Romania,2012,0.0,ROU
T,W061,"Metal wastes, ferrous",Romania,2014,0.0,ROU
T,W061,"Metal wastes, ferrous",Romania,2016,0.0,ROU
T,W061,"Metal wastes, ferrous",Romania,2018,20.0,ROU
T,W061,"Metal wastes, ferrous",Romania,2020,0.0,ROU
T,W061,"Metal wastes, ferrous",Romania,2022,255.0,ROU
T,W061,"Metal wastes, ferrous",Serbia,2014,326.0,
T,W061,"Metal wastes, ferrous",Serbia,2016,0.0,
T,W061,"Metal wastes, ferrous",Serbia,2018,0.0,
T,W061,"Metal wastes, ferrous",Serbia,2020,0.0,
T,W061,"Metal wastes, ferrous",Serbia,2022,0.0,
T,W061,"Metal wastes, ferrous",Sweden,2010,0.0,SWE
T,W061,"Metal wastes, ferrous",Sweden,2012,0.0,SWE
T,W061,"Metal wastes, ferrous",Sweden,2014,0.0,SWE
T,W061,"Metal wastes, ferrous",Sweden,2016,0.0,SWE
T,W061,"Metal wastes, ferrous",Sweden,2018,0.0,SWE
T,W061,"Metal wastes, ferrous",Sweden,2020,0.0,SWE
T,W061,"Metal wastes, ferrous",Sweden,2022,0.0,SWE
T,W061,"Metal wastes, ferrous",Slovenia,2010,200.0,SVN
T,W061,"Metal wastes, ferrous",Slovenia,2012,703.0,SVN
T,W061,"Metal wastes, ferrous",Slovenia,2014,0.0,SVN
T,W061,"Metal wastes, ferrous",Slovenia,2016,21.0,SVN
T,W061,"Metal wastes, ferrous",Slovenia,2018,0.0,SVN
T,W061,"Metal wastes, ferrous",Slovenia,2020,0.0,SVN
T,W061,"Metal wastes, ferrous",Slovenia,2022,0.0,SVN
T,W061,"Metal wastes, ferrous",Slovakia,2010,0.0,SVK
T,W061,"Metal wastes, ferrous",Slovakia,2012,0.0,SVK
T,W061,"Metal wastes, ferrous",Slovakia,2014,0.0,SVK
T,W061,"Metal wastes, ferrous",Slovakia,2016,0.0,SVK
T,W061,"Metal wastes, ferrous",Slovakia,2018,0.0,SVK
T,W061,"Metal wastes, ferrous",Slovakia,2020,0.0,SVK
T,W061,"Metal wastes, ferrous",Slovakia,2022,0.0,SVK
T,W061,"Metal wastes, ferrous",Türkiye,2010,658.0,
T,W061,"Metal wastes, ferrous",Türkiye,2012,149.0,
T,W061,"Metal wastes, ferrous",Türkiye,2014,2177.0,
T,W061,"Metal wastes, ferrous",Türkiye,2018,0.0,
T,W061,"Metal wastes, ferrous",Türkiye,2020,0.0,
T,W061,"Metal wastes, ferrous",Türkiye,2022,0.0,
T,W061,"Metal wastes, ferrous",United Kingdom,2010,17937.0,GBR
T,W061,"Metal wastes, ferrous",United Kingdom,2012,18260.0,GBR
T,W061,"Metal wastes, ferrous",United Kingdom,2014,16151.0,GBR
T,W061,"Metal wastes, ferrous",United Kingdom,2016,16224.0,GBR
T,W061,"Metal wastes, ferrous",United Kingdom,2018,16302.0,GBR
T,W061,"Metal wastes, ferrous",Kosovo*,2018,0.0,
T,W061,"Metal wastes, ferrous",Kosovo*,2020,0.0,
T,W061,"Metal wastes, ferrous",Kosovo*,2022,0.0,
T,W062,"Metal wastes, non-ferrous",Austria,2010,23653.0,AUT
T,W062,"Metal wastes, non-ferrous",Austria,2012,3963.0,AUT
T,W062,"Metal wastes, non-ferrous",Austria,2014,1789.0,AUT
T,W062,"Metal wastes, non-ferrous",Austria,2016,1628.0,AUT
T,W062,"Metal wastes, non-ferrous",Austria,2018,1705.0,AUT
T,W062,"Metal wastes, non-ferrous",Austria,2020,2880.0,AUT
T,W062,"Metal wastes, non-ferrous",Austria,2022,2711.0,AUT
T,W062,"Metal wastes, non-ferrous",Bosnia and Herzegovina,2018,0.0,
T,W062,"Metal wastes, non-ferrous",Bosnia and Herzegovina,2020,0.0,
T,W062,"Metal wastes, non-ferrous",Bosnia and Herzegovina,2022,0.0,
T,W062,"Metal wastes, non-ferrous",Belgium,2010,0.0,BEL
T,W062,"Metal wastes, non-ferrous",Belgium,2012,0.0,BEL
T,W062,"Metal wastes, non-ferrous",Belgium,2014,0.0,BEL
T,W062,"Metal wastes, non-ferrous",Belgium,2016,0.0,BEL
T,W062,"Metal wastes, non-ferrous",Belgium,2018,0.0,BEL
T,W062,"Metal wastes, non-ferrous",Belgium,2020,5640.0,BEL
T,W062,"Metal wastes, non-ferrous",Belgium,2022,6573.0,BEL
T,W062,"Metal wastes, non-ferrous",Bulgaria,2016,22784.0,BGR
T,W062,"Metal wastes, non-ferrous",Bulgaria,2018,31.0,BGR
T,W062,"Metal wastes, non-ferrous",Bulgaria,2020,0.0,BGR
T,W062,"Metal wastes, non-ferrous",Bulgaria,2022,0.0,BGR
T,W062,"Metal wastes, non-ferrous",Cyprus,2010,14625.0,CYP
T,W062,"Metal wastes, non-ferrous",Cyprus,2012,0.0,CYP
T,W062,"Metal wastes, non-ferrous",Cyprus,2014,0.0,CYP
T,W062,"Metal wastes, non-ferrous",Cyprus,2016,0.0,CYP
T,W062,"Metal wastes, non-ferrous",Cyprus,2018,0.0,CYP
T,W062,"Metal wastes, non-ferrous",Cyprus,2020,0.0,CYP
T,W062,"Metal wastes, non-ferrous",Cyprus,2022,0.0,CYP
T,W062,"Metal wastes, non-ferrous",Czechia,2010,0.0,CZE
T,W062,"Metal wastes, non-ferrous",Czechia,2012,0.0,CZE
T,W062,"Metal wastes, non-ferrous",Czechia,2014,0.0,CZE
T,W062,"Metal wastes, non-ferrous",Czechia,2016,0.0,CZE
T,W062,"Metal wastes, non-ferrous",Czechia,2018,38612.0,CZE
T,W062,"Metal wastes, non-ferrous",Czechia,2020,31655.0,CZE
T,W062,"Metal wastes, non-ferrous",Czechia,2022,465.0,CZE
T,W062,"Metal wastes, non-ferrous",Germany,2010,0.0,DEU
T,W062,"Metal wastes, non-ferrous",Germany,2012,0.0,DEU
T,W062,"Metal wastes, non-ferrous",Germany,2014,0.0,DEU
T,W062,"Metal wastes, non-ferrous",Germany,2016,0.0,DEU
T,W062,"Metal wastes, non-ferrous",Germany,2018,0.0,DEU
T,W062,"Metal wastes, non-ferrous",Germany,2020,0.0,DEU
T,W062,"Metal wastes, non-ferrous",Germany,2022,0.0,DEU
T,W062,"Metal wastes, non-ferrous",Denmark,2010,4399.0,DNK
T,W062,"Metal wastes, non-ferrous",Denmark,2012,162.0,DNK
T,W062,"Metal wastes, non-ferrous",Denmark,2014,267.0,DNK
T,W062,"Metal wastes, non-ferrous",Denmark,2016,492.0,DNK
T,W062,"Metal wastes, non-ferrous",Denmark,2018,155.0,DNK
T,W062,"Metal wastes, non-ferrous",Denmark,2020,99.0,DNK
T,W062,"Metal wastes, non-ferrous",Denmark,2022,235.0,DNK
T,W062,"Metal wastes, non-ferrous",Estonia,2010,6413.0,EST
T,W062,"Metal wastes, non-ferrous",Estonia,2012,8744.0,EST
T,W062,"Metal wastes, non-ferrous",Estonia,2014,7062.0,EST
T,W062,"Metal wastes, non-ferrous",Estonia,2016,6156.0,EST
T,W062,"Metal wastes, non-ferrous",Estonia,2018,6437.0,EST
T,W062,"Metal wastes, non-ferrous",Estonia,2020,6621.0,EST
T,W062,"Metal wastes, non-ferrous",Estonia,2022,7206.0,EST
T,W062,"Metal wastes, non-ferrous",Greece,2010,0.0,GRC
T,W062,"Metal wastes, non-ferrous",Greece,2016,0.0,GRC
T,W062,"Metal wastes, non-ferrous",Greece,2018,1.0,GRC
T,W062,"Metal wastes, non-ferrous",Greece,2020,15.0,GRC
T,W062,"Metal wastes, non-ferrous",Greece,2022,2.0,GRC
T,W062,"Metal wastes, non-ferrous",Spain,2010,0.0,ESP
T,W062,"Metal wastes, non-ferrous",Spain,2012,0.0,ESP
T,W062,"Metal wastes, non-ferrous",Spain,2014,0.0,ESP
T,W062,"Metal wastes, non-ferrous",Spain,2016,0.0,ESP
T,W062,"Metal wastes, non-ferrous",Spain,2018,0.0,ESP
T,W062,"Metal wastes, non-ferrous",Spain,2020,0.0,ESP
T,W062,"Metal wastes, non-ferrous",Spain,2022,0.0,ESP
T,W062,"Metal wastes, non-ferrous",European Union - 27 countries (from 2020),2018,170000.0,EU27_2020
T,W062,"Metal wastes, non-ferrous",European Union - 27 countries (from 2020),2020,160000.0,EU27_2020
T,W062,"Metal wastes, non-ferrous",European Union - 27 countries (from 2020),2022,90000.0,EU27_2020
T,W062,"Metal wastes, non-ferrous",European Union - 28 countries (2013-2020),2016,70000.0,
T,W062,"Metal wastes, non-ferrous",European Union - 28 countries (2013-2020),2018,180000.0,
T,W062,"Metal wastes, non-ferrous",Finland,2010,0.0,FIN
T,W062,"Metal wastes, non-ferrous",Finland,2012,0.0,FIN
T,W062,"Metal wastes, non-ferrous",Finland,2014,31486.0,FIN
T,W062,"Metal wastes, non-ferrous",Finland,2016,0.0,FIN
T,W062,"Metal wastes, non-ferrous",Finland,2018,57171.0,FIN
T,W062,"Metal wastes, non-ferrous",Finland,2020,56233.0,FIN
T,W062,"Metal wastes, non-ferrous",Finland,2022,0.0,FIN
T,W062,"Metal wastes, non-ferrous",France,2010,13807.0,FRA
T,W062,"Metal wastes, non-ferrous",France,2012,28434.0,FRA
T,W062,"Metal wastes, non-ferrous",France,2014,9889.0,FRA
T,W062,"Metal wastes, non-ferrous",France,2016,16000.0,FRA
T,W062,"Metal wastes, non-ferrous",France,2018,42925.0,FRA
T,W062,"Metal wastes, non-ferrous",France,2020,14576.0,FRA
T,W062,"Metal wastes, non-ferrous",France,2022,20490.0,FRA
T,W062,"Metal wastes, non-ferrous",Croatia,2012,0.0,HRV
T,W062,"Metal wastes, non-ferrous",Croatia,2014,0.0,HRV
T,W062,"Metal wastes, non-ferrous",Croatia,2016,0.0,HRV
T,W062,"Metal wastes, non-ferrous",Croatia,2018,2023.0,HRV
T,W062,"Metal wastes, non-ferrous",Croatia,2020,86.0,HRV
T,W062,"Metal wastes, non-ferrous",Croatia,2022,357.0,HRV
T,W062,"Metal wastes, non-ferrous",Hungary,2010,0.0,HUN
T,W062,"Metal wastes, non-ferrous",Hungary,2012,0.0,HUN
T,W062,"Metal wastes, non-ferrous",Hungary,2014,0.0,HUN
T,W062,"Metal wastes, non-ferrous",Hungary,2016,0.0,HUN
T,W062,"Metal wastes, non-ferrous",Hungary,2018,0.0,HUN
T,W062,"Metal wastes, non-ferrous",Hungary,2020,26422.0,HUN
T,W062,"Metal wastes, non-ferrous",Hungary,2022,30478.0,HUN
T,W062,"Metal wastes, non-ferrous",Ireland,2010,1693.0,IRL
T,W062,"Metal wastes, non-ferrous",Ireland,2012,1822.0,IRL
T,W062,"Metal wastes, non-ferrous",Ireland,2014,1313.0,IRL
T,W062,"Metal wastes, non-ferrous",Ireland,2016,1092.0,IRL
T,W062,"Metal wastes, non-ferrous",Ireland,2018,1346.0,IRL
T,W062,"Metal wastes, non-ferrous",Ireland,2020,1908.0,IRL
T,W062,"Metal wastes, non-ferrous",Ireland,2022,1622.0,IRL
T,W062,"Metal wastes, non-ferrous",Iceland,2010,769.0,ISL
T,W062,"Metal wastes, non-ferrous",Iceland,2012,743.0,ISL
T,W062,"Metal wastes, non-ferrous",Iceland,2014,1440.0,ISL
T,W062,"Metal wastes, non-ferrous",Iceland,2016,1485.0,ISL
T,W062,"Metal wastes, non-ferrous",Iceland,2018,1783.0,ISL
T,W062,"Metal wastes, non-ferrous",Iceland,2020,4454.0,ISL
T,W062,"Metal wastes, non-ferrous",Iceland,2022,474.0,ISL
T,W062,"Metal wastes, non-ferrous",Italy,2012,0.0,ITA
T,W062,"Metal wastes, non-ferrous",Italy,2014,0.0,ITA
T,W062,"Metal wastes, non-ferrous",Italy,2016,0.0,ITA
T,W062,"Metal wastes, non-ferrous",Italy,2018,0.0,ITA
T,W062,"Metal wastes, non-ferrous",Italy,2020,0.0,ITA
T,W062,"Metal wastes, non-ferrous",Italy,2022,0.0,ITA
T,W062,"Metal wastes, non-ferrous",Liechtenstein,2012,3.0,
T,W062,"Metal wastes, non-ferrous",Liechtenstein,2014,47.0,
T,W062,"Metal wastes, non-ferrous",Liechtenstein,2016,120.0,
T,W062,"Metal wastes, non-ferrous",Liechtenstein,2018,180.0,
T,W062,"Metal wastes, non-ferrous",Liechtenstein,2020,144.0,
T,W062,"Metal wastes, non-ferrous",Liechtenstein,2022,148.0,
T,W062,"Metal wastes, non-ferrous",Lithuania,2010,9154.0,LTU
T,W062,"Metal wastes, non-ferrous",Lithuania,2012,5326.0,LTU
T,W062,"Metal wastes, non-ferrous",Lithuania,2014,7026.0,LTU
T,W062,"Metal wastes, non-ferrous",Lithuania,2016,14111.0,LTU
T,W062,"Metal wastes, non-ferrous",Lithuania,2018,15984.0,LTU
T,W062,"Metal wastes, non-ferrous",Lithuania,2020,13846.0,LTU
T,W062,"Metal wastes, non-ferrous",Lithuania,2022,16711.0,LTU
T,W062,"Metal wastes, non-ferrous",Luxembourg,2010,990.0,LUX
T,W062,"Metal wastes, non-ferrous",Luxembourg,2012,455.0,LUX
T,W062,"Metal wastes, non-ferrous",Luxembourg,2014,55.0,LUX
T,W062,"Metal wastes, non-ferrous",Luxembourg,2016,1019.0,LUX
T,W062,"Metal wastes, non-ferrous",Luxembourg,2018,1117.0,LUX
T,W062,"Metal wastes, non-ferrous",Luxembourg,2020,1459.0,LUX
T,W062,"Metal wastes, non-ferrous",Luxembourg,2022,2122.0,LUX
T,W062,"Metal wastes, non-ferrous",Latvia,2010,0.0,LVA
T,W062,"Metal wastes, non-ferrous",Latvia,2012,0.0,LVA
T,W062,"Metal wastes, non-ferrous",Latvia,2014,0.0,LVA
T,W062,"Metal wastes, non-ferrous",Latvia,2016,5303.0,LVA
T,W062,"Metal wastes, non-ferrous",Latvia,2018,2745.0,LVA
T,W062,"Metal wastes, non-ferrous",Latvia,2020,0.0,LVA
T,W062,"Metal wastes, non-ferrous",Latvia,2022,5197.0,LVA
T,W062,"Metal wastes, non-ferrous",Montenegro,2012,0.0,
T,W062,"Metal wastes, non-ferrous",Montenegro,2014,0.0,
T,W062,"Metal wastes, non-ferrous",Montenegro,2016,0.0,
T,W062,"Metal wastes, non-ferrous",Montenegro,2018,0.0,
T,W062,"Metal wastes, non-ferrous",Montenegro,2020,0.0,
T,W062,"Metal wastes, non-ferrous",Montenegro,2022,24.0,
T,W062,"Metal wastes, non-ferrous",North Macedonia,2012,0.0,
T,W062,"Metal wastes, non-ferrous",North Macedonia,2014,0.0,
T,W062,"Metal wastes, non-ferrous",North Macedonia,2016,0.0,
T,W062,"Metal wastes, non-ferrous",North Macedonia,2018,0.0,
T,W062,"Metal wastes, non-ferrous",North Macedonia,2020,0.0,
T,W062,"Metal wastes, non-ferrous",North Macedonia,2022,0.0,
T,W062,"Metal wastes, non-ferrous",Malta,2010,0.0,MLT
T,W062,"Metal wastes, non-ferrous",Malta,2012,0.0,MLT
T,W062,"Metal wastes, non-ferrous",Malta,2014,0.0,MLT
T,W062,"Metal wastes, non-ferrous",Malta,2016,33.0,MLT
T,W062,"Metal wastes, non-ferrous",Malta,2018,0.0,MLT
T,W062,"Metal wastes, non-ferrous",Malta,2020,0.0,MLT
T,W062,"Metal wastes, non-ferrous",Malta,2022,0.0,MLT
T,W062,"Metal wastes, non-ferrous",Netherlands,2010,7.0,NLD
T,W062,"Metal wastes, non-ferrous",Netherlands,2016,182.0,NLD
T,W062,"Metal wastes, non-ferrous",Netherlands,2018,248.0,NLD
T,W062,"Metal wastes, non-ferrous",Netherlands,2020,197.0,NLD
T,W062,"Metal wastes, non-ferrous",Netherlands,2022,102.0,NLD
T,W062,"Metal wastes, non-ferrous",Norway,2012,646.0,NOR
T,W062,"Metal wastes, non-ferrous",Norway,2014,684.0,NOR
T,W062,"Metal wastes, non-ferrous",Norway,2016,0.0,NOR
T,W062,"Metal wastes, non-ferrous",Norway,2018,0.0,NOR
T,W062,"Metal wastes, non-ferrous",Norway,2020,0.0,NOR
T,W062,"Metal wastes, non-ferrous",Norway,2022,0.0,NOR
T,W062,"Metal wastes, non-ferrous",Poland,2018,0.0,POL
T,W062,"Metal wastes, non-ferrous",Poland,2020,22.0,POL
T,W062,"Metal wastes, non-ferrous",Poland,2022,481.0,POL
T,W062,"Metal wastes, non-ferrous",Portugal,2010,0.0,PRT
T,W062,"Metal wastes, non-ferrous",Portugal,2012,0.0,PRT
T,W062,"Metal wastes, non-ferrous",Portugal,2014,0.0,PRT
T,W062,"Metal wastes, non-ferrous",Portugal,2016,0.0,PRT
T,W062,"Metal wastes, non-ferrous",Portugal,2018,0.0,PRT
T,W062,"Metal wastes, non-ferrous",Portugal,2020,0.0,PRT
T,W062,"Metal wastes, non-ferrous",Portugal,2022,0.0,PRT
T,W062,"Metal wastes, non-ferrous",Romania,2010,9541.0,ROU
T,W062,"Metal wastes, non-ferrous",Romania,2012,0.0,ROU
T,W062,"Metal wastes, non-ferrous",Romania,2014,0.0,ROU
T,W062,"Metal wastes, non-ferrous",Romania,2016,0.0,ROU
T,W062,"Metal wastes, non-ferrous",Romania,2018,0.0,ROU
T,W062,"Metal wastes, non-ferrous",Romania,2020,0.0,ROU
T,W062,"Metal wastes, non-ferrous",Romania,2022,0.0,ROU
T,W062,"Metal wastes, non-ferrous",Serbia,2014,4.0,
T,W062,"Metal wastes, non-ferrous",Serbia,2016,0.0,
T,W062,"Metal wastes, non-ferrous",Serbia,2018,0.0,
T,W062,"Metal wastes, non-ferrous",Serbia,2020,0.0,
T,W062,"Metal wastes, non-ferrous",Serbia,2022,0.0,
T,W062,"Metal wastes, non-ferrous",Sweden,2010,0.0,SWE
T,W062,"Metal wastes, non-ferrous",Sweden,2012,0.0,SWE
T,W062,"Metal wastes, non-ferrous",Sweden,2014,0.0,SWE
T,W062,"Metal wastes, non-ferrous",Sweden,2016,0.0,SWE
T,W062,"Metal wastes, non-ferrous",Sweden,2018,0.0,SWE
T,W062,"Metal wastes, non-ferrous",Sweden,2020,0.0,SWE
T,W062,"Metal wastes, non-ferrous",Sweden,2022,0.0,SWE
T,W062,"Metal wastes, non-ferrous",Slovenia,2010,6.0,SVN
T,W062,"Metal wastes, non-ferrous",Slovenia,2012,25.0,SVN
T,W062,"Metal wastes, non-ferrous",Slovenia,2014,0.0,SVN
T,W062,"Metal wastes, non-ferrous",Slovenia,2016,32.0,SVN
T,W062,"Metal wastes, non-ferrous",Slovenia,2018,0.0,SVN
T,W062,"Metal wastes, non-ferrous",Slovenia,2020,0.0,SVN
T,W062,"Metal wastes, non-ferrous",Slovenia,2022,0.0,SVN
T,W062,"Metal wastes, non-ferrous",Slovakia,2010,0.0,SVK
T,W062,"Metal wastes, non-ferrous",Slovakia,2012,0.0,SVK
T,W062,"Metal wastes, non-ferrous",Slovakia,2014,0.0,SVK
T,W062,"Metal wastes, non-ferrous",Slovakia,2016,0.0,SVK
T,W062,"Metal wastes, non-ferrous",Slovakia,2018,0.0,SVK
T,W062,"Metal wastes, non-ferrous",Slovakia,2020,0.0,SVK
T,W062,"Metal wastes, non-ferrous",Slovakia,2022,0.0,SVK
T,W062,"Metal wastes, non-ferrous",Türkiye,2010,33.0,
T,W062,"Metal wastes, non-ferrous",Türkiye,2012,5347.0,
T,W062,"Metal wastes, non-ferrous",Türkiye,2014,133.0,
T,W062,"Metal wastes, non-ferrous",Türkiye,2018,0.0,
T,W062,"Metal wastes, non-ferrous",Türkiye,2020,0.0,
T,W062,"Metal wastes, non-ferrous",Türkiye,2022,0.0,
T,W062,"Metal wastes, non-ferrous",United Kingdom,2010,4033.0,GBR
T,W062,"Metal wastes, non-ferrous",United Kingdom,2012,5136.0,GBR
T,W062,"Metal wastes, non-ferrous",United Kingdom,2014,5181.0,GBR
T,W062,"Metal wastes, non-ferrous",United Kingdom,2016,5258.0,GBR
T,W062,"Metal wastes, non-ferrous",United Kingdom,2018,6611.0,GBR
T,W062,"Metal wastes, non-ferrous",Kosovo*,2018,0.0,
T,W062,"Metal wastes, non-ferrous",Kosovo*,2020,0.0,
T,W062,"Metal wastes, non-ferrous",Kosovo*,2022,0.0,
T,W063,"Metal wastes, mixed ferrous and non-ferrous",Austria,2010,0.0,AUT
T,W063,"Metal wastes, mixed ferrous and non-ferrous",Austria,2012,0.0,AUT
T,W063,"Metal wastes, mixed ferrous and non-ferrous",Austria,2014,0.0,AUT
T,W063,"Metal wastes, mixed ferrous and non-ferrous",Austria,2016,0.0,AUT
T,W063,"Metal wastes, mixed ferrous and non-ferrous",Austria,2018,0.0,AUT
T,W063,"Metal wastes, mixed ferrous and non-ferrous",Austria,2020,0.0,AUT
T,W063,"Metal wastes, mixed ferrous and non-ferrous",Austria,2022,0.0,AUT
T,W063,"Metal wastes, mixed ferrous and non-ferrous",Bosnia and Herzegovina,2018,909.0,
T,W063,"Metal wastes, mixed ferrous and non-ferrous",Bosnia and Herzegovina,2020,846.0,
T,W063,"Metal wastes, mixed ferrous and non-ferrous",Bosnia and Herzegovina,2022,876.0,
T,W063,"Metal wastes, mixed ferrous and non-ferrous",Belgium,2010,104586.0,BEL
T,W063,"Metal wastes, mixed ferrous and non-ferrous",Belgium,2012,94073.0,BEL
T,W063,"Metal wastes, mixed ferrous and non-ferrous",Belgium,2014,89959.0,BEL
T,W063,"Metal wastes, mixed ferrous and non-ferrous",Belgium,2016,90683.0,BEL
T,W063,"Metal wastes, mixed ferrous and non-ferrous",Belgium,2018,89852.0,BEL
T,W063,"Metal wastes, mixed ferrous and non-ferrous",Belgium,2020,96753.0,BEL
T,W063,"Metal wastes, mixed ferrous and non-ferrous",Belgium,2022,83875.0,BEL
T,W063,"Metal wastes, mixed ferrous and non-ferrous",Bulgaria,2010,826424.0,BGR
T,W063,"Metal wastes, mixed ferrous and non-ferrous",Bulgaria,2012,538681.0,BGR
T,W063,"Metal wastes, mixed ferrous and non-ferrous",Bulgaria,2014,314298.0,BGR
T,W063,"Metal wastes, mixed ferrous and non-ferrous",Bulgaria,2016,80567.0,BGR
T,W063,"Metal wastes, mixed ferrous and non-ferrous",Bulgaria,2018,190157.0,BGR
T,W063,"Metal wastes, mixed ferrous and non-ferrous",Bulgaria,2020,100283.0,BGR
T,W063,"Metal wastes, mixed ferrous and non-ferrous",Bulgaria,2022,112708.0,BGR
T,W063,"Metal wastes, mixed ferrous and non-ferrous",Cyprus,2010,405.0,CYP
T,W063,"Metal wastes, mixed ferrous and non-ferrous",Cyprus,2012,0.0,CYP
T,W063,"Metal wastes, mixed ferrous and non-ferrous",Cyprus,2014,0.0,CYP
T,W063,"Metal wastes, mixed ferrous and non-ferrous",Cyprus,2016,0.0,CYP
T,W063,"Metal wastes, mixed ferrous and non-ferrous",Cyprus,2018,0.0,CYP
T,W063,"Metal wastes, mixed ferrous and non-ferrous",Cyprus,2020,0.0,CYP
T,W063,"Metal wastes, mixed ferrous and non-ferrous",Cyprus,2022,0.0,CYP
T,W063,"Metal wastes, mixed ferrous and non-ferrous",Czechia,2010,82672.0,CZE
T,W063,"Metal wastes, mixed ferrous and non-ferrous",Czechia,2012,55523.0,CZE
T,W063,"Metal wastes, mixed ferrous and non-ferrous",Czechia,2014,58832.0,CZE
T,W063,"Metal wastes, mixed ferrous and non-ferrous",Czechia,2016,33229.0,CZE
T,W063,"Metal wastes, mixed ferrous and non-ferrous",Czechia,2018,305081.0,CZE
T,W063,"Metal wastes, mixed ferrous and non-ferrous",Czechia,2020,316050.0,CZE
T,W063,"Metal wastes, mixed ferrous and non-ferrous",Czechia,2022,46165.0,CZE
T,W063,"Metal wastes, mixed ferrous and non-ferrous",Germany,2010,272139.0,DEU
T,W063,"Metal wastes, mixed ferrous and non-ferrous",Germany,2012,253306.0,DEU
T,W063,"Metal wastes, mixed ferrous and non-ferrous",Germany,2014,261372.0,DEU
T,W063,"Metal wastes, mixed ferrous and non-ferrous",Germany,2016,295510.0,DEU
T,W063,"Metal wastes, mixed ferrous and non-ferrous",Germany,2018,318436.0,DEU
T,W063,"Metal wastes, mixed ferrous and non-ferrous",Germany,2020,354683.0,DEU
T,W063,"Metal wastes, mixed ferrous and non-ferrous",Germany,2022,367065.0,DEU
T,W063,"Metal wastes, mixed ferrous and non-ferrous",Denmark,2010,109720.0,DNK
T,W063,"Metal wastes, mixed ferrous and non-ferrous",Denmark,2012,89134.0,DNK
T,W063,"Metal wastes, mixed ferrous and non-ferrous",Denmark,2014,102535.0,DNK
T,W063,"Metal wastes, mixed ferrous and non-ferrous",Denmark,2016,138931.0,DNK
T,W063,"Metal wastes, mixed ferrous and non-ferrous",Denmark,2018,140342.0,DNK
T,W063,"Metal wastes, mixed ferrous and non-ferrous",Denmark,2020,142953.0,DNK
T,W063,"Metal wastes, mixed ferrous and non-ferrous",Denmark,2022,105677.0,DNK
T,W063,"Metal wastes, mixed ferrous and non-ferrous",Estonia,2010,17666.0,EST
T,W063,"Metal wastes, mixed ferrous and non-ferrous",Estonia,2012,6938.0,EST
T,W063,"Metal wastes, mixed ferrous and non-ferrous",Estonia,2014,12852.0,EST
T,W063,"Metal wastes, mixed ferrous and non-ferrous",Estonia,2016,3418.0,EST
T,W063,"Metal wastes, mixed ferrous and non-ferrous",Estonia,2018,10489.0,EST
T,W063,"Metal wastes, mixed ferrous and non-ferrous",Estonia,2020,4155.0,EST
T,W063,"Metal wastes, mixed ferrous and non-ferrous",Estonia,2022,3075.0,EST
T,W063,"Metal wastes, mixed ferrous and non-ferrous",Greece,2010,0.0,GRC
T,W063,"Metal wastes, mixed ferrous and non-ferrous",Greece,2016,0.0,GRC
T,W063,"Metal wastes, mixed ferrous and non-ferrous",Greece,2018,430.0,GRC
T,W063,"Metal wastes, mixed ferrous and non-ferrous",Greece,2020,278.0,GRC
T,W063,"Metal wastes, mixed ferrous and non-ferrous",Greece,2022,422.0,GRC
T,W063,"Metal wastes, mixed ferrous and non-ferrous",Spain,2010,56415.0,ESP
T,W063,"Metal wastes, mixed ferrous and non-ferrous",Spain,2012,34640.0,ESP
T,W063,"Metal wastes, mixed ferrous and non-ferrous",Spain,2014,22598.0,ESP
T,W063,"Metal wastes, mixed ferrous and non-ferrous",Spain,2016,20376.0,ESP
T,W063,"Metal wastes, mixed ferrous and non-ferrous",Spain,2018,27875.0,ESP
T,W063,"Metal wastes, mixed ferrous and non-ferrous",Spain,2020,23051.0,ESP
T,W063,"Metal wastes, mixed ferrous and non-ferrous",Spain,2022,24192.0,ESP
T,W063,"Metal wastes, mixed ferrous and non-ferrous",European Union - 27 countries (from 2020),2016,1780000.0,EU27_2020
T,W063,"Metal wastes, mixed ferrous and non-ferrous",European Union - 27 countries (from 2020),2018,2620000.0,EU27_2020
T,W063,"Metal wastes, mixed ferrous and non-ferrous",European Union - 27 countries (from 2020),2020,2810000.0,EU27_2020
T,W063,"Metal wastes, mixed ferrous and non-ferrous",European Union - 27 countries (from 2020),2022,2650000.0,EU27_2020
T,W063,"Metal wastes, mixed ferrous and non-ferrous",European Union - 28 countries (2013-2020),2012,2800000.0,
T,W063,"Metal wastes, mixed ferrous and non-ferrous",European Union - 28 countries (2013-2020),2014,2260000.0,
T,W063,"Metal wastes, mixed ferrous and non-ferrous",European Union - 28 countries (2013-2020),2016,2370000.0,
T,W063,"Metal wastes, mixed ferrous and non-ferrous",European Union - 28 countries (2013-2020),2018,3170000.0,
T,W063,"Metal wastes, mixed ferrous and non-ferrous",Finland,2010,9778.0,FIN
T,W063,"Metal wastes, mixed ferrous and non-ferrous",Finland,2012,88040.0,FIN
T,W063,"Metal wastes, mixed ferrous and non-ferrous",Finland,2014,0.0,FIN
T,W063,"Metal wastes, mixed ferrous and non-ferrous",Finland,2016,113343.0,FIN
T,W063,"Metal wastes, mixed ferrous and non-ferrous",Finland,2018,32745.0,FIN
T,W063,"Metal wastes, mixed ferrous and non-ferrous",Finland,2020,30771.0,FIN
T,W063,"Metal wastes, mixed ferrous and non-ferrous",Finland,2022,24370.0,FIN
T,W063,"Metal wastes, mixed ferrous and non-ferrous",France,2010,360000.0,FRA
T,W063,"Metal wastes, mixed ferrous and non-ferrous",France,2012,338000.0,FRA
T,W063,"Metal wastes, mixed ferrous and non-ferrous",France,2014,107450.0,FRA
T,W063,"Metal wastes, mixed ferrous and non-ferrous",France,2016,171543.0,FRA
T,W063,"Metal wastes, mixed ferrous and non-ferrous",France,2018,201211.0,FRA
T,W063,"Metal wastes, mixed ferrous and non-ferrous",France,2020,284392.0,FRA
T,W063,"Metal wastes, mixed ferrous and non-ferrous",France,2022,348792.0,FRA
T,W063,"Metal wastes, mixed ferrous and non-ferrous",Croatia,2012,14009.0,HRV
T,W063,"Metal wastes, mixed ferrous and non-ferrous",Croatia,2014,4900.0,HRV
T,W063,"Metal wastes, mixed ferrous and non-ferrous",Croatia,2016,4944.0,HRV
T,W063,"Metal wastes, mixed ferrous and non-ferrous",Croatia,2018,28124.0,HRV
T,W063,"Metal wastes, mixed ferrous and non-ferrous",Croatia,2020,29323.0,HRV
T,W063,"Metal wastes, mixed ferrous and non-ferrous",Croatia,2022,28304.0,HRV
T,W063,"Metal wastes, mixed ferrous and non-ferrous",Hungary,2010,177536.0,HUN
T,W063,"Metal wastes, mixed ferrous and non-ferrous",Hungary,2012,205377.0,HUN
T,W063,"Metal wastes, mixed ferrous and non-ferrous",Hungary,2014,152697.0,HUN
T,W063,"Metal wastes, mixed ferrous and non-ferrous",Hungary,2016,4935.0,HUN
T,W063,"Metal wastes, mixed ferrous and non-ferrous",Hungary,2018,6730.0,HUN
T,W063,"Metal wastes, mixed ferrous and non-ferrous",Hungary,2020,153506.0,HUN
T,W063,"Metal wastes, mixed ferrous and non-ferrous",Hungary,2022,180857.0,HUN
T,W063,"Metal wastes, mixed ferrous and non-ferrous",Ireland,2010,7522.0,IRL
T,W063,"Metal wastes, mixed ferrous and non-ferrous",Ireland,2012,4706.0,IRL
T,W063,"Metal wastes, mixed ferrous and non-ferrous",Ireland,2014,7060.0,IRL
T,W063,"Metal wastes, mixed ferrous and non-ferrous",Ireland,2016,8976.0,IRL
T,W063,"Metal wastes, mixed ferrous and non-ferrous",Ireland,2018,9375.0,IRL
T,W063,"Metal wastes, mixed ferrous and non-ferrous",Ireland,2020,13000.0,IRL
T,W063,"Metal wastes, mixed ferrous and non-ferrous",Ireland,2022,11225.0,IRL
T,W063,"Metal wastes, mixed ferrous and non-ferrous",Iceland,2010,35435.0,ISL
T,W063,"Metal wastes, mixed ferrous and non-ferrous",Iceland,2012,36479.0,ISL
T,W063,"Metal wastes, mixed ferrous and non-ferrous",Iceland,2014,21007.0,ISL
T,W063,"Metal wastes, mixed ferrous and non-ferrous",Iceland,2016,32541.0,ISL
T,W063,"Metal wastes, mixed ferrous and non-ferrous",Iceland,2018,25966.0,ISL
T,W063,"Metal wastes, mixed ferrous and non-ferrous",Iceland,2020,7217.0,ISL
T,W063,"Metal wastes, mixed ferrous and non-ferrous",Iceland,2022,6922.0,ISL
T,W063,"Metal wastes, mixed ferrous and non-ferrous",Italy,2010,317822.0,ITA
T,W063,"Metal wastes, mixed ferrous and non-ferrous",Italy,2012,248907.0,ITA
T,W063,"Metal wastes, mixed ferrous and non-ferrous",Italy,2014,249574.0,ITA
T,W063,"Metal wastes, mixed ferrous and non-ferrous",Italy,2016,293127.0,ITA
T,W063,"Metal wastes, mixed ferrous and non-ferrous",Italy,2018,332070.0,ITA
T,W063,"Metal wastes, mixed ferrous and non-ferrous",Italy,2020,368081.0,ITA
T,W063,"Metal wastes, mixed ferrous and non-ferrous",Italy,2022,356020.0,ITA
T,W063,"Metal wastes, mixed ferrous and non-ferrous",Liechtenstein,2012,0.0,
T,W063,"Metal wastes, mixed ferrous and non-ferrous",Liechtenstein,2014,0.0,
T,W063,"Metal wastes, mixed ferrous and non-ferrous",Liechtenstein,2016,0.0,
T,W063,"Metal wastes, mixed ferrous and non-ferrous",Liechtenstein,2018,0.0,
T,W063,"Metal wastes, mixed ferrous and non-ferrous",Liechtenstein,2020,0.0,
T,W063,"Metal wastes, mixed ferrous and non-ferrous",Liechtenstein,2022,0.0,
T,W063,"Metal wastes, mixed ferrous and non-ferrous",Lithuania,2010,56212.0,LTU
T,W063,"Metal wastes, mixed ferrous and non-ferrous",Lithuania,2012,83406.0,LTU
T,W063,"Metal wastes, mixed ferrous and non-ferrous",Lithuania,2014,79794.0,LTU
T,W063,"Metal wastes, mixed ferrous and non-ferrous",Lithuania,2016,78363.0,LTU
T,W063,"Metal wastes, mixed ferrous and non-ferrous",Lithuania,2018,131344.0,LTU
T,W063,"Metal wastes, mixed ferrous and non-ferrous",Lithuania,2020,128809.0,LTU
T,W063,"Metal wastes, mixed ferrous and non-ferrous",Lithuania,2022,105950.0,LTU
T,W063,"Metal wastes, mixed ferrous and non-ferrous",Luxembourg,2010,202.0,LUX
T,W063,"Metal wastes, mixed ferrous and non-ferrous",Luxembourg,2012,321.0,LUX
T,W063,"Metal wastes, mixed ferrous and non-ferrous",Luxembourg,2014,173.0,LUX
T,W063,"Metal wastes, mixed ferrous and non-ferrous",Luxembourg,2016,152.0,LUX
T,W063,"Metal wastes, mixed ferrous and non-ferrous",Luxembourg,2018,454.0,LUX
T,W063,"Metal wastes, mixed ferrous and non-ferrous",Luxembourg,2020,120.0,LUX
T,W063,"Metal wastes, mixed ferrous and non-ferrous",Luxembourg,2022,2166.0,LUX
T,W063,"Metal wastes, mixed ferrous and non-ferrous",Latvia,2010,0.0,LVA
T,W063,"Metal wastes, mixed ferrous and non-ferrous",Latvia,2012,0.0,LVA
T,W063,"Metal wastes, mixed ferrous and non-ferrous",Latvia,2014,0.0,LVA
T,W063,"Metal wastes, mixed ferrous and non-ferrous",Latvia,2016,0.0,LVA
T,W063,"Metal wastes, mixed ferrous and non-ferrous",Latvia,2018,0.0,LVA
T,W063,"Metal wastes, mixed ferrous and non-ferrous",Latvia,2020,0.0,LVA
T,W063,"Metal wastes, mixed ferrous and non-ferrous",Latvia,2022,6599.0,LVA
T,W063,"Metal wastes, mixed ferrous and non-ferrous",Montenegro,2012,1280.0,
T,W063,"Metal wastes, mixed ferrous and non-ferrous",Montenegro,2014,1604.0,
T,W063,"Metal wastes, mixed ferrous and non-ferrous",Montenegro,2016,910.0,
T,W063,"Metal wastes, mixed ferrous and non-ferrous",Montenegro,2018,901.0,
T,W063,"Metal wastes, mixed ferrous and non-ferrous",Montenegro,2020,756.0,
T,W063,"Metal wastes, mixed ferrous and non-ferrous",Montenegro,2022,662.0,
T,W063,"Metal wastes, mixed ferrous and non-ferrous",North Macedonia,2012,0.0,
T,W063,"Metal wastes, mixed ferrous and non-ferrous",North Macedonia,2014,0.0,
T,W063,"Metal wastes, mixed ferrous and non-ferrous",North Macedonia,2016,0.0,
T,W063,"Metal wastes, mixed ferrous and non-ferrous",North Macedonia,2018,0.0,
T,W063,"Metal wastes, mixed ferrous and non-ferrous",North Macedonia,2020,0.0,
T,W063,"Metal wastes, mixed ferrous and non-ferrous",North Macedonia,2022,0.0,
T,W063,"Metal wastes, mixed ferrous and non-ferrous",Malta,2010,42.0,MLT
T,W063,"Metal wastes, mixed ferrous and non-ferrous",Malta,2012,1435.0,MLT
T,W063,"Metal wastes, mixed ferrous and non-ferrous",Malta,2014,1380.0,MLT
T,W063,"Metal wastes, mixed ferrous and non-ferrous",Malta,2016,1465.0,MLT
T,W063,"Metal wastes, mixed ferrous and non-ferrous",Malta,2018,1216.0,MLT
T,W063,"Metal wastes, mixed ferrous and non-ferrous",Malta,2020,1440.0,MLT
T,W063,"Metal wastes, mixed ferrous and non-ferrous",Malta,2022,1042.0,MLT
T,W063,"Metal wastes, mixed ferrous and non-ferrous",Netherlands,2010,64179.0,NLD
T,W063,"Metal wastes, mixed ferrous and non-ferrous",Netherlands,2016,58800.0,NLD
T,W063,"Metal wastes, mixed ferrous and non-ferrous",Netherlands,2018,63142.0,NLD
T,W063,"Metal wastes, mixed ferrous and non-ferrous",Netherlands,2020,72766.0,NLD
T,W063,"Metal wastes, mixed ferrous and non-ferrous",Netherlands,2022,60291.0,NLD
T,W063,"Metal wastes, mixed ferrous and non-ferrous",Norway,2010,68040.0,NOR
T,W063,"Metal wastes, mixed ferrous and non-ferrous",Norway,2012,67564.0,NOR
T,W063,"Metal wastes, mixed ferrous and non-ferrous",Norway,2014,71555.0,NOR
T,W063,"Metal wastes, mixed ferrous and non-ferrous",Norway,2016,89576.0,NOR
T,W063,"Metal wastes, mixed ferrous and non-ferrous",Norway,2018,95979.0,NOR
T,W063,"Metal wastes, mixed ferrous and non-ferrous",Norway,2020,109633.0,NOR
T,W063,"Metal wastes, mixed ferrous and non-ferrous",Norway,2022,89277.0,NOR
T,W063,"Metal wastes, mixed ferrous and non-ferrous",Poland,2010,12474.0,POL
T,W063,"Metal wastes, mixed ferrous and non-ferrous",Poland,2012,11107.0,POL
T,W063,"Metal wastes, mixed ferrous and non-ferrous",Poland,2014,18370.0,POL
T,W063,"Metal wastes, mixed ferrous and non-ferrous",Poland,2016,22152.0,POL
T,W063,"Metal wastes, mixed ferrous and non-ferrous",Poland,2018,11874.0,POL
T,W063,"Metal wastes, mixed ferrous and non-ferrous",Poland,2020,4454.0,POL
T,W063,"Metal wastes, mixed ferrous and non-ferrous",Poland,2022,94239.0,POL
T,W063,"Metal wastes, mixed ferrous and non-ferrous",Portugal,2010,5118.0,PRT
T,W063,"Metal wastes, mixed ferrous and non-ferrous",Portugal,2012,2578.0,PRT
T,W063,"Metal wastes, mixed ferrous and non-ferrous",Portugal,2014,11537.0,PRT
T,W063,"Metal wastes, mixed ferrous and non-ferrous",Portugal,2016,4700.0,PRT
T,W063,"Metal wastes, mixed ferrous and non-ferrous",Portugal,2018,78522.0,PRT
T,W063,"Metal wastes, mixed ferrous and non-ferrous",Portugal,2020,6994.0,PRT
T,W063,"Metal wastes, mixed ferrous and non-ferrous",Portugal,2022,7294.0,PRT
T,W063,"Metal wastes, mixed ferrous and non-ferrous",Romania,2010,33812.0,ROU
T,W063,"Metal wastes, mixed ferrous and non-ferrous",Romania,2012,36794.0,ROU
T,W063,"Metal wastes, mixed ferrous and non-ferrous",Romania,2014,1915.0,ROU
T,W063,"Metal wastes, mixed ferrous and non-ferrous",Romania,2016,57103.0,ROU
T,W063,"Metal wastes, mixed ferrous and non-ferrous",Romania,2018,77161.0,ROU
T,W063,"Metal wastes, mixed ferrous and non-ferrous",Romania,2020,62204.0,ROU
T,W063,"Metal wastes, mixed ferrous and non-ferrous",Romania,2022,43411.0,ROU
T,W063,"Metal wastes, mixed ferrous and non-ferrous",Serbia,2014,1188.0,
T,W063,"Metal wastes, mixed ferrous and non-ferrous",Serbia,2016,1538.0,
T,W063,"Metal wastes, mixed ferrous and non-ferrous",Serbia,2018,377.0,
T,W063,"Metal wastes, mixed ferrous and non-ferrous",Serbia,2020,34798.0,
T,W063,"Metal wastes, mixed ferrous and non-ferrous",Serbia,2022,58291.0,
T,W063,"Metal wastes, mixed ferrous and non-ferrous",Sweden,2010,172897.0,SWE
T,W063,"Metal wastes, mixed ferrous and non-ferrous",Sweden,2012,166611.0,SWE
T,W063,"Metal wastes, mixed ferrous and non-ferrous",Sweden,2014,171056.0,SWE
T,W063,"Metal wastes, mixed ferrous and non-ferrous",Sweden,2016,180507.0,SWE
T,W063,"Metal wastes, mixed ferrous and non-ferrous",Sweden,2018,181127.0,SWE
T,W063,"Metal wastes, mixed ferrous and non-ferrous",Sweden,2020,200880.0,SWE
T,W063,"Metal wastes, mixed ferrous and non-ferrous",Sweden,2022,171132.0,SWE
T,W063,"Metal wastes, mixed ferrous and non-ferrous",Slovenia,2010,7409.0,SVN
T,W063,"Metal wastes, mixed ferrous and non-ferrous",Slovenia,2012,4877.0,SVN
T,W063,"Metal wastes, mixed ferrous and non-ferrous",Slovenia,2014,4641.0,SVN
T,W063,"Metal wastes, mixed ferrous and non-ferrous",Slovenia,2016,7943.0,SVN
T,W063,"Metal wastes, mixed ferrous and non-ferrous",Slovenia,2018,32197.0,SVN
T,W063,"Metal wastes, mixed ferrous and non-ferrous",Slovenia,2020,28609.0,SVN
T,W063,"Metal wastes, mixed ferrous and non-ferrous",Slovenia,2022,43241.0,SVN
T,W063,"Metal wastes, mixed ferrous and non-ferrous",Slovakia,2010,10007.0,SVK
T,W063,"Metal wastes, mixed ferrous and non-ferrous",Slovakia,2012,12248.0,SVK
T,W063,"Metal wastes, mixed ferrous and non-ferrous",Slovakia,2014,17803.0,SVK
T,W063,"Metal wastes, mixed ferrous and non-ferrous",Slovakia,2016,110269.0,SVK
T,W063,"Metal wastes, mixed ferrous and non-ferrous",Slovakia,2018,347275.0,SVK
T,W063,"Metal wastes, mixed ferrous and non-ferrous",Slovakia,2020,382538.0,SVK
T,W063,"Metal wastes, mixed ferrous and non-ferrous",Slovakia,2022,419380.0,SVK
T,W063,"Metal wastes, mixed ferrous and non-ferrous",Türkiye,2010,4608.0,
T,W063,"Metal wastes, mixed ferrous and non-ferrous",Türkiye,2012,1261.0,
T,W063,"Metal wastes, mixed ferrous and non-ferrous",Türkiye,2014,32810.0,
T,W063,"Metal wastes, mixed ferrous and non-ferrous",Türkiye,2016,110356.0,
T,W063,"Metal wastes, mixed ferrous and non-ferrous",Türkiye,2018,103849.0,
T,W063,"Metal wastes, mixed ferrous and non-ferrous",Türkiye,2020,104514.0,
T,W063,"Metal wastes, mixed ferrous and non-ferrous",Türkiye,2022,55821.0,
T,W063,"Metal wastes, mixed ferrous and non-ferrous",United Kingdom,2010,487282.0,GBR
T,W063,"Metal wastes, mixed ferrous and non-ferrous",United Kingdom,2012,448545.0,GBR
T,W063,"Metal wastes, mixed ferrous and non-ferrous",United Kingdom,2014,514173.0,GBR
T,W063,"Metal wastes, mixed ferrous and non-ferrous",United Kingdom,2016,584248.0,GBR
T,W063,"Metal wastes, mixed ferrous and non-ferrous",United Kingdom,2018,556585.0,GBR
T,W063,"Metal wastes, mixed ferrous and non-ferrous",Kosovo*,2018,0.0,
T,W063,"Metal wastes, mixed ferrous and non-ferrous",Kosovo*,2020,0.0,
T,W063,"Metal wastes, mixed ferrous and non-ferrous",Kosovo*,2022,0.0,
T,W071,Glass wastes,Austria,2004,185277.0,AUT
T,W071,Glass wastes,Austria,2006,195400.0,AUT
T,W071,Glass wastes,Austria,2008,208461.0,AUT
T,W071,Glass wastes,Austria,2010,222851.0,AUT
T,W071,Glass wastes,Austria,2012,221230.0,AUT
T,W071,Glass wastes,Austria,2014,227143.0,AUT
T,W071,Glass wastes,Austria,2016,223975.0,AUT
T,W071,Glass wastes,Austria,2018,236091.0,AUT
T,W071,Glass wastes,Austria,2020,260145.0,AUT
T,W071,Glass wastes,Austria,2022,264135.0,AUT
T,W071,Glass wastes,Bosnia and Herzegovina,2018,4583.0,
T,W071,Glass wastes,Bosnia and Herzegovina,2020,3673.0,
T,W071,Glass wastes,Bosnia and Herzegovina,2022,3384.0,
T,W071,Glass wastes,Belgium,2004,245968.0,BEL
T,W071,Glass wastes,Belgium,2006,309564.0,BEL
T,W071,Glass wastes,Belgium,2008,305423.0,BEL
T,W071,Glass wastes,Belgium,2010,330316.0,BEL
T,W071,Glass wastes,Belgium,2012,326931.0,BEL
T,W071,Glass wastes,Belgium,2014,330006.0,BEL
T,W071,Glass wastes,Belgium,2016,335381.0,BEL
T,W071,Glass wastes,Belgium,2018,338312.0,BEL
T,W071,Glass wastes,Belgium,2020,368075.0,BEL
T,W071,Glass wastes,Belgium,2022,349967.0,BEL
T,W071,Glass wastes,Bulgaria,2006,0.0,BGR
T,W071,Glass wastes,Bulgaria,2008,0.0,BGR
T,W071,Glass wastes,Bulgaria,2010,62258.0,BGR
T,W071,Glass wastes,Bulgaria,2012,27126.0,BGR
T,W071,Glass wastes,Bulgaria,2014,12564.0,BGR
T,W071,Glass wastes,Bulgaria,2016,72619.0,BGR
T,W071,Glass wastes,Bulgaria,2018,118578.0,BGR
T,W071,Glass wastes,Bulgaria,2020,13438.0,BGR
T,W071,Glass wastes,Bulgaria,2022,20034.0,BGR
T,W071,Glass wastes,Cyprus,2004,4408.0,CYP
T,W071,Glass wastes,Cyprus,2006,4175.0,CYP
T,W071,Glass wastes,Cyprus,2008,11410.0,CYP
T,W071,Glass wastes,Cyprus,2010,15596.0,CYP
T,W071,Glass wastes,Cyprus,2012,5030.0,CYP
T,W071,Glass wastes,Cyprus,2014,4962.0,CYP
T,W071,Glass wastes,Cyprus,2016,5727.0,CYP
T,W071,Glass wastes,Cyprus,2018,7007.0,CYP
T,W071,Glass wastes,Cyprus,2020,5967.0,CYP
T,W071,Glass wastes,Cyprus,2022,9071.0,CYP
T,W071,Glass wastes,Czechia,2004,50152.0,CZE
T,W071,Glass wastes,Czechia,2006,76649.0,CZE
T,W071,Glass wastes,Czechia,2008,69695.0,CZE
T,W071,Glass wastes,Czechia,2010,78285.0,CZE
T,W071,Glass wastes,Czechia,2012,108734.0,CZE
T,W071,Glass wastes,Czechia,2014,109699.0,CZE
T,W071,Glass wastes,Czechia,2016,122770.0,CZE
T,W071,Glass wastes,Czechia,2018,140990.0,CZE
T,W071,Glass wastes,Czechia,2020,170380.0,CZE
T,W071,Glass wastes,Czechia,2022,158787.0,CZE
T,W071,Glass wastes,Germany,2004,2288408.0,DEU
T,W071,Glass wastes,Germany,2006,970120.0,DEU
T,W071,Glass wastes,Germany,2008,1378378.0,DEU
T,W071,Glass wastes,Germany,2010,1910846.0,DEU
T,W071,Glass wastes,Germany,2012,1908787.0,DEU
T,W071,Glass wastes,Germany,2014,1877855.0,DEU
T,W071,Glass wastes,Germany,2016,1879165.0,DEU
T,W071,Glass wastes,Germany,2018,1876686.0,DEU
T,W071,Glass wastes,Germany,2020,2034166.0,DEU
T,W071,Glass wastes,Germany,2022,1970936.0,DEU
T,W071,Glass wastes,Denmark,2004,50532.0,DNK
T,W071,Glass wastes,Denmark,2006,42695.0,DNK
T,W071,Glass wastes,Denmark,2008,38926.0,DNK
T,W071,Glass wastes,Denmark,2010,152905.0,DNK
T,W071,Glass wastes,Denmark,2012,115788.0,DNK
T,W071,Glass wastes,Denmark,2014,115645.0,DNK
T,W071,Glass wastes,Denmark,2016,127738.0,DNK
T,W071,Glass wastes,Denmark,2018,136756.0,DNK
T,W071,Glass wastes,Denmark,2020,148302.0,DNK
T,W071,Glass wastes,Denmark,2022,138863.0,DNK
T,W071,Glass wastes,Estonia,2004,4489.0,EST
T,W071,Glass wastes,Estonia,2006,3703.0,EST
T,W071,Glass wastes,Estonia,2008,13349.0,EST
T,W071,Glass wastes,Estonia,2010,20313.0,EST
T,W071,Glass wastes,Estonia,2012,12097.0,EST
T,W071,Glass wastes,Estonia,2014,7190.0,EST
T,W071,Glass wastes,Estonia,2016,7952.0,EST
T,W071,Glass wastes,Estonia,2018,13165.0,EST
T,W071,Glass wastes,Estonia,2020,13205.0,EST
T,W071,Glass wastes,Estonia,2022,14415.0,EST
T,W071,Glass wastes,Greece,2006,6056.0,GRC
T,W071,Glass wastes,Greece,2008,0.0,GRC
T,W071,Glass wastes,Greece,2010,0.0,GRC
T,W071,Glass wastes,Greece,2016,0.0,GRC
T,W071,Glass wastes,Greece,2018,13586.0,GRC
T,W071,Glass wastes,Greece,2020,11017.0,GRC
T,W071,Glass wastes,Greece,2022,10255.0,GRC
T,W071,Glass wastes,Spain,2004,401540.0,ESP
T,W071,Glass wastes,Spain,2006,552114.0,ESP
T,W071,Glass wastes,Spain,2008,526929.0,ESP
T,W071,Glass wastes,Spain,2010,609835.0,ESP
T,W071,Glass wastes,Spain,2012,641815.0,ESP
T,W071,Glass wastes,Spain,2014,622299.0,ESP
T,W071,Glass wastes,Spain,2016,797928.0,ESP
T,W071,Glass wastes,Spain,2018,834764.0,ESP
T,W071,Glass wastes,Spain,2020,828865.0,ESP
T,W071,Glass wastes,Spain,2022,934156.0,ESP
T,W071,Glass wastes,European Union - 27 countries (from 2020),2004,7090000.0,EU27_2020
T,W071,Glass wastes,European Union - 27 countries (from 2020),2006,6430000.0,EU27_2020
T,W071,Glass wastes,European Union - 27 countries (from 2020),2008,6920000.0,EU27_2020
T,W071,Glass wastes,European Union - 27 countries (from 2020),2016,8490000.0,EU27_2020
T,W071,Glass wastes,European Union - 27 countries (from 2020),2018,9070000.0,EU27_2020
T,W071,Glass wastes,European Union - 27 countries (from 2020),2020,9910000.0,EU27_2020
T,W071,Glass wastes,European Union - 27 countries (from 2020),2022,10240000.0,EU27_2020
T,W071,Glass wastes,European Union - 28 countries (2013-2020),2004,7880000.0,
T,W071,Glass wastes,European Union - 28 countries (2013-2020),2006,7380000.0,
T,W071,Glass wastes,European Union - 28 countries (2013-2020),2008,8010000.0,
T,W071,Glass wastes,European Union - 28 countries (2013-2020),2012,9520000.0,
T,W071,Glass wastes,European Union - 28 countries (2013-2020),2014,9460000.0,
T,W071,Glass wastes,European Union - 28 countries (2013-2020),2016,9920000.0,
T,W071,Glass wastes,European Union - 28 countries (2013-2020),2018,10500000.0,
T,W071,Glass wastes,Finland,2004,54745.0,FIN
T,W071,Glass wastes,Finland,2006,63036.0,FIN
T,W071,Glass wastes,Finland,2008,53300.0,FIN
T,W071,Glass wastes,Finland,2010,43187.0,FIN
T,W071,Glass wastes,Finland,2012,70209.0,FIN
T,W071,Glass wastes,Finland,2014,4997.0,FIN
T,W071,Glass wastes,Finland,2016,54150.0,FIN
T,W071,Glass wastes,Finland,2018,62896.0,FIN
T,W071,Glass wastes,Finland,2020,55009.0,FIN
T,W071,Glass wastes,Finland,2022,57049.0,FIN
T,W071,Glass wastes,France,2004,1466000.0,FRA
T,W071,Glass wastes,France,2006,1492400.0,FRA
T,W071,Glass wastes,France,2008,1668800.0,FRA
T,W071,Glass wastes,France,2010,1706185.0,FRA
T,W071,Glass wastes,France,2012,1745115.0,FRA
T,W071,Glass wastes,France,2014,1733653.0,FRA
T,W071,Glass wastes,France,2016,1551910.0,FRA
T,W071,Glass wastes,France,2018,1603493.0,FRA
T,W071,Glass wastes,France,2020,1819353.0,FRA
T,W071,Glass wastes,France,2022,1928585.0,FRA
T,W071,Glass wastes,Croatia,2008,0.0,HRV
T,W071,Glass wastes,Croatia,2012,15644.0,HRV
T,W071,Glass wastes,Croatia,2014,22066.0,HRV
T,W071,Glass wastes,Croatia,2016,20137.0,HRV
T,W071,Glass wastes,Croatia,2018,10242.0,HRV
T,W071,Glass wastes,Croatia,2020,11515.0,HRV
T,W071,Glass wastes,Croatia,2022,17442.0,HRV
T,W071,Glass wastes,Hungary,2004,3490.0,HUN
T,W071,Glass wastes,Hungary,2006,13455.0,HUN
T,W071,Glass wastes,Hungary,2008,17742.0,HUN
T,W071,Glass wastes,Hungary,2010,22007.0,HUN
T,W071,Glass wastes,Hungary,2012,36004.0,HUN
T,W071,Glass wastes,Hungary,2014,21782.0,HUN
T,W071,Glass wastes,Hungary,2016,24377.0,HUN
T,W071,Glass wastes,Hungary,2018,28226.0,HUN
T,W071,Glass wastes,Hungary,2020,38727.0,HUN
T,W071,Glass wastes,Hungary,2022,34423.0,HUN
T,W071,Glass wastes,Ireland,2004,111693.0,IRL
T,W071,Glass wastes,Ireland,2006,136908.0,IRL
T,W071,Glass wastes,Ireland,2010,86832.0,IRL
T,W071,Glass wastes,Ireland,2012,82333.0,IRL
T,W071,Glass wastes,Ireland,2014,84398.0,IRL
T,W071,Glass wastes,Ireland,2016,86074.0,IRL
T,W071,Glass wastes,Ireland,2018,89984.0,IRL
T,W071,Glass wastes,Ireland,2020,131967.0,IRL
T,W071,Glass wastes,Ireland,2022,112997.0,IRL
T,W071,Glass wastes,Iceland,2004,5500.0,ISL
T,W071,Glass wastes,Iceland,2010,68.0,ISL
T,W071,Glass wastes,Iceland,2012,40.0,ISL
T,W071,Glass wastes,Iceland,2014,212.0,ISL
T,W071,Glass wastes,Iceland,2016,144.0,ISL
T,W071,Glass wastes,Iceland,2018,155.0,ISL
T,W071,Glass wastes,Iceland,2020,129.0,ISL
T,W071,Glass wastes,Iceland,2022,5425.0,ISL
T,W071,Glass wastes,Italy,2004,1056400.0,ITA
T,W071,Glass wastes,Italy,2006,1240192.0,ITA
T,W071,Glass wastes,Italy,2008,1496227.0,ITA
T,W071,Glass wastes,Italy,2010,1778507.0,ITA
T,W071,Glass wastes,Italy,2012,1598135.0,ITA
T,W071,Glass wastes,Italy,2014,1691303.0,ITA
T,W071,Glass wastes,Italy,2016,1852019.0,ITA
T,W071,Glass wastes,Italy,2018,2119591.0,ITA
T,W071,Glass wastes,Italy,2020,2223798.0,ITA
T,W071,Glass wastes,Italy,2022,2329395.0,ITA
T,W071,Glass wastes,Liechtenstein,2008,0.0,
T,W071,Glass wastes,Liechtenstein,2010,0.0,
T,W071,Glass wastes,Liechtenstein,2012,925.0,
T,W071,Glass wastes,Liechtenstein,2014,944.0,
T,W071,Glass wastes,Liechtenstein,2016,1149.0,
T,W071,Glass wastes,Liechtenstein,2018,1502.0,
T,W071,Glass wastes,Liechtenstein,2020,1919.0,
T,W071,Glass wastes,Liechtenstein,2022,1594.0,
T,W071,Glass wastes,Lithuania,2004,1788.0,LTU
T,W071,Glass wastes,Lithuania,2006,28683.0,LTU
T,W071,Glass wastes,Lithuania,2008,23555.0,LTU
T,W071,Glass wastes,Lithuania,2010,22945.0,LTU
T,W071,Glass wastes,Lithuania,2012,28220.0,LTU
T,W071,Glass wastes,Lithuania,2014,28714.0,LTU
T,W071,Glass wastes,Lithuania,2016,37840.0,LTU
T,W071,Glass wastes,Lithuania,2018,33560.0,LTU
T,W071,Glass wastes,Lithuania,2020,47028.0,LTU
T,W071,Glass wastes,Lithuania,2022,42320.0,LTU
T,W071,Glass wastes,Luxembourg,2004,547.0,LUX
T,W071,Glass wastes,Luxembourg,2006,3543.0,LUX
T,W071,Glass wastes,Luxembourg,2008,15952.0,LUX
T,W071,Glass wastes,Luxembourg,2010,12553.0,LUX
T,W071,Glass wastes,Luxembourg,2012,9195.0,LUX
T,W071,Glass wastes,Luxembourg,2014,8247.0,LUX
T,W071,Glass wastes,Luxembourg,2016,898.0,LUX
T,W071,Glass wastes,Luxembourg,2018,76.0,LUX
T,W071,Glass wastes,Luxembourg,2020,368.0,LUX
T,W071,Glass wastes,Luxembourg,2022,165.0,LUX
T,W071,Glass wastes,Latvia,2006,5687.0,LVA
T,W071,Glass wastes,Latvia,2010,8848.0,LVA
T,W071,Glass wastes,Latvia,2012,23272.0,LVA
T,W071,Glass wastes,Latvia,2014,39304.0,LVA
T,W071,Glass wastes,Latvia,2016,48858.0,LVA
T,W071,Glass wastes,Latvia,2018,22159.0,LVA
T,W071,Glass wastes,Latvia,2020,11264.0,LVA
T,W071,Glass wastes,Latvia,2022,34138.0,LVA
T,W071,Glass wastes,Montenegro,2012,1930.0,
T,W071,Glass wastes,Montenegro,2014,1689.0,
T,W071,Glass wastes,Montenegro,2016,1563.0,
T,W071,Glass wastes,Montenegro,2018,1966.0,
T,W071,Glass wastes,Montenegro,2020,1131.0,
T,W071,Glass wastes,Montenegro,2022,1470.0,
T,W071,Glass wastes,North Macedonia,2012,0.0,
T,W071,Glass wastes,North Macedonia,2014,0.0,
T,W071,Glass wastes,North Macedonia,2016,0.0,
T,W071,Glass wastes,North Macedonia,2018,0.0,
T,W071,Glass wastes,North Macedonia,2020,0.0,
T,W071,Glass wastes,North Macedonia,2022,0.0,
T,W071,Glass wastes,Malta,2004,162.0,MLT
T,W071,Glass wastes,Malta,2006,685.0,MLT
T,W071,Glass wastes,Malta,2008,7201.0,MLT
T,W071,Glass wastes,Malta,2010,1777.0,MLT
T,W071,Glass wastes,Malta,2012,2033.0,MLT
T,W071,Glass wastes,Malta,2014,2446.0,MLT
T,W071,Glass wastes,Malta,2016,1627.0,MLT
T,W071,Glass wastes,Malta,2018,4472.0,MLT
T,W071,Glass wastes,Malta,2020,6290.0,MLT
T,W071,Glass wastes,Malta,2022,6739.0,MLT
T,W071,Glass wastes,Netherlands,2004,349979.0,NLD
T,W071,Glass wastes,Netherlands,2006,348521.0,NLD
T,W071,Glass wastes,Netherlands,2008,356394.0,NLD
T,W071,Glass wastes,Netherlands,2010,357748.0,NLD
T,W071,Glass wastes,Netherlands,2016,352037.0,NLD
T,W071,Glass wastes,Netherlands,2018,359468.0,NLD
T,W071,Glass wastes,Netherlands,2020,403737.0,NLD
T,W071,Glass wastes,Netherlands,2022,372989.0,NLD
T,W071,Glass wastes,Norway,2004,39211.0,NOR
T,W071,Glass wastes,Norway,2006,43965.0,NOR
T,W071,Glass wastes,Norway,2008,49000.0,NOR
T,W071,Glass wastes,Norway,2010,51097.0,NOR
T,W071,Glass wastes,Norway,2012,52623.0,NOR
T,W071,Glass wastes,Norway,2014,56837.0,NOR
T,W071,Glass wastes,Norway,2016,62618.0,NOR
T,W071,Glass wastes,Norway,2018,70276.0,NOR
T,W071,Glass wastes,Norway,2020,71812.0,NOR
T,W071,Glass wastes,Norway,2022,79104.0,NOR
T,W071,Glass wastes,Poland,2004,60460.0,POL
T,W071,Glass wastes,Poland,2006,89626.0,POL
T,W071,Glass wastes,Poland,2008,137153.0,POL
T,W071,Glass wastes,Poland,2010,175976.0,POL
T,W071,Glass wastes,Poland,2012,226233.0,POL
T,W071,Glass wastes,Poland,2014,364584.0,POL
T,W071,Glass wastes,Poland,2016,405607.0,POL
T,W071,Glass wastes,Poland,2018,505059.0,POL
T,W071,Glass wastes,Poland,2020,723268.0,POL
T,W071,Glass wastes,Poland,2022,788873.0,POL
T,W071,Glass wastes,Portugal,2004,107082.0,PRT
T,W071,Glass wastes,Portugal,2006,0.0,PRT
T,W071,Glass wastes,Portugal,2008,170744.0,PRT
T,W071,Glass wastes,Portugal,2010,185942.0,PRT
T,W071,Glass wastes,Portugal,2012,156721.0,PRT
T,W071,Glass wastes,Portugal,2014,148391.0,PRT
T,W071,Glass wastes,Portugal,2016,161028.0,PRT
T,W071,Glass wastes,Portugal,2018,173562.0,PRT
T,W071,Glass wastes,Portugal,2020,191862.0,PRT
T,W071,Glass wastes,Portugal,2022,219158.0,PRT
T,W071,Glass wastes,Romania,2004,343446.0,ROU
T,W071,Glass wastes,Romania,2006,550930.0,ROU
T,W071,Glass wastes,Romania,2008,118154.0,ROU
T,W071,Glass wastes,Romania,2010,98013.0,ROU
T,W071,Glass wastes,Romania,2012,115569.0,ROU
T,W071,Glass wastes,Romania,2014,8749.0,ROU
T,W071,Glass wastes,Romania,2016,49297.0,ROU
T,W071,Glass wastes,Romania,2018,44583.0,ROU
T,W071,Glass wastes,Romania,2020,68427.0,ROU
T,W071,Glass wastes,Romania,2022,88448.0,ROU
T,W071,Glass wastes,Serbia,2014,1172.0,
T,W071,Glass wastes,Serbia,2016,2397.0,
T,W071,Glass wastes,Serbia,2018,487.0,
T,W071,Glass wastes,Serbia,2020,14243.0,
T,W071,Glass wastes,Serbia,2022,40175.0,
T,W071,Glass wastes,Sweden,2004,297189.0,SWE
T,W071,Glass wastes,Sweden,2006,266032.0,SWE
T,W071,Glass wastes,Sweden,2008,246307.0,SWE
T,W071,Glass wastes,Sweden,2010,252135.0,SWE
T,W071,Glass wastes,Sweden,2012,247232.0,SWE
T,W071,Glass wastes,Sweden,2014,170980.0,SWE
T,W071,Glass wastes,Sweden,2016,188830.0,SWE
T,W071,Glass wastes,Sweden,2018,199948.0,SWE
T,W071,Glass wastes,Sweden,2020,215095.0,SWE
T,W071,Glass wastes,Sweden,2022,214483.0,SWE
T,W071,Glass wastes,Slovenia,2004,6947.0,SVN
T,W071,Glass wastes,Slovenia,2006,11414.0,SVN
T,W071,Glass wastes,Slovenia,2008,14211.0,SVN
T,W071,Glass wastes,Slovenia,2010,21756.0,SVN
T,W071,Glass wastes,Slovenia,2012,25454.0,SVN
T,W071,Glass wastes,Slovenia,2014,27392.0,SVN
T,W071,Glass wastes,Slovenia,2016,28625.0,SVN
T,W071,Glass wastes,Slovenia,2018,30252.0,SVN
T,W071,Glass wastes,Slovenia,2020,29860.0,SVN
T,W071,Glass wastes,Slovenia,2022,33995.0,SVN
T,W071,Glass wastes,Slovakia,2006,23124.0,SVK
T,W071,Glass wastes,Slovakia,2008,38844.0,SVK
T,W071,Glass wastes,Slovakia,2010,42643.0,SVK
T,W071,Glass wastes,Slovakia,2012,48552.0,SVK
T,W071,Glass wastes,Slovakia,2014,50227.0,SVK
T,W071,Glass wastes,Slovakia,2016,55984.0,SVK
T,W071,Glass wastes,Slovakia,2018,66251.0,SVK
T,W071,Glass wastes,Slovakia,2020,78778.0,SVK
T,W071,Glass wastes,Slovakia,2022,85527.0,SVK
T,W071,Glass wastes,Türkiye,2008,201738.0,
T,W071,Glass wastes,Türkiye,2010,7700.0,
T,W071,Glass wastes,Türkiye,2012,9302.0,
T,W071,Glass wastes,Türkiye,2014,22788.0,
T,W071,Glass wastes,Türkiye,2016,172539.0,
T,W071,Glass wastes,Türkiye,2018,186164.0,
T,W071,Glass wastes,Türkiye,2020,214412.0,
T,W071,Glass wastes,Türkiye,2022,89923.0,
T,W071,Glass wastes,United Kingdom,2004,789945.0,GBR
T,W071,Glass wastes,United Kingdom,2006,949187.0,GBR
T,W071,Glass wastes,United Kingdom,2008,1093123.0,GBR
T,W071,Glass wastes,United Kingdom,2010,1362003.0,GBR
T,W071,Glass wastes,United Kingdom,2012,1364450.0,GBR
T,W071,Glass wastes,United Kingdom,2014,1394922.0,GBR
T,W071,Glass wastes,United Kingdom,2016,1431223.0,GBR
T,W071,Glass wastes,United Kingdom,2018,1432776.0,GBR
T,W071,Glass wastes,Kosovo*,2018,0.0,
T,W071,Glass wastes,Kosovo*,2020,0.0,
T,W071,Glass wastes,Kosovo*,2022,0.0,
T,W072,Paper and cardboard wastes,Austria,2004,601100.0,AUT
T,W072,Paper and cardboard wastes,Austria,2006,654800.0,AUT
T,W072,Paper and cardboard wastes,Austria,2008,703784.0,AUT
T,W072,Paper and cardboard wastes,Austria,2010,677000.0,AUT
T,W072,Paper and cardboard wastes,Austria,2012,638564.0,AUT
T,W072,Paper and cardboard wastes,Austria,2014,677600.0,AUT
T,W072,Paper and cardboard wastes,Austria,2016,655631.0,AUT
T,W072,Paper and cardboard wastes,Austria,2018,654178.0,AUT
T,W072,Paper and cardboard wastes,Austria,2020,624853.0,AUT
T,W072,Paper and cardboard wastes,Austria,2022,601648.0,AUT
T,W072,Paper and cardboard wastes,Bosnia and Herzegovina,2018,21468.0,
T,W072,Paper and cardboard wastes,Bosnia and Herzegovina,2020,16962.0,
T,W072,Paper and cardboard wastes,Bosnia and Herzegovina,2022,12834.0,
T,W072,Paper and cardboard wastes,Belgium,2004,506505.0,BEL
T,W072,Paper and cardboard wastes,Belgium,2006,667422.0,BEL
T,W072,Paper and cardboard wastes,Belgium,2008,670512.0,BEL
T,W072,Paper and cardboard wastes,Belgium,2010,789769.0,BEL
T,W072,Paper and cardboard wastes,Belgium,2012,777126.0,BEL
T,W072,Paper and cardboard wastes,Belgium,2014,704912.0,BEL
T,W072,Paper and cardboard wastes,Belgium,2016,639384.0,BEL
T,W072,Paper and cardboard wastes,Belgium,2018,614540.0,BEL
T,W072,Paper and cardboard wastes,Belgium,2020,592994.0,BEL
T,W072,Paper and cardboard wastes,Belgium,2022,543759.0,BEL
T,W072,Paper and cardboard wastes,Bulgaria,2006,0.0,BGR
T,W072,Paper and cardboard wastes,Bulgaria,2008,0.0,BGR
T,W072,Paper and cardboard wastes,Bulgaria,2010,83327.0,BGR
T,W072,Paper and cardboard wastes,Bulgaria,2012,80632.0,BGR
T,W072,Paper and cardboard wastes,Bulgaria,2014,152912.0,BGR
T,W072,Paper and cardboard wastes,Bulgaria,2016,169975.0,BGR
T,W072,Paper and cardboard wastes,Bulgaria,2018,342991.0,BGR
T,W072,Paper and cardboard wastes,Bulgaria,2020,109656.0,BGR
T,W072,Paper and cardboard wastes,Bulgaria,2022,120903.0,BGR
T,W072,Paper and cardboard wastes,Cyprus,2004,104695.0,CYP
T,W072,Paper and cardboard wastes,Cyprus,2006,99211.0,CYP
T,W072,Paper and cardboard wastes,Cyprus,2008,113561.0,CYP
T,W072,Paper and cardboard wastes,Cyprus,2010,111079.0,CYP
T,W072,Paper and cardboard wastes,Cyprus,2012,11511.0,CYP
T,W072,Paper and cardboard wastes,Cyprus,2014,10235.0,CYP
T,W072,Paper and cardboard wastes,Cyprus,2016,10263.0,CYP
T,W072,Paper and cardboard wastes,Cyprus,2018,10076.0,CYP
T,W072,Paper and cardboard wastes,Cyprus,2020,9480.0,CYP
T,W072,Paper and cardboard wastes,Cyprus,2022,9763.0,CYP
T,W072,Paper and cardboard wastes,Czechia,2004,82983.0,CZE
T,W072,Paper and cardboard wastes,Czechia,2006,134272.0,CZE
T,W072,Paper and cardboard wastes,Czechia,2008,134501.0,CZE
T,W072,Paper and cardboard wastes,Czechia,2010,158626.0,CZE
T,W072,Paper and cardboard wastes,Czechia,2012,164289.0,CZE
T,W072,Paper and cardboard wastes,Czechia,2014,162625.0,CZE
T,W072,Paper and cardboard wastes,Czechia,2016,177342.0,CZE
T,W072,Paper and cardboard wastes,Czechia,2018,355705.0,CZE
T,W072,Paper and cardboard wastes,Czechia,2020,307995.0,CZE
T,W072,Paper and cardboard wastes,Czechia,2022,221613.0,CZE
T,W072,Paper and cardboard wastes,Germany,2004,5735935.0,DEU
T,W072,Paper and cardboard wastes,Germany,2006,5551627.0,DEU
T,W072,Paper and cardboard wastes,Germany,2008,6130580.0,DEU
T,W072,Paper and cardboard wastes,Germany,2010,5645743.0,DEU
T,W072,Paper and cardboard wastes,Germany,2012,5635120.0,DEU
T,W072,Paper and cardboard wastes,Germany,2014,5405753.0,DEU
T,W072,Paper and cardboard wastes,Germany,2016,5411523.0,DEU
T,W072,Paper and cardboard wastes,Germany,2018,5380142.0,DEU
T,W072,Paper and cardboard wastes,Germany,2020,4708052.0,DEU
T,W072,Paper and cardboard wastes,Germany,2022,4703070.0,DEU
T,W072,Paper and cardboard wastes,Denmark,2004,124557.0,DNK
T,W072,Paper and cardboard wastes,Denmark,2006,92022.0,DNK
T,W072,Paper and cardboard wastes,Denmark,2008,97153.0,DNK
T,W072,Paper and cardboard wastes,Denmark,2010,232896.0,DNK
T,W072,Paper and cardboard wastes,Denmark,2012,241432.0,DNK
T,W072,Paper and cardboard wastes,Denmark,2014,246100.0,DNK
T,W072,Paper and cardboard wastes,Denmark,2016,267638.0,DNK
T,W072,Paper and cardboard wastes,Denmark,2018,253497.0,DNK
T,W072,Paper and cardboard wastes,Denmark,2020,234058.0,DNK
T,W072,Paper and cardboard wastes,Denmark,2022,210526.0,DNK
T,W072,Paper and cardboard wastes,Estonia,2004,6000.0,EST
T,W072,Paper and cardboard wastes,Estonia,2006,7507.0,EST
T,W072,Paper and cardboard wastes,Estonia,2008,10487.0,EST
T,W072,Paper and cardboard wastes,Estonia,2010,10158.0,EST
T,W072,Paper and cardboard wastes,Estonia,2012,9738.0,EST
T,W072,Paper and cardboard wastes,Estonia,2014,16745.0,EST
T,W072,Paper and cardboard wastes,Estonia,2016,16683.0,EST
T,W072,Paper and cardboard wastes,Estonia,2018,22863.0,EST
T,W072,Paper and cardboard wastes,Estonia,2020,21974.0,EST
T,W072,Paper and cardboard wastes,Estonia,2022,15402.0,EST
T,W072,Paper and cardboard wastes,Greece,2006,14135.0,GRC
T,W072,Paper and cardboard wastes,Greece,2008,0.0,GRC
T,W072,Paper and cardboard wastes,Greece,2010,0.0,GRC
T,W072,Paper and cardboard wastes,Greece,2016,0.0,GRC
T,W072,Paper and cardboard wastes,Greece,2018,29683.0,GRC
T,W072,Paper and cardboard wastes,Greece,2020,14976.0,GRC
T,W072,Paper and cardboard wastes,Greece,2022,4351.0,GRC
T,W072,Paper and cardboard wastes,Spain,2004,698274.0,ESP
T,W072,Paper and cardboard wastes,Spain,2006,824871.0,ESP
T,W072,Paper and cardboard wastes,Spain,2008,1098374.0,ESP
T,W072,Paper and cardboard wastes,Spain,2010,1224038.0,ESP
T,W072,Paper and cardboard wastes,Spain,2012,847717.0,ESP
T,W072,Paper and cardboard wastes,Spain,2014,762851.0,ESP
T,W072,Paper and cardboard wastes,Spain,2016,1021166.0,ESP
T,W072,Paper and cardboard wastes,Spain,2018,1067385.0,ESP
T,W072,Paper and cardboard wastes,Spain,2020,1340017.0,ESP
T,W072,Paper and cardboard wastes,Spain,2022,1493450.0,ESP
T,W072,Paper and cardboard wastes,European Union - 27 countries (from 2020),2004,14220000.0,EU27_2020
T,W072,Paper and cardboard wastes,European Union - 27 countries (from 2020),2006,14900000.0,EU27_2020
T,W072,Paper and cardboard wastes,European Union - 27 countries (from 2020),2008,15880000.0,EU27_2020
T,W072,Paper and cardboard wastes,European Union - 27 countries (from 2020),2016,15360000.0,EU27_2020
T,W072,Paper and cardboard wastes,European Union - 27 countries (from 2020),2018,16240000.0,EU27_2020
T,W072,Paper and cardboard wastes,European Union - 27 countries (from 2020),2020,15690000.0,EU27_2020
T,W072,Paper and cardboard wastes,European Union - 27 countries (from 2020),2022,16000000.0,EU27_2020
T,W072,Paper and cardboard wastes,European Union - 28 countries (2013-2020),2004,16280000.0,
T,W072,Paper and cardboard wastes,European Union - 28 countries (2013-2020),2006,16770000.0,
T,W072,Paper and cardboard wastes,European Union - 28 countries (2013-2020),2008,17680000.0,
T,W072,Paper and cardboard wastes,European Union - 28 countries (2013-2020),2012,18530000.0,
T,W072,Paper and cardboard wastes,European Union - 28 countries (2013-2020),2014,17920000.0,
T,W072,Paper and cardboard wastes,European Union - 28 countries (2013-2020),2016,18120000.0,
T,W072,Paper and cardboard wastes,European Union - 28 countries (2013-2020),2018,18930000.0,
T,W072,Paper and cardboard wastes,Finland,2004,205000.0,FIN
T,W072,Paper and cardboard wastes,Finland,2006,196123.0,FIN
T,W072,Paper and cardboard wastes,Finland,2008,226900.0,FIN
T,W072,Paper and cardboard wastes,Finland,2010,247067.0,FIN
T,W072,Paper and cardboard wastes,Finland,2012,206590.0,FIN
T,W072,Paper and cardboard wastes,Finland,2014,203397.0,FIN
T,W072,Paper and cardboard wastes,Finland,2016,71636.0,FIN
T,W072,Paper and cardboard wastes,Finland,2018,291650.0,FIN
T,W072,Paper and cardboard wastes,Finland,2020,357573.0,FIN
T,W072,Paper and cardboard wastes,Finland,2022,219688.0,FIN
T,W072,Paper and cardboard wastes,France,2004,1038500.0,FRA
T,W072,Paper and cardboard wastes,France,2006,1110800.0,FRA
T,W072,Paper and cardboard wastes,France,2008,1246430.0,FRA
T,W072,Paper and cardboard wastes,France,2010,1392789.0,FRA
T,W072,Paper and cardboard wastes,France,2012,1697280.0,FRA
T,W072,Paper and cardboard wastes,France,2014,1595000.0,FRA
T,W072,Paper and cardboard wastes,France,2016,1580280.0,FRA
T,W072,Paper and cardboard wastes,France,2018,1567800.0,FRA
T,W072,Paper and cardboard wastes,France,2020,1383247.0,FRA
T,W072,Paper and cardboard wastes,France,2022,1504061.0,FRA
T,W072,Paper and cardboard wastes,Croatia,2006,0.0,HRV
T,W072,Paper and cardboard wastes,Croatia,2008,0.0,HRV
T,W072,Paper and cardboard wastes,Croatia,2012,20436.0,HRV
T,W072,Paper and cardboard wastes,Croatia,2014,28652.0,HRV
T,W072,Paper and cardboard wastes,Croatia,2016,39015.0,HRV
T,W072,Paper and cardboard wastes,Croatia,2018,60277.0,HRV
T,W072,Paper and cardboard wastes,Croatia,2020,68796.0,HRV
T,W072,Paper and cardboard wastes,Croatia,2022,82279.0,HRV
T,W072,Paper and cardboard wastes,Hungary,2004,431710.0,HUN
T,W072,Paper and cardboard wastes,Hungary,2006,50883.0,HUN
T,W072,Paper and cardboard wastes,Hungary,2008,122236.0,HUN
T,W072,Paper and cardboard wastes,Hungary,2010,120293.0,HUN
T,W072,Paper and cardboard wastes,Hungary,2012,153177.0,HUN
T,W072,Paper and cardboard wastes,Hungary,2014,140033.0,HUN
T,W072,Paper and cardboard wastes,Hungary,2016,113164.0,HUN
T,W072,Paper and cardboard wastes,Hungary,2018,105378.0,HUN
T,W072,Paper and cardboard wastes,Hungary,2020,134636.0,HUN
T,W072,Paper and cardboard wastes,Hungary,2022,155456.0,HUN
T,W072,Paper and cardboard wastes,Ireland,2004,353746.0,IRL
T,W072,Paper and cardboard wastes,Ireland,2006,450772.0,IRL
T,W072,Paper and cardboard wastes,Ireland,2010,20968.0,IRL
T,W072,Paper and cardboard wastes,Ireland,2012,16142.0,IRL
T,W072,Paper and cardboard wastes,Ireland,2014,16447.0,IRL
T,W072,Paper and cardboard wastes,Ireland,2016,17350.0,IRL
T,W072,Paper and cardboard wastes,Ireland,2018,16670.0,IRL
T,W072,Paper and cardboard wastes,Ireland,2020,18228.0,IRL
T,W072,Paper and cardboard wastes,Ireland,2022,14839.0,IRL
T,W072,Paper and cardboard wastes,Iceland,2004,7800.0,ISL
T,W072,Paper and cardboard wastes,Iceland,2010,17200.0,ISL
T,W072,Paper and cardboard wastes,Iceland,2012,19922.0,ISL
T,W072,Paper and cardboard wastes,Iceland,2014,24380.0,ISL
T,W072,Paper and cardboard wastes,Iceland,2016,30449.0,ISL
T,W072,Paper and cardboard wastes,Iceland,2018,30892.0,ISL
T,W072,Paper and cardboard wastes,Iceland,2020,20518.0,ISL
T,W072,Paper and cardboard wastes,Iceland,2022,4309.0,ISL
T,W072,Paper and cardboard wastes,Italy,2004,2153825.0,ITA
T,W072,Paper and cardboard wastes,Italy,2006,2529463.0,ITA
T,W072,Paper and cardboard wastes,Italy,2008,2934146.0,ITA
T,W072,Paper and cardboard wastes,Italy,2010,3062718.0,ITA
T,W072,Paper and cardboard wastes,Italy,2012,3037536.0,ITA
T,W072,Paper and cardboard wastes,Italy,2014,3153874.0,ITA
T,W072,Paper and cardboard wastes,Italy,2016,3218725.0,ITA
T,W072,Paper and cardboard wastes,Italy,2018,3418441.0,ITA
T,W072,Paper and cardboard wastes,Italy,2020,3508537.0,ITA
T,W072,Paper and cardboard wastes,Italy,2022,3652779.0,ITA
T,W072,Paper and cardboard wastes,Liechtenstein,2008,0.0,
T,W072,Paper and cardboard wastes,Liechtenstein,2010,0.0,
T,W072,Paper and cardboard wastes,Liechtenstein,2012,6522.0,
T,W072,Paper and cardboard wastes,Liechtenstein,2014,4791.0,
T,W072,Paper and cardboard wastes,Liechtenstein,2016,4780.0,
T,W072,Paper and cardboard wastes,Liechtenstein,2018,5415.0,
T,W072,Paper and cardboard wastes,Liechtenstein,2020,4606.0,
T,W072,Paper and cardboard wastes,Liechtenstein,2022,5010.0,
T,W072,Paper and cardboard wastes,Lithuania,2004,4456.0,LTU
T,W072,Paper and cardboard wastes,Lithuania,2006,33318.0,LTU
T,W072,Paper and cardboard wastes,Lithuania,2008,49364.0,LTU
T,W072,Paper and cardboard wastes,Lithuania,2010,49539.0,LTU
T,W072,Paper and cardboard wastes,Lithuania,2012,19584.0,LTU
T,W072,Paper and cardboard wastes,Lithuania,2014,30621.0,LTU
T,W072,Paper and cardboard wastes,Lithuania,2016,28161.0,LTU
T,W072,Paper and cardboard wastes,Lithuania,2018,27889.0,LTU
T,W072,Paper and cardboard wastes,Lithuania,2020,29257.0,LTU
T,W072,Paper and cardboard wastes,Lithuania,2022,45517.0,LTU
T,W072,Paper and cardboard wastes,Luxembourg,2004,3656.0,LUX
T,W072,Paper and cardboard wastes,Luxembourg,2006,361.0,LUX
T,W072,Paper and cardboard wastes,Luxembourg,2008,15000.0,LUX
T,W072,Paper and cardboard wastes,Luxembourg,2010,24661.0,LUX
T,W072,Paper and cardboard wastes,Luxembourg,2012,26266.0,LUX
T,W072,Paper and cardboard wastes,Luxembourg,2014,21479.0,LUX
T,W072,Paper and cardboard wastes,Luxembourg,2016,14881.0,LUX
T,W072,Paper and cardboard wastes,Luxembourg,2018,15344.0,LUX
T,W072,Paper and cardboard wastes,Luxembourg,2020,22357.0,LUX
T,W072,Paper and cardboard wastes,Luxembourg,2022,18720.0,LUX
T,W072,Paper and cardboard wastes,Latvia,2006,17726.0,LVA
T,W072,Paper and cardboard wastes,Latvia,2010,39986.0,LVA
T,W072,Paper and cardboard wastes,Latvia,2012,96987.0,LVA
T,W072,Paper and cardboard wastes,Latvia,2014,86483.0,LVA
T,W072,Paper and cardboard wastes,Latvia,2016,101675.0,LVA
T,W072,Paper and cardboard wastes,Latvia,2018,63223.0,LVA
T,W072,Paper and cardboard wastes,Latvia,2020,57950.0,LVA
T,W072,Paper and cardboard wastes,Latvia,2022,64685.0,LVA
T,W072,Paper and cardboard wastes,Montenegro,2012,4924.0,
T,W072,Paper and cardboard wastes,Montenegro,2014,3471.0,
T,W072,Paper and cardboard wastes,Montenegro,2016,5049.0,
T,W072,Paper and cardboard wastes,Montenegro,2018,4216.0,
T,W072,Paper and cardboard wastes,Montenegro,2020,4509.0,
T,W072,Paper and cardboard wastes,Montenegro,2022,4652.0,
T,W072,Paper and cardboard wastes,North Macedonia,2012,0.0,
T,W072,Paper and cardboard wastes,North Macedonia,2014,0.0,
T,W072,Paper and cardboard wastes,North Macedonia,2016,0.0,
T,W072,Paper and cardboard wastes,North Macedonia,2018,0.0,
T,W072,Paper and cardboard wastes,North Macedonia,2020,0.0,
T,W072,Paper and cardboard wastes,North Macedonia,2022,0.0,
T,W072,Paper and cardboard wastes,Malta,2004,975.0,MLT
T,W072,Paper and cardboard wastes,Malta,2006,1454.0,MLT
T,W072,Paper and cardboard wastes,Malta,2008,977.0,MLT
T,W072,Paper and cardboard wastes,Malta,2010,2151.0,MLT
T,W072,Paper and cardboard wastes,Malta,2012,1368.0,MLT
T,W072,Paper and cardboard wastes,Malta,2014,1679.0,MLT
T,W072,Paper and cardboard wastes,Malta,2016,1506.0,MLT
T,W072,Paper and cardboard wastes,Malta,2018,1688.0,MLT
T,W072,Paper and cardboard wastes,Malta,2020,2125.0,MLT
T,W072,Paper and cardboard wastes,Malta,2022,2314.0,MLT
T,W072,Paper and cardboard wastes,Netherlands,2004,1117131.0,NLD
T,W072,Paper and cardboard wastes,Netherlands,2006,1177105.0,NLD
T,W072,Paper and cardboard wastes,Netherlands,2008,1242308.0,NLD
T,W072,Paper and cardboard wastes,Netherlands,2010,1127573.0,NLD
T,W072,Paper and cardboard wastes,Netherlands,2016,867062.0,NLD
T,W072,Paper and cardboard wastes,Netherlands,2018,826612.0,NLD
T,W072,Paper and cardboard wastes,Netherlands,2020,834542.0,NLD
T,W072,Paper and cardboard wastes,Netherlands,2022,756792.0,NLD
T,W072,Paper and cardboard wastes,Norway,2004,258721.0,NOR
T,W072,Paper and cardboard wastes,Norway,2006,328375.0,NOR
T,W072,Paper and cardboard wastes,Norway,2008,350000.0,NOR
T,W072,Paper and cardboard wastes,Norway,2010,310000.0,NOR
T,W072,Paper and cardboard wastes,Norway,2012,301680.0,NOR
T,W072,Paper and cardboard wastes,Norway,2014,276761.0,NOR
T,W072,Paper and cardboard wastes,Norway,2016,259991.0,NOR
T,W072,Paper and cardboard wastes,Norway,2018,238882.0,NOR
T,W072,Paper and cardboard wastes,Norway,2020,231706.0,NOR
T,W072,Paper and cardboard wastes,Norway,2022,204087.0,NOR
T,W072,Paper and cardboard wastes,Poland,2004,27657.0,POL
T,W072,Paper and cardboard wastes,Poland,2006,44306.0,POL
T,W072,Paper and cardboard wastes,Poland,2008,69634.0,POL
T,W072,Paper and cardboard wastes,Poland,2010,94765.0,POL
T,W072,Paper and cardboard wastes,Poland,2012,106392.0,POL
T,W072,Paper and cardboard wastes,Poland,2014,169610.0,POL
T,W072,Paper and cardboard wastes,Poland,2016,202064.0,POL
T,W072,Paper and cardboard wastes,Poland,2018,269404.0,POL
T,W072,Paper and cardboard wastes,Poland,2020,487972.0,POL
T,W072,Paper and cardboard wastes,Poland,2022,711581.0,POL
T,W072,Paper and cardboard wastes,Portugal,2004,94395.0,PRT
T,W072,Paper and cardboard wastes,Portugal,2006,0.0,PRT
T,W072,Paper and cardboard wastes,Portugal,2008,193581.0,PRT
T,W072,Paper and cardboard wastes,Portugal,2010,186818.0,PRT
T,W072,Paper and cardboard wastes,Portugal,2012,146616.0,PRT
T,W072,Paper and cardboard wastes,Portugal,2014,138508.0,PRT
T,W072,Paper and cardboard wastes,Portugal,2016,152466.0,PRT
T,W072,Paper and cardboard wastes,Portugal,2018,189391.0,PRT
T,W072,Paper and cardboard wastes,Portugal,2020,214230.0,PRT
T,W072,Paper and cardboard wastes,Portugal,2022,230727.0,PRT
T,W072,Paper and cardboard wastes,Romania,2004,391106.0,ROU
T,W072,Paper and cardboard wastes,Romania,2006,643624.0,ROU
T,W072,Paper and cardboard wastes,Romania,2008,219613.0,ROU
T,W072,Paper and cardboard wastes,Romania,2010,169423.0,ROU
T,W072,Paper and cardboard wastes,Romania,2012,210227.0,ROU
T,W072,Paper and cardboard wastes,Romania,2014,28607.0,ROU
T,W072,Paper and cardboard wastes,Romania,2016,109415.0,ROU
T,W072,Paper and cardboard wastes,Romania,2018,125652.0,ROU
T,W072,Paper and cardboard wastes,Romania,2020,101378.0,ROU
T,W072,Paper and cardboard wastes,Romania,2022,118247.0,ROU
T,W072,Paper and cardboard wastes,Serbia,2014,7621.0,
T,W072,Paper and cardboard wastes,Serbia,2016,15713.0,
T,W072,Paper and cardboard wastes,Serbia,2018,2057.0,
T,W072,Paper and cardboard wastes,Serbia,2020,22284.0,
T,W072,Paper and cardboard wastes,Serbia,2022,0.0,
T,W072,Paper and cardboard wastes,Sweden,2004,512012.0,SWE
T,W072,Paper and cardboard wastes,Sweden,2006,537440.0,SWE
T,W072,Paper and cardboard wastes,Sweden,2008,519120.0,SWE
T,W072,Paper and cardboard wastes,Sweden,2010,454986.0,SWE
T,W072,Paper and cardboard wastes,Sweden,2012,379365.0,SWE
T,W072,Paper and cardboard wastes,Sweden,2014,368233.0,SWE
T,W072,Paper and cardboard wastes,Sweden,2016,361078.0,SWE
T,W072,Paper and cardboard wastes,Sweden,2018,372041.0,SWE
T,W072,Paper and cardboard wastes,Sweden,2020,355892.0,SWE
T,W072,Paper and cardboard wastes,Sweden,2022,329262.0,SWE
T,W072,Paper and cardboard wastes,Slovenia,2004,17254.0,SVN
T,W072,Paper and cardboard wastes,Slovenia,2006,26104.0,SVN
T,W072,Paper and cardboard wastes,Slovenia,2008,33740.0,SVN
T,W072,Paper and cardboard wastes,Slovenia,2010,38865.0,SVN
T,W072,Paper and cardboard wastes,Slovenia,2012,40747.0,SVN
T,W072,Paper and cardboard wastes,Slovenia,2014,43970.0,SVN
T,W072,Paper and cardboard wastes,Slovenia,2016,42457.0,SVN
T,W072,Paper and cardboard wastes,Slovenia,2018,51822.0,SVN
T,W072,Paper and cardboard wastes,Slovenia,2020,47761.0,SVN
T,W072,Paper and cardboard wastes,Slovenia,2022,56532.0,SVN
T,W072,Paper and cardboard wastes,Slovakia,2006,30433.0,SVK
T,W072,Paper and cardboard wastes,Slovakia,2008,44814.0,SVK
T,W072,Paper and cardboard wastes,Slovakia,2010,48163.0,SVK
T,W072,Paper and cardboard wastes,Slovakia,2012,58925.0,SVK
T,W072,Paper and cardboard wastes,Slovakia,2014,61686.0,SVK
T,W072,Paper and cardboard wastes,Slovakia,2016,72557.0,SVK
T,W072,Paper and cardboard wastes,Slovakia,2018,105332.0,SVK
T,W072,Paper and cardboard wastes,Slovakia,2020,101129.0,SVK
T,W072,Paper and cardboard wastes,Slovakia,2022,108379.0,SVK
T,W072,Paper and cardboard wastes,Türkiye,2008,804533.0,
T,W072,Paper and cardboard wastes,Türkiye,2010,32036.0,
T,W072,Paper and cardboard wastes,Türkiye,2012,22743.0,
T,W072,Paper and cardboard wastes,Türkiye,2014,68952.0,
T,W072,Paper and cardboard wastes,Türkiye,2016,781593.0,
T,W072,Paper and cardboard wastes,Türkiye,2018,872020.0,
T,W072,Paper and cardboard wastes,Türkiye,2020,827987.0,
T,W072,Paper and cardboard wastes,Türkiye,2022,459217.0,
T,W072,Paper and cardboard wastes,United Kingdom,2004,2064783.0,GBR
T,W072,Paper and cardboard wastes,United Kingdom,2006,1872239.0,GBR
T,W072,Paper and cardboard wastes,United Kingdom,2008,1803922.0,GBR
T,W072,Paper and cardboard wastes,United Kingdom,2010,2902991.0,GBR
T,W072,Paper and cardboard wastes,United Kingdom,2012,2904603.0,GBR
T,W072,Paper and cardboard wastes,United Kingdom,2014,2809695.0,GBR
T,W072,Paper and cardboard wastes,United Kingdom,2016,2759945.0,GBR
T,W072,Paper and cardboard wastes,United Kingdom,2018,2693692.0,GBR
T,W072,Paper and cardboard wastes,Kosovo*,2018,0.0,
T,W072,Paper and cardboard wastes,Kosovo*,2020,0.0,
T,W072,Paper and cardboard wastes,Kosovo*,2022,0.0,
T,W074,Plastic wastes,Austria,2004,127000.0,AUT
T,W074,Plastic wastes,Austria,2006,129200.0,AUT
T,W074,Plastic wastes,Austria,2008,142013.0,AUT
T,W074,Plastic wastes,Austria,2010,151456.0,AUT
T,W074,Plastic wastes,Austria,2012,152657.0,AUT
T,W074,Plastic wastes,Austria,2014,164240.0,AUT
T,W074,Plastic wastes,Austria,2016,168877.0,AUT
T,W074,Plastic wastes,Austria,2018,176528.0,AUT
T,W074,Plastic wastes,Austria,2020,185931.0,AUT
T,W074,Plastic wastes,Austria,2022,185393.0,AUT
T,W074,Plastic wastes,Bosnia and Herzegovina,2018,7182.0,
T,W074,Plastic wastes,Bosnia and Herzegovina,2020,5445.0,
T,W074,Plastic wastes,Bosnia and Herzegovina,2022,3832.0,
T,W074,Plastic wastes,Belgium,2004,50564.0,BEL
T,W074,Plastic wastes,Belgium,2006,110367.0,BEL
T,W074,Plastic wastes,Belgium,2008,102297.0,BEL
T,W074,Plastic wastes,Belgium,2010,119392.0,BEL
T,W074,Plastic wastes,Belgium,2012,112624.0,BEL
T,W074,Plastic wastes,Belgium,2014,117952.0,BEL
T,W074,Plastic wastes,Belgium,2016,107451.0,BEL
T,W074,Plastic wastes,Belgium,2018,93871.0,BEL
T,W074,Plastic wastes,Belgium,2020,154179.0,BEL
T,W074,Plastic wastes,Belgium,2022,182704.0,BEL
T,W074,Plastic wastes,Bulgaria,2006,0.0,BGR
T,W074,Plastic wastes,Bulgaria,2008,0.0,BGR
T,W074,Plastic wastes,Bulgaria,2010,21229.0,BGR
T,W074,Plastic wastes,Bulgaria,2012,39286.0,BGR
T,W074,Plastic wastes,Bulgaria,2014,54075.0,BGR
T,W074,Plastic wastes,Bulgaria,2016,37179.0,BGR
T,W074,Plastic wastes,Bulgaria,2018,175231.0,BGR
T,W074,Plastic wastes,Bulgaria,2020,32595.0,BGR
T,W074,Plastic wastes,Bulgaria,2022,29969.0,BGR
T,W074,Plastic wastes,Cyprus,2004,44450.0,CYP
T,W074,Plastic wastes,Cyprus,2006,42124.0,CYP
T,W074,Plastic wastes,Cyprus,2008,58306.0,CYP
T,W074,Plastic wastes,Cyprus,2010,76203.0,CYP
T,W074,Plastic wastes,Cyprus,2012,0.0,CYP
T,W074,Plastic wastes,Cyprus,2014,0.0,CYP
T,W074,Plastic wastes,Cyprus,2016,0.0,CYP
T,W074,Plastic wastes,Cyprus,2018,0.0,CYP
T,W074,Plastic wastes,Cyprus,2020,171.0,CYP
T,W074,Plastic wastes,Cyprus,2022,0.0,CYP
T,W074,Plastic wastes,Czechia,2004,37380.0,CZE
T,W074,Plastic wastes,Czechia,2006,53698.0,CZE
T,W074,Plastic wastes,Czechia,2008,53647.0,CZE
T,W074,Plastic wastes,Czechia,2010,63500.0,CZE
T,W074,Plastic wastes,Czechia,2012,95789.0,CZE
T,W074,Plastic wastes,Czechia,2014,103184.0,CZE
T,W074,Plastic wastes,Czechia,2016,121243.0,CZE
T,W074,Plastic wastes,Czechia,2018,154812.0,CZE
T,W074,Plastic wastes,Czechia,2020,179886.0,CZE
T,W074,Plastic wastes,Czechia,2022,182930.0,CZE
T,W074,Plastic wastes,Germany,2004,173577.0,DEU
T,W074,Plastic wastes,Germany,2006,298376.0,DEU
T,W074,Plastic wastes,Germany,2008,129754.0,DEU
T,W074,Plastic wastes,Germany,2010,45895.0,DEU
T,W074,Plastic wastes,Germany,2012,126095.0,DEU
T,W074,Plastic wastes,Germany,2014,101694.0,DEU
T,W074,Plastic wastes,Germany,2016,123789.0,DEU
T,W074,Plastic wastes,Germany,2018,111219.0,DEU
T,W074,Plastic wastes,Germany,2020,106495.0,DEU
T,W074,Plastic wastes,Germany,2022,130167.0,DEU
T,W074,Plastic wastes,Denmark,2004,2809.0,DNK
T,W074,Plastic wastes,Denmark,2006,2152.0,DNK
T,W074,Plastic wastes,Denmark,2008,2523.0,DNK
T,W074,Plastic wastes,Denmark,2010,25074.0,DNK
T,W074,Plastic wastes,Denmark,2012,25388.0,DNK
T,W074,Plastic wastes,Denmark,2014,30058.0,DNK
T,W074,Plastic wastes,Denmark,2016,38917.0,DNK
T,W074,Plastic wastes,Denmark,2018,49528.0,DNK
T,W074,Plastic wastes,Denmark,2020,81410.0,DNK
T,W074,Plastic wastes,Denmark,2022,87190.0,DNK
T,W074,Plastic wastes,Estonia,2004,1455.0,EST
T,W074,Plastic wastes,Estonia,2006,444.0,EST
T,W074,Plastic wastes,Estonia,2008,2125.0,EST
T,W074,Plastic wastes,Estonia,2010,2543.0,EST
T,W074,Plastic wastes,Estonia,2012,1674.0,EST
T,W074,Plastic wastes,Estonia,2014,3450.0,EST
T,W074,Plastic wastes,Estonia,2016,2706.0,EST
T,W074,Plastic wastes,Estonia,2018,5170.0,EST
T,W074,Plastic wastes,Estonia,2020,4718.0,EST
T,W074,Plastic wastes,Estonia,2022,6079.0,EST
T,W074,Plastic wastes,Greece,2006,11836.0,GRC
T,W074,Plastic wastes,Greece,2008,0.0,GRC
T,W074,Plastic wastes,Greece,2010,0.0,GRC
T,W074,Plastic wastes,Greece,2016,0.0,GRC
T,W074,Plastic wastes,Greece,2018,10553.0,GRC
T,W074,Plastic wastes,Greece,2020,16115.0,GRC
T,W074,Plastic wastes,Greece,2022,1751.0,GRC
T,W074,Plastic wastes,Spain,2004,132703.0,ESP
T,W074,Plastic wastes,Spain,2006,109383.0,ESP
T,W074,Plastic wastes,Spain,2008,183948.0,ESP
T,W074,Plastic wastes,Spain,2010,185499.0,ESP
T,W074,Plastic wastes,Spain,2012,107524.0,ESP
T,W074,Plastic wastes,Spain,2014,39891.0,ESP
T,W074,Plastic wastes,Spain,2016,25119.0,ESP
T,W074,Plastic wastes,Spain,2018,24050.0,ESP
T,W074,Plastic wastes,Spain,2020,8713.0,ESP
T,W074,Plastic wastes,Spain,2022,24293.0,ESP
T,W074,Plastic wastes,European Union - 27 countries (from 2020),2004,1510000.0,EU27_2020
T,W074,Plastic wastes,European Union - 27 countries (from 2020),2006,2090000.0,EU27_2020
T,W074,Plastic wastes,European Union - 27 countries (from 2020),2008,1860000.0,EU27_2020
T,W074,Plastic wastes,European Union - 27 countries (from 2020),2016,2900000.0,EU27_2020
T,W074,Plastic wastes,European Union - 27 countries (from 2020),2018,3280000.0,EU27_2020
T,W074,Plastic wastes,European Union - 27 countries (from 2020),2020,3800000.0,EU27_2020
T,W074,Plastic wastes,European Union - 27 countries (from 2020),2022,4020000.0,EU27_2020
T,W074,Plastic wastes,European Union - 28 countries (2013-2020),2004,1630000.0,
T,W074,Plastic wastes,European Union - 28 countries (2013-2020),2006,2170000.0,
T,W074,Plastic wastes,European Union - 28 countries (2013-2020),2008,1960000.0,
T,W074,Plastic wastes,European Union - 28 countries (2013-2020),2012,2880000.0,
T,W074,Plastic wastes,European Union - 28 countries (2013-2020),2014,3100000.0,
T,W074,Plastic wastes,European Union - 28 countries (2013-2020),2016,3410000.0,
T,W074,Plastic wastes,European Union - 28 countries (2013-2020),2018,3810000.0,
T,W074,Plastic wastes,Finland,2004,11529.0,FIN
T,W074,Plastic wastes,Finland,2006,12914.0,FIN
T,W074,Plastic wastes,Finland,2008,22800.0,FIN
T,W074,Plastic wastes,Finland,2010,9463.0,FIN
T,W074,Plastic wastes,Finland,2012,1978.0,FIN
T,W074,Plastic wastes,Finland,2014,28559.0,FIN
T,W074,Plastic wastes,Finland,2016,27614.0,FIN
T,W074,Plastic wastes,Finland,2018,37500.0,FIN
T,W074,Plastic wastes,Finland,2020,69644.0,FIN
T,W074,Plastic wastes,Finland,2022,44886.0,FIN
T,W074,Plastic wastes,France,2004,157000.0,FRA
T,W074,Plastic wastes,France,2006,176500.0,FRA
T,W074,Plastic wastes,France,2008,180940.0,FRA
T,W074,Plastic wastes,France,2010,190900.0,FRA
T,W074,Plastic wastes,France,2012,288600.0,FRA
T,W074,Plastic wastes,France,2014,251000.0,FRA
T,W074,Plastic wastes,France,2016,282000.0,FRA
T,W074,Plastic wastes,France,2018,313000.0,FRA
T,W074,Plastic wastes,France,2020,329000.0,FRA
T,W074,Plastic wastes,France,2022,380000.0,FRA
T,W074,Plastic wastes,Croatia,2006,0.0,HRV
T,W074,Plastic wastes,Croatia,2008,0.0,HRV
T,W074,Plastic wastes,Croatia,2012,10817.0,HRV
T,W074,Plastic wastes,Croatia,2014,15169.0,HRV
T,W074,Plastic wastes,Croatia,2016,18094.0,HRV
T,W074,Plastic wastes,Croatia,2018,18250.0,HRV
T,W074,Plastic wastes,Croatia,2020,32934.0,HRV
T,W074,Plastic wastes,Croatia,2022,45875.0,HRV
T,W074,Plastic wastes,Hungary,2004,30680.0,HUN
T,W074,Plastic wastes,Hungary,2006,16632.0,HUN
T,W074,Plastic wastes,Hungary,2008,20193.0,HUN
T,W074,Plastic wastes,Hungary,2010,23481.0,HUN
T,W074,Plastic wastes,Hungary,2012,42722.0,HUN
T,W074,Plastic wastes,Hungary,2014,27610.0,HUN
T,W074,Plastic wastes,Hungary,2016,21369.0,HUN
T,W074,Plastic wastes,Hungary,2018,15049.0,HUN
T,W074,Plastic wastes,Hungary,2020,13416.0,HUN
T,W074,Plastic wastes,Hungary,2022,14958.0,HUN
T,W074,Plastic wastes,Ireland,2004,187131.0,IRL
T,W074,Plastic wastes,Ireland,2006,222499.0,IRL
T,W074,Plastic wastes,Ireland,2010,6044.0,IRL
T,W074,Plastic wastes,Ireland,2012,4970.0,IRL
T,W074,Plastic wastes,Ireland,2014,4977.0,IRL
T,W074,Plastic wastes,Ireland,2016,5772.0,IRL
T,W074,Plastic wastes,Ireland,2018,5082.0,IRL
T,W074,Plastic wastes,Ireland,2020,5463.0,IRL
T,W074,Plastic wastes,Ireland,2022,4241.0,IRL
T,W074,Plastic wastes,Iceland,2004,1500.0,ISL
T,W074,Plastic wastes,Iceland,2010,1779.0,ISL
T,W074,Plastic wastes,Iceland,2012,2623.0,ISL
T,W074,Plastic wastes,Iceland,2014,2275.0,ISL
T,W074,Plastic wastes,Iceland,2016,3270.0,ISL
T,W074,Plastic wastes,Iceland,2018,4496.0,ISL
T,W074,Plastic wastes,Iceland,2020,3269.0,ISL
T,W074,Plastic wastes,Iceland,2022,2362.0,ISL
T,W074,Plastic wastes,Italy,2004,353162.0,ITA
T,W074,Plastic wastes,Italy,2006,457250.0,ITA
T,W074,Plastic wastes,Italy,2008,577378.0,ITA
T,W074,Plastic wastes,Italy,2010,648642.0,ITA
T,W074,Plastic wastes,Italy,2012,889801.0,ITA
T,W074,Plastic wastes,Italy,2014,1012545.0,ITA
T,W074,Plastic wastes,Italy,2016,1233972.0,ITA
T,W074,Plastic wastes,Italy,2018,1362248.0,ITA
T,W074,Plastic wastes,Italy,2020,1574883.0,ITA
T,W074,Plastic wastes,Italy,2022,1703154.0,ITA
T,W074,Plastic wastes,Liechtenstein,2008,0.0,
T,W074,Plastic wastes,Liechtenstein,2010,0.0,
T,W074,Plastic wastes,Liechtenstein,2012,54.0,
T,W074,Plastic wastes,Liechtenstein,2014,50.0,
T,W074,Plastic wastes,Liechtenstein,2016,176.0,
T,W074,Plastic wastes,Liechtenstein,2018,182.0,
T,W074,Plastic wastes,Liechtenstein,2020,288.0,
T,W074,Plastic wastes,Liechtenstein,2022,283.0,
T,W074,Plastic wastes,Lithuania,2004,2145.0,LTU
T,W074,Plastic wastes,Lithuania,2006,5698.0,LTU
T,W074,Plastic wastes,Lithuania,2008,8443.0,LTU
T,W074,Plastic wastes,Lithuania,2010,13815.0,LTU
T,W074,Plastic wastes,Lithuania,2012,9416.0,LTU
T,W074,Plastic wastes,Lithuania,2014,12726.0,LTU
T,W074,Plastic wastes,Lithuania,2016,17057.0,LTU
T,W074,Plastic wastes,Lithuania,2018,19078.0,LTU
T,W074,Plastic wastes,Lithuania,2020,24591.0,LTU
T,W074,Plastic wastes,Lithuania,2022,54979.0,LTU
T,W074,Plastic wastes,Luxembourg,2004,135.0,LUX
T,W074,Plastic wastes,Luxembourg,2006,23.0,LUX
T,W074,Plastic wastes,Luxembourg,2008,444.0,LUX
T,W074,Plastic wastes,Luxembourg,2010,346.0,LUX
T,W074,Plastic wastes,Luxembourg,2012,231.0,LUX
T,W074,Plastic wastes,Luxembourg,2014,248.0,LUX
T,W074,Plastic wastes,Luxembourg,2016,243.0,LUX
T,W074,Plastic wastes,Luxembourg,2018,279.0,LUX
T,W074,Plastic wastes,Luxembourg,2020,409.0,LUX
T,W074,Plastic wastes,Luxembourg,2022,386.0,LUX
T,W074,Plastic wastes,Latvia,2006,8374.0,LVA
T,W074,Plastic wastes,Latvia,2010,3760.0,LVA
T,W074,Plastic wastes,Latvia,2012,16256.0,LVA
T,W074,Plastic wastes,Latvia,2014,8555.0,LVA
T,W074,Plastic wastes,Latvia,2016,46293.0,LVA
T,W074,Plastic wastes,Latvia,2018,13305.0,LVA
T,W074,Plastic wastes,Latvia,2020,14513.0,LVA
T,W074,Plastic wastes,Latvia,2022,23233.0,LVA
T,W074,Plastic wastes,Montenegro,2012,3176.0,
T,W074,Plastic wastes,Montenegro,2014,1772.0,
T,W074,Plastic wastes,Montenegro,2016,1942.0,
T,W074,Plastic wastes,Montenegro,2018,1769.0,
T,W074,Plastic wastes,Montenegro,2020,1743.0,
T,W074,Plastic wastes,Montenegro,2022,2341.0,
T,W074,Plastic wastes,North Macedonia,2012,0.0,
T,W074,Plastic wastes,North Macedonia,2014,0.0,
T,W074,Plastic wastes,North Macedonia,2016,0.0,
T,W074,Plastic wastes,North Macedonia,2018,0.0,
T,W074,Plastic wastes,North Macedonia,2020,0.0,
T,W074,Plastic wastes,North Macedonia,2022,0.0,
T,W074,Plastic wastes,Malta,2004,92.0,MLT
T,W074,Plastic wastes,Malta,2006,216.0,MLT
T,W074,Plastic wastes,Malta,2008,584.0,MLT
T,W074,Plastic wastes,Malta,2010,1143.0,MLT
T,W074,Plastic wastes,Malta,2012,594.0,MLT
T,W074,Plastic wastes,Malta,2014,744.0,MLT
T,W074,Plastic wastes,Malta,2016,644.0,MLT
T,W074,Plastic wastes,Malta,2018,640.0,MLT
T,W074,Plastic wastes,Malta,2020,791.0,MLT
T,W074,Plastic wastes,Malta,2022,538.0,MLT
T,W074,Plastic wastes,Netherlands,2004,4751.0,NLD
T,W074,Plastic wastes,Netherlands,2006,6092.0,NLD
T,W074,Plastic wastes,Netherlands,2008,12736.0,NLD
T,W074,Plastic wastes,Netherlands,2010,89551.0,NLD
T,W074,Plastic wastes,Netherlands,2016,50434.0,NLD
T,W074,Plastic wastes,Netherlands,2018,37533.0,NLD
T,W074,Plastic wastes,Netherlands,2020,39877.0,NLD
T,W074,Plastic wastes,Netherlands,2022,35203.0,NLD
T,W074,Plastic wastes,Norway,2004,6730.0,NOR
T,W074,Plastic wastes,Norway,2006,12506.0,NOR
T,W074,Plastic wastes,Norway,2008,18000.0,NOR
T,W074,Plastic wastes,Norway,2010,24843.0,NOR
T,W074,Plastic wastes,Norway,2012,33172.0,NOR
T,W074,Plastic wastes,Norway,2014,36324.0,NOR
T,W074,Plastic wastes,Norway,2016,39812.0,NOR
T,W074,Plastic wastes,Norway,2018,45999.0,NOR
T,W074,Plastic wastes,Norway,2020,57366.0,NOR
T,W074,Plastic wastes,Norway,2022,52118.0,NOR
T,W074,Plastic wastes,Poland,2004,22855.0,POL
T,W074,Plastic wastes,Poland,2006,40330.0,POL
T,W074,Plastic wastes,Poland,2008,60807.0,POL
T,W074,Plastic wastes,Poland,2010,93765.0,POL
T,W074,Plastic wastes,Poland,2012,134149.0,POL
T,W074,Plastic wastes,Poland,2014,273846.0,POL
T,W074,Plastic wastes,Poland,2016,271680.0,POL
T,W074,Plastic wastes,Poland,2018,330518.0,POL
T,W074,Plastic wastes,Poland,2020,474078.0,POL
T,W074,Plastic wastes,Poland,2022,542130.0,POL
T,W074,Plastic wastes,Portugal,2006,0.0,PRT
T,W074,Plastic wastes,Portugal,2008,44.0,PRT
T,W074,Plastic wastes,Portugal,2010,3185.0,PRT
T,W074,Plastic wastes,Portugal,2012,2286.0,PRT
T,W074,Plastic wastes,Portugal,2014,47814.0,PRT
T,W074,Plastic wastes,Portugal,2016,98134.0,PRT
T,W074,Plastic wastes,Portugal,2018,91410.0,PRT
T,W074,Plastic wastes,Portugal,2020,140028.0,PRT
T,W074,Plastic wastes,Portugal,2022,13297.0,PRT
T,W074,Plastic wastes,Romania,2004,118969.0,ROU
T,W074,Plastic wastes,Romania,2006,320665.0,ROU
T,W074,Plastic wastes,Romania,2008,204831.0,ROU
T,W074,Plastic wastes,Romania,2010,188885.0,ROU
T,W074,Plastic wastes,Romania,2012,216258.0,ROU
T,W074,Plastic wastes,Romania,2014,35433.0,ROU
T,W074,Plastic wastes,Romania,2016,69504.0,ROU
T,W074,Plastic wastes,Romania,2018,70620.0,ROU
T,W074,Plastic wastes,Romania,2020,101495.0,ROU
T,W074,Plastic wastes,Romania,2022,112320.0,ROU
T,W074,Plastic wastes,Serbia,2014,6346.0,
T,W074,Plastic wastes,Serbia,2016,10770.0,
T,W074,Plastic wastes,Serbia,2018,3196.0,
T,W074,Plastic wastes,Serbia,2020,24873.0,
T,W074,Plastic wastes,Serbia,2022,51073.0,
T,W074,Plastic wastes,Sweden,2004,46123.0,SWE
T,W074,Plastic wastes,Sweden,2006,47782.0,SWE
T,W074,Plastic wastes,Sweden,2008,67671.0,SWE
T,W074,Plastic wastes,Sweden,2010,67165.0,SWE
T,W074,Plastic wastes,Sweden,2012,69996.0,SWE
T,W074,Plastic wastes,Sweden,2014,96035.0,SWE
T,W074,Plastic wastes,Sweden,2016,93480.0,SWE
T,W074,Plastic wastes,Sweden,2018,116830.0,SWE
T,W074,Plastic wastes,Sweden,2020,135391.0,SWE
T,W074,Plastic wastes,Sweden,2022,139720.0,SWE
T,W074,Plastic wastes,Slovenia,2004,8818.0,SVN
T,W074,Plastic wastes,Slovenia,2006,9382.0,SVN
T,W074,Plastic wastes,Slovenia,2008,8163.0,SVN
T,W074,Plastic wastes,Slovenia,2010,15032.0,SVN
T,W074,Plastic wastes,Slovenia,2012,6398.0,SVN
T,W074,Plastic wastes,Slovenia,2014,3878.0,SVN
T,W074,Plastic wastes,Slovenia,2016,3095.0,SVN
T,W074,Plastic wastes,Slovenia,2018,2414.0,SVN
T,W074,Plastic wastes,Slovenia,2020,2288.0,SVN
T,W074,Plastic wastes,Slovenia,2022,2564.0,SVN
T,W074,Plastic wastes,Slovakia,2006,11039.0,SVK
T,W074,Plastic wastes,Slovakia,2008,18271.0,SVK
T,W074,Plastic wastes,Slovakia,2010,22789.0,SVK
T,W074,Plastic wastes,Slovakia,2012,28315.0,SVK
T,W074,Plastic wastes,Slovakia,2014,31568.0,SVK
T,W074,Plastic wastes,Slovakia,2016,36123.0,SVK
T,W074,Plastic wastes,Slovakia,2018,49795.0,SVK
T,W074,Plastic wastes,Slovakia,2020,68536.0,SVK
T,W074,Plastic wastes,Slovakia,2022,69915.0,SVK
T,W074,Plastic wastes,Türkiye,2008,318343.0,
T,W074,Plastic wastes,Türkiye,2010,26247.0,
T,W074,Plastic wastes,Türkiye,2012,13828.0,
T,W074,Plastic wastes,Türkiye,2014,70835.0,
T,W074,Plastic wastes,Türkiye,2016,408920.0,
T,W074,Plastic wastes,Türkiye,2018,405290.0,
T,W074,Plastic wastes,Türkiye,2020,388963.0,
T,W074,Plastic wastes,Türkiye,2022,221328.0,
T,W074,Plastic wastes,United Kingdom,2004,116547.0,GBR
T,W074,Plastic wastes,United Kingdom,2006,76413.0,GBR
T,W074,Plastic wastes,United Kingdom,2008,99112.0,GBR
T,W074,Plastic wastes,United Kingdom,2010,336657.0,GBR
T,W074,Plastic wastes,United Kingdom,2012,382247.0,GBR
T,W074,Plastic wastes,United Kingdom,2014,491059.0,GBR
T,W074,Plastic wastes,United Kingdom,2016,507809.0,GBR
T,W074,Plastic wastes,United Kingdom,2018,522250.0,GBR
T,W074,Plastic wastes,Kosovo*,2018,0.0,
T,W074,Plastic wastes,Kosovo*,2020,0.0,
T,W074,Plastic wastes,Kosovo*,2022,0.0,
T,W075,Wood wastes,Austria,2004,121300.0,AUT
T,W075,Wood wastes,Austria,2006,142900.0,AUT
T,W075,Wood wastes,Austria,2008,162778.0,AUT
T,W075,Wood wastes,Austria,2010,197184.0,AUT
T,W075,Wood wastes,Austria,2012,220875.0,AUT
T,W075,Wood wastes,Austria,2014,234163.0,AUT
T,W075,Wood wastes,Austria,2016,253921.0,AUT
T,W075,Wood wastes,Austria,2018,283611.0,AUT
T,W075,Wood wastes,Austria,2020,292863.0,AUT
T,W075,Wood wastes,Austria,2022,250871.0,AUT
T,W075,Wood wastes,Bosnia and Herzegovina,2018,399.0,
T,W075,Wood wastes,Bosnia and Herzegovina,2020,3734.0,
T,W075,Wood wastes,Bosnia and Herzegovina,2022,3266.0,
T,W075,Wood wastes,Belgium,2004,27479.0,BEL
T,W075,Wood wastes,Belgium,2006,211495.0,BEL
T,W075,Wood wastes,Belgium,2008,235856.0,BEL
T,W075,Wood wastes,Belgium,2010,246612.0,BEL
T,W075,Wood wastes,Belgium,2012,167988.0,BEL
T,W075,Wood wastes,Belgium,2014,171684.0,BEL
T,W075,Wood wastes,Belgium,2016,234554.0,BEL
T,W075,Wood wastes,Belgium,2018,272929.0,BEL
T,W075,Wood wastes,Belgium,2020,311683.0,BEL
T,W075,Wood wastes,Belgium,2022,287882.0,BEL
T,W075,Wood wastes,Bulgaria,2006,0.0,BGR
T,W075,Wood wastes,Bulgaria,2008,0.0,BGR
T,W075,Wood wastes,Bulgaria,2012,32134.0,BGR
T,W075,Wood wastes,Bulgaria,2014,6792.0,BGR
T,W075,Wood wastes,Bulgaria,2016,51400.0,BGR
T,W075,Wood wastes,Bulgaria,2018,82767.0,BGR
T,W075,Wood wastes,Bulgaria,2020,9274.0,BGR
T,W075,Wood wastes,Bulgaria,2022,31002.0,BGR
T,W075,Wood wastes,Cyprus,2004,0.0,CYP
T,W075,Wood wastes,Cyprus,2006,0.0,CYP
T,W075,Wood wastes,Cyprus,2008,0.0,CYP
T,W075,Wood wastes,Cyprus,2010,7769.0,CYP
T,W075,Wood wastes,Cyprus,2012,0.0,CYP
T,W075,Wood wastes,Cyprus,2014,0.0,CYP
T,W075,Wood wastes,Cyprus,2016,0.0,CYP
T,W075,Wood wastes,Cyprus,2018,0.0,CYP
T,W075,Wood wastes,Cyprus,2020,32.0,CYP
T,W075,Wood wastes,Cyprus,2022,0.0,CYP
T,W075,Wood wastes,Czechia,2004,8617.0,CZE
T,W075,Wood wastes,Czechia,2006,34273.0,CZE
T,W075,Wood wastes,Czechia,2008,10215.0,CZE
T,W075,Wood wastes,Czechia,2010,27866.0,CZE
T,W075,Wood wastes,Czechia,2012,29616.0,CZE
T,W075,Wood wastes,Czechia,2014,33641.0,CZE
T,W075,Wood wastes,Czechia,2016,55033.0,CZE
T,W075,Wood wastes,Czechia,2018,70399.0,CZE
T,W075,Wood wastes,Czechia,2020,67463.0,CZE
T,W075,Wood wastes,Czechia,2022,70529.0,CZE
T,W075,Wood wastes,Germany,2004,581865.0,DEU
T,W075,Wood wastes,Germany,2006,661304.0,DEU
T,W075,Wood wastes,Germany,2008,720532.0,DEU
T,W075,Wood wastes,Germany,2010,670517.0,DEU
T,W075,Wood wastes,Germany,2012,624903.0,DEU
T,W075,Wood wastes,Germany,2014,735461.0,DEU
T,W075,Wood wastes,Germany,2016,665722.0,DEU
T,W075,Wood wastes,Germany,2018,696884.0,DEU
T,W075,Wood wastes,Germany,2020,720144.0,DEU
T,W075,Wood wastes,Germany,2022,618371.0,DEU
T,W075,Wood wastes,Denmark,2004,209974.0,DNK
T,W075,Wood wastes,Denmark,2006,265070.0,DNK
T,W075,Wood wastes,Denmark,2008,236657.0,DNK
T,W075,Wood wastes,Denmark,2010,76101.0,DNK
T,W075,Wood wastes,Denmark,2012,90575.0,DNK
T,W075,Wood wastes,Denmark,2014,327001.0,DNK
T,W075,Wood wastes,Denmark,2016,176429.0,DNK
T,W075,Wood wastes,Denmark,2018,188497.0,DNK
T,W075,Wood wastes,Denmark,2020,275612.0,DNK
T,W075,Wood wastes,Denmark,2022,191068.0,DNK
T,W075,Wood wastes,Estonia,2004,3764.0,EST
T,W075,Wood wastes,Estonia,2006,3569.0,EST
T,W075,Wood wastes,Estonia,2008,3919.0,EST
T,W075,Wood wastes,Estonia,2010,1955.0,EST
T,W075,Wood wastes,Estonia,2012,5359.0,EST
T,W075,Wood wastes,Estonia,2014,7528.0,EST
T,W075,Wood wastes,Estonia,2016,11859.0,EST
T,W075,Wood wastes,Estonia,2018,19332.0,EST
T,W075,Wood wastes,Estonia,2020,14439.0,EST
T,W075,Wood wastes,Estonia,2022,21023.0,EST
T,W075,Wood wastes,Greece,2006,2713.0,GRC
T,W075,Wood wastes,Greece,2008,0.0,GRC
T,W075,Wood wastes,Greece,2010,0.0,GRC
T,W075,Wood wastes,Greece,2016,0.0,GRC
T,W075,Wood wastes,Greece,2018,846.0,GRC
T,W075,Wood wastes,Greece,2020,515.0,GRC
T,W075,Wood wastes,Greece,2022,53.0,GRC
T,W075,Wood wastes,Spain,2004,117273.0,ESP
T,W075,Wood wastes,Spain,2006,65747.0,ESP
T,W075,Wood wastes,Spain,2008,120655.0,ESP
T,W075,Wood wastes,Spain,2010,191545.0,ESP
T,W075,Wood wastes,Spain,2012,130509.0,ESP
T,W075,Wood wastes,Spain,2014,88583.0,ESP
T,W075,Wood wastes,Spain,2016,95081.0,ESP
T,W075,Wood wastes,Spain,2018,136153.0,ESP
T,W075,Wood wastes,Spain,2020,137533.0,ESP
T,W075,Wood wastes,Spain,2022,165040.0,ESP
T,W075,Wood wastes,European Union - 27 countries (from 2020),2004,1880000.0,EU27_2020
T,W075,Wood wastes,European Union - 27 countries (from 2020),2006,2410000.0,EU27_2020
T,W075,Wood wastes,European Union - 27 countries (from 2020),2008,2670000.0,EU27_2020
T,W075,Wood wastes,European Union - 27 countries (from 2020),2018,4640000.0,EU27_2020
T,W075,Wood wastes,European Union - 27 countries (from 2020),2020,4890000.0,EU27_2020
T,W075,Wood wastes,European Union - 27 countries (from 2020),2022,4740000.0,EU27_2020
T,W075,Wood wastes,European Union - 28 countries (2013-2020),2004,2170000.0,
T,W075,Wood wastes,European Union - 28 countries (2013-2020),2006,2950000.0,
T,W075,Wood wastes,European Union - 28 countries (2013-2020),2008,3220000.0,
T,W075,Wood wastes,European Union - 28 countries (2013-2020),2016,5040000.0,
T,W075,Wood wastes,European Union - 28 countries (2013-2020),2018,5520000.0,
T,W075,Wood wastes,Finland,2004,23746.0,FIN
T,W075,Wood wastes,Finland,2006,13094.0,FIN
T,W075,Wood wastes,Finland,2008,60400.0,FIN
T,W075,Wood wastes,Finland,2010,22696.0,FIN
T,W075,Wood wastes,Finland,2012,30396.0,FIN
T,W075,Wood wastes,Finland,2014,28473.0,FIN
T,W075,Wood wastes,Finland,2016,29264.0,FIN
T,W075,Wood wastes,Finland,2018,62734.0,FIN
T,W075,Wood wastes,Finland,2020,67384.0,FIN
T,W075,Wood wastes,Finland,2022,40928.0,FIN
T,W075,Wood wastes,France,2004,0.0,FRA
T,W075,Wood wastes,France,2006,0.0,FRA
T,W075,Wood wastes,France,2008,0.0,FRA
T,W075,Wood wastes,France,2010,624775.0,FRA
T,W075,Wood wastes,France,2012,840381.0,FRA
T,W075,Wood wastes,France,2014,916810.0,FRA
T,W075,Wood wastes,France,2016,979676.0,FRA
T,W075,Wood wastes,France,2018,996757.0,FRA
T,W075,Wood wastes,France,2020,1026710.0,FRA
T,W075,Wood wastes,France,2022,1096826.0,FRA
T,W075,Wood wastes,Croatia,2006,0.0,HRV
T,W075,Wood wastes,Croatia,2008,0.0,HRV
T,W075,Wood wastes,Croatia,2012,685.0,HRV
T,W075,Wood wastes,Croatia,2014,8242.0,HRV
T,W075,Wood wastes,Croatia,2016,0.0,HRV
T,W075,Wood wastes,Croatia,2018,8817.0,HRV
T,W075,Wood wastes,Croatia,2020,14358.0,HRV
T,W075,Wood wastes,Croatia,2022,20309.0,HRV
T,W075,Wood wastes,Hungary,2004,25530.0,HUN
T,W075,Wood wastes,Hungary,2006,0.0,HUN
T,W075,Wood wastes,Hungary,2008,1464.0,HUN
T,W075,Wood wastes,Hungary,2010,2940.0,HUN
T,W075,Wood wastes,Hungary,2012,2071.0,HUN
T,W075,Wood wastes,Hungary,2014,2131.0,HUN
T,W075,Wood wastes,Hungary,2016,1311.0,HUN
T,W075,Wood wastes,Hungary,2018,1178.0,HUN
T,W075,Wood wastes,Hungary,2020,4000.0,HUN
T,W075,Wood wastes,Hungary,2022,5989.0,HUN
T,W075,Wood wastes,Ireland,2004,16661.0,IRL
T,W075,Wood wastes,Ireland,2006,26882.0,IRL
T,W075,Wood wastes,Ireland,2010,9992.0,IRL
T,W075,Wood wastes,Ireland,2012,9197.0,IRL
T,W075,Wood wastes,Ireland,2014,9438.0,IRL
T,W075,Wood wastes,Ireland,2016,14613.0,IRL
T,W075,Wood wastes,Ireland,2018,17178.0,IRL
T,W075,Wood wastes,Ireland,2020,25738.0,IRL
T,W075,Wood wastes,Ireland,2022,23787.0,IRL
T,W075,Wood wastes,Iceland,2004,3000.0,ISL
T,W075,Wood wastes,Iceland,2010,1905.0,ISL
T,W075,Wood wastes,Iceland,2012,1802.0,ISL
T,W075,Wood wastes,Iceland,2014,1930.0,ISL
T,W075,Wood wastes,Iceland,2016,2765.0,ISL
T,W075,Wood wastes,Iceland,2018,2989.0,ISL
T,W075,Wood wastes,Iceland,2020,5354.0,ISL
T,W075,Wood wastes,Iceland,2022,6375.0,ISL
T,W075,Wood wastes,Italy,2004,475833.0,ITA
T,W075,Wood wastes,Italy,2006,573402.0,ITA
T,W075,Wood wastes,Italy,2008,667414.0,ITA
T,W075,Wood wastes,Italy,2010,691793.0,ITA
T,W075,Wood wastes,Italy,2012,614080.0,ITA
T,W075,Wood wastes,Italy,2014,675449.0,ITA
T,W075,Wood wastes,Italy,2016,739357.0,ITA
T,W075,Wood wastes,Italy,2018,908217.0,ITA
T,W075,Wood wastes,Italy,2020,881468.0,ITA
T,W075,Wood wastes,Italy,2022,1003500.0,ITA
T,W075,Wood wastes,Liechtenstein,2008,0.0,
T,W075,Wood wastes,Liechtenstein,2010,0.0,
T,W075,Wood wastes,Liechtenstein,2012,0.0,
T,W075,Wood wastes,Liechtenstein,2014,0.0,
T,W075,Wood wastes,Liechtenstein,2016,0.0,
T,W075,Wood wastes,Liechtenstein,2018,0.0,
T,W075,Wood wastes,Liechtenstein,2020,0.0,
T,W075,Wood wastes,Liechtenstein,2022,0.0,
T,W075,Wood wastes,Lithuania,2004,196.0,LTU
T,W075,Wood wastes,Lithuania,2006,1935.0,LTU
T,W075,Wood wastes,Lithuania,2008,2793.0,LTU
T,W075,Wood wastes,Lithuania,2010,9610.0,LTU
T,W075,Wood wastes,Lithuania,2012,1425.0,LTU
T,W075,Wood wastes,Lithuania,2014,1882.0,LTU
T,W075,Wood wastes,Lithuania,2016,2483.0,LTU
T,W075,Wood wastes,Lithuania,2018,3445.0,LTU
T,W075,Wood wastes,Lithuania,2020,7098.0,LTU
T,W075,Wood wastes,Lithuania,2022,9228.0,LTU
T,W075,Wood wastes,Luxembourg,2004,506.0,LUX
T,W075,Wood wastes,Luxembourg,2006,610.0,LUX
T,W075,Wood wastes,Luxembourg,2008,682.0,LUX
T,W075,Wood wastes,Luxembourg,2010,2335.0,LUX
T,W075,Wood wastes,Luxembourg,2012,649.0,LUX
T,W075,Wood wastes,Luxembourg,2014,49.0,LUX
T,W075,Wood wastes,Luxembourg,2016,316.0,LUX
T,W075,Wood wastes,Luxembourg,2018,250.0,LUX
T,W075,Wood wastes,Luxembourg,2020,1162.0,LUX
T,W075,Wood wastes,Luxembourg,2022,760.0,LUX
T,W075,Wood wastes,Latvia,2006,124.0,LVA
T,W075,Wood wastes,Latvia,2010,0.0,LVA
T,W075,Wood wastes,Latvia,2012,3314.0,LVA
T,W075,Wood wastes,Latvia,2014,21927.0,LVA
T,W075,Wood wastes,Latvia,2016,15251.0,LVA
T,W075,Wood wastes,Latvia,2018,7361.0,LVA
T,W075,Wood wastes,Latvia,2020,0.0,LVA
T,W075,Wood wastes,Latvia,2022,25434.0,LVA
T,W075,Wood wastes,Montenegro,2012,233.0,
T,W075,Wood wastes,Montenegro,2014,232.0,
T,W075,Wood wastes,Montenegro,2016,156.0,
T,W075,Wood wastes,Montenegro,2018,166.0,
T,W075,Wood wastes,Montenegro,2020,141.0,
T,W075,Wood wastes,Montenegro,2022,202.0,
T,W075,Wood wastes,North Macedonia,2010,0.0,
T,W075,Wood wastes,North Macedonia,2012,0.0,
T,W075,Wood wastes,North Macedonia,2014,0.0,
T,W075,Wood wastes,North Macedonia,2016,0.0,
T,W075,Wood wastes,North Macedonia,2018,0.0,
T,W075,Wood wastes,North Macedonia,2020,0.0,
T,W075,Wood wastes,North Macedonia,2022,0.0,
T,W075,Wood wastes,Malta,2004,265.0,MLT
T,W075,Wood wastes,Malta,2006,338.0,MLT
T,W075,Wood wastes,Malta,2008,0.0,MLT
T,W075,Wood wastes,Malta,2010,6696.0,MLT
T,W075,Wood wastes,Malta,2012,9607.0,MLT
T,W075,Wood wastes,Malta,2014,11763.0,MLT
T,W075,Wood wastes,Malta,2016,7938.0,MLT
T,W075,Wood wastes,Malta,2018,7290.0,MLT
T,W075,Wood wastes,Malta,2020,7434.0,MLT
T,W075,Wood wastes,Malta,2022,6511.0,MLT
T,W075,Wood wastes,Netherlands,2004,263706.0,NLD
T,W075,Wood wastes,Netherlands,2006,289505.0,NLD
T,W075,Wood wastes,Netherlands,2008,290765.0,NLD
T,W075,Wood wastes,Netherlands,2010,274968.0,NLD
T,W075,Wood wastes,Netherlands,2016,317594.0,NLD
T,W075,Wood wastes,Netherlands,2018,361437.0,NLD
T,W075,Wood wastes,Netherlands,2020,429045.0,NLD
T,W075,Wood wastes,Netherlands,2022,354190.0,NLD
T,W075,Wood wastes,Norway,2004,94918.0,NOR
T,W075,Wood wastes,Norway,2006,146378.0,NOR
T,W075,Wood wastes,Norway,2008,176000.0,NOR
T,W075,Wood wastes,Norway,2010,190765.0,NOR
T,W075,Wood wastes,Norway,2012,234965.0,NOR
T,W075,Wood wastes,Norway,2014,274111.0,NOR
T,W075,Wood wastes,Norway,2016,283952.0,NOR
T,W075,Wood wastes,Norway,2018,274929.0,NOR
T,W075,Wood wastes,Norway,2020,311669.0,NOR
T,W075,Wood wastes,Norway,2022,227308.0,NOR
T,W075,Wood wastes,Poland,2008,0.0,POL
T,W075,Wood wastes,Poland,2018,12.0,POL
T,W075,Wood wastes,Poland,2020,2849.0,POL
T,W075,Wood wastes,Poland,2022,5889.0,POL
T,W075,Wood wastes,Portugal,2006,0.0,PRT
T,W075,Wood wastes,Portugal,2008,7813.0,PRT
T,W075,Wood wastes,Portugal,2010,5232.0,PRT
T,W075,Wood wastes,Portugal,2012,2634.0,PRT
T,W075,Wood wastes,Portugal,2014,3810.0,PRT
T,W075,Wood wastes,Portugal,2016,17133.0,PRT
T,W075,Wood wastes,Portugal,2018,26896.0,PRT
T,W075,Wood wastes,Portugal,2020,30408.0,PRT
T,W075,Wood wastes,Portugal,2022,22072.0,PRT
T,W075,Wood wastes,Romania,2004,0.0,ROU
T,W075,Wood wastes,Romania,2006,108417.0,ROU
T,W075,Wood wastes,Romania,2008,130536.0,ROU
T,W075,Wood wastes,Romania,2010,127466.0,ROU
T,W075,Wood wastes,Romania,2012,150748.0,ROU
T,W075,Wood wastes,Romania,2014,2115.0,ROU
T,W075,Wood wastes,Romania,2016,23632.0,ROU
T,W075,Wood wastes,Romania,2018,31544.0,ROU
T,W075,Wood wastes,Romania,2020,10614.0,ROU
T,W075,Wood wastes,Romania,2022,12419.0,ROU
T,W075,Wood wastes,Serbia,2014,260.0,
T,W075,Wood wastes,Serbia,2016,5.0,
T,W075,Wood wastes,Serbia,2018,0.0,
T,W075,Wood wastes,Serbia,2020,4137.0,
T,W075,Wood wastes,Serbia,2022,18077.0,
T,W075,Wood wastes,Sweden,2004,0.0,SWE
T,W075,Wood wastes,Sweden,2006,0.0,SWE
T,W075,Wood wastes,Sweden,2008,0.0,SWE
T,W075,Wood wastes,Sweden,2010,0.0,SWE
T,W075,Wood wastes,Sweden,2012,0.0,SWE
T,W075,Wood wastes,Sweden,2014,412000.0,SWE
T,W075,Wood wastes,Sweden,2016,420670.0,SWE
T,W075,Wood wastes,Sweden,2018,412870.0,SWE
T,W075,Wood wastes,Sweden,2020,484516.0,SWE
T,W075,Wood wastes,Sweden,2022,388911.0,SWE
T,W075,Wood wastes,Slovenia,2004,4972.0,SVN
T,W075,Wood wastes,Slovenia,2006,9402.0,SVN
T,W075,Wood wastes,Slovenia,2008,9128.0,SVN
T,W075,Wood wastes,Slovenia,2010,14189.0,SVN
T,W075,Wood wastes,Slovenia,2012,14086.0,SVN
T,W075,Wood wastes,Slovenia,2014,15998.0,SVN
T,W075,Wood wastes,Slovenia,2016,20365.0,SVN
T,W075,Wood wastes,Slovenia,2018,30103.0,SVN
T,W075,Wood wastes,Slovenia,2020,34933.0,SVN
T,W075,Wood wastes,Slovenia,2022,42529.0,SVN
T,W075,Wood wastes,Slovakia,2006,890.0,SVK
T,W075,Wood wastes,Slovakia,2008,1511.0,SVK
T,W075,Wood wastes,Slovakia,2010,1556.0,SVK
T,W075,Wood wastes,Slovakia,2012,2459.0,SVK
T,W075,Wood wastes,Slovakia,2014,5272.0,SVK
T,W075,Wood wastes,Slovakia,2016,8651.0,SVK
T,W075,Wood wastes,Slovakia,2018,13382.0,SVK
T,W075,Wood wastes,Slovakia,2020,30781.0,SVK
T,W075,Wood wastes,Slovakia,2022,41760.0,SVK
T,W075,Wood wastes,Türkiye,2008,12173.0,
T,W075,Wood wastes,Türkiye,2012,8684.0,
T,W075,Wood wastes,Türkiye,2014,7398.0,
T,W075,Wood wastes,Türkiye,2018,0.0,
T,W075,Wood wastes,Türkiye,2020,0.0,
T,W075,Wood wastes,Türkiye,2022,0.0,
T,W075,Wood wastes,United Kingdom,2004,287087.0,GBR
T,W075,Wood wastes,United Kingdom,2006,541862.0,GBR
T,W075,Wood wastes,United Kingdom,2008,552344.0,GBR
T,W075,Wood wastes,United Kingdom,2010,742885.0,GBR
T,W075,Wood wastes,United Kingdom,2012,770401.0,GBR
T,W075,Wood wastes,United Kingdom,2014,836640.0,GBR
T,W075,Wood wastes,United Kingdom,2016,894592.0,GBR
T,W075,Wood wastes,United Kingdom,2018,880608.0,GBR
T,W075,Wood wastes,Kosovo*,2018,0.0,
T,W075,Wood wastes,Kosovo*,2020,0.0,
T,W075,Wood wastes,Kosovo*,2022,0.0,
T,W091_092,Animal and mixed food waste; vegetal wastes (W091+W092),Austria,2004,546300.0,AUT
T,W091_092,Animal and mixed food waste; vegetal wastes (W091+W092),Austria,2006,661300.0,AUT
T,W091_092,Animal and mixed food waste; vegetal wastes (W091+W092),Austria,2008,714900.0,AUT
T,W091_092,Animal and mixed food waste; vegetal wastes (W091+W092),Belgium,2004,1191731.0,BEL
T,W091_092,Animal and mixed food waste; vegetal wastes (W091+W092),Belgium,2006,934760.0,BEL
T,W091_092,Animal and mixed food waste; vegetal wastes (W091+W092),Belgium,2008,960330.0,BEL
T,W091_092,Animal and mixed food waste; vegetal wastes (W091+W092),Bulgaria,2006,0.0,BGR
T,W091_092,Animal and mixed food waste; vegetal wastes (W091+W092),Bulgaria,2008,0.0,BGR
T,W091_092,Animal and mixed food waste; vegetal wastes (W091+W092),Cyprus,2004,0.0,CYP
T,W091_092,Animal and mixed food waste; vegetal wastes (W091+W092),Cyprus,2006,0.0,CYP
T,W091_092,Animal and mixed food waste; vegetal wastes (W091+W092),Cyprus,2008,41310.0,CYP
T,W091_092,Animal and mixed food waste; vegetal wastes (W091+W092),Czechia,2004,64363.0,CZE
T,W091_092,Animal and mixed food waste; vegetal wastes (W091+W092),Czechia,2006,108723.0,CZE
T,W091_092,Animal and mixed food waste; vegetal wastes (W091+W092),Czechia,2008,131785.0,CZE
T,W091_092,Animal and mixed food waste; vegetal wastes (W091+W092),Germany,2004,4290273.0,DEU
T,W091_092,Animal and mixed food waste; vegetal wastes (W091+W092),Germany,2006,7676471.0,DEU
T,W091_092,Animal and mixed food waste; vegetal wastes (W091+W092),Germany,2008,8082615.0,DEU
T,W091_092,Animal and mixed food waste; vegetal wastes (W091+W092),Denmark,2004,52558.0,DNK
T,W091_092,Animal and mixed food waste; vegetal wastes (W091+W092),Denmark,2006,38923.0,DNK
T,W091_092,Animal and mixed food waste; vegetal wastes (W091+W092),Denmark,2008,36560.0,DNK
T,W091_092,Animal and mixed food waste; vegetal wastes (W091+W092),Estonia,2004,819.0,EST
T,W091_092,Animal and mixed food waste; vegetal wastes (W091+W092),Estonia,2006,1298.0,EST
T,W091_092,Animal and mixed food waste; vegetal wastes (W091+W092),Estonia,2008,10992.0,EST
T,W091_092,Animal and mixed food waste; vegetal wastes (W091+W092),Greece,2006,0.0,GRC
T,W091_092,Animal and mixed food waste; vegetal wastes (W091+W092),Greece,2008,0.0,GRC
T,W091_092,Animal and mixed food waste; vegetal wastes (W091+W092),Spain,2004,922.0,ESP
T,W091_092,Animal and mixed food waste; vegetal wastes (W091+W092),Spain,2006,6950.0,ESP
T,W091_092,Animal and mixed food waste; vegetal wastes (W091+W092),Spain,2008,403332.0,ESP
T,W091_092,Animal and mixed food waste; vegetal wastes (W091+W092),European Union - 27 countries (from 2020),2004,13870000.0,EU27_2020
T,W091_092,Animal and mixed food waste; vegetal wastes (W091+W092),European Union - 27 countries (from 2020),2006,18060000.0,EU27_2020
T,W091_092,Animal and mixed food waste; vegetal wastes (W091+W092),European Union - 27 countries (from 2020),2008,19770000.0,EU27_2020
T,W091_092,Animal and mixed food waste; vegetal wastes (W091+W092),European Union - 28 countries (2013-2020),2004,16150000.0,
T,W091_092,Animal and mixed food waste; vegetal wastes (W091+W092),European Union - 28 countries (2013-2020),2006,21300000.0,
T,W091_092,Animal and mixed food waste; vegetal wastes (W091+W092),European Union - 28 countries (2013-2020),2008,23810000.0,
T,W091_092,Animal and mixed food waste; vegetal wastes (W091+W092),Finland,2004,64874.0,FIN
T,W091_092,Animal and mixed food waste; vegetal wastes (W091+W092),Finland,2006,95102.0,FIN
T,W091_092,Animal and mixed food waste; vegetal wastes (W091+W092),Finland,2008,178600.0,FIN
T,W091_092,Animal and mixed food waste; vegetal wastes (W091+W092),France,2004,2619000.0,FRA
T,W091_092,Animal and mixed food waste; vegetal wastes (W091+W092),France,2006,2973800.0,FRA
T,W091_092,Animal and mixed food waste; vegetal wastes (W091+W092),France,2008,3364000.0,FRA
T,W091_092,Animal and mixed food waste; vegetal wastes (W091+W092),Croatia,2004,0.0,HRV
T,W091_092,Animal and mixed food waste; vegetal wastes (W091+W092),Croatia,2006,0.0,HRV
T,W091_092,Animal and mixed food waste; vegetal wastes (W091+W092),Croatia,2008,0.0,HRV
T,W091_092,Animal and mixed food waste; vegetal wastes (W091+W092),Hungary,2004,102240.0,HUN
T,W091_092,Animal and mixed food waste; vegetal wastes (W091+W092),Hungary,2006,45509.0,HUN
T,W091_092,Animal and mixed food waste; vegetal wastes (W091+W092),Hungary,2008,55357.0,HUN
T,W091_092,Animal and mixed food waste; vegetal wastes (W091+W092),Ireland,2004,470175.0,IRL
T,W091_092,Animal and mixed food waste; vegetal wastes (W091+W092),Ireland,2006,538651.0,IRL
T,W091_092,Animal and mixed food waste; vegetal wastes (W091+W092),Iceland,2004,11000.0,ISL
T,W091_092,Animal and mixed food waste; vegetal wastes (W091+W092),Italy,2004,2218995.0,ITA
T,W091_092,Animal and mixed food waste; vegetal wastes (W091+W092),Italy,2006,2706793.0,ITA
T,W091_092,Animal and mixed food waste; vegetal wastes (W091+W092),Italy,2008,3326060.0,ITA
T,W091_092,Animal and mixed food waste; vegetal wastes (W091+W092),Liechtenstein,2008,0.0,
T,W091_092,Animal and mixed food waste; vegetal wastes (W091+W092),Lithuania,2004,15315.0,LTU
T,W091_092,Animal and mixed food waste; vegetal wastes (W091+W092),Lithuania,2006,737.0,LTU
T,W091_092,Animal and mixed food waste; vegetal wastes (W091+W092),Lithuania,2008,22074.0,LTU
T,W091_092,Animal and mixed food waste; vegetal wastes (W091+W092),Luxembourg,2004,59488.0,LUX
T,W091_092,Animal and mixed food waste; vegetal wastes (W091+W092),Luxembourg,2006,62538.0,LUX
T,W091_092,Animal and mixed food waste; vegetal wastes (W091+W092),Luxembourg,2008,71298.0,LUX
T,W091_092,Animal and mixed food waste; vegetal wastes (W091+W092),Latvia,2004,0.0,LVA
T,W091_092,Animal and mixed food waste; vegetal wastes (W091+W092),Latvia,2006,10466.0,LVA
T,W091_092,Animal and mixed food waste; vegetal wastes (W091+W092),Latvia,2008,0.0,LVA
T,W091_092,Animal and mixed food waste; vegetal wastes (W091+W092),North Macedonia,2008,0.0,
T,W091_092,Animal and mixed food waste; vegetal wastes (W091+W092),Malta,2004,1876.0,MLT
T,W091_092,Animal and mixed food waste; vegetal wastes (W091+W092),Malta,2006,2283.0,MLT
T,W091_092,Animal and mixed food waste; vegetal wastes (W091+W092),Malta,2008,1697.0,MLT
T,W091_092,Animal and mixed food waste; vegetal wastes (W091+W092),Netherlands,2004,1803333.0,NLD
T,W091_092,Animal and mixed food waste; vegetal wastes (W091+W092),Netherlands,2006,1703416.0,NLD
T,W091_092,Animal and mixed food waste; vegetal wastes (W091+W092),Netherlands,2008,1718126.0,NLD
T,W091_092,Animal and mixed food waste; vegetal wastes (W091+W092),Norway,2004,242612.0,NOR
T,W091_092,Animal and mixed food waste; vegetal wastes (W091+W092),Norway,2006,271681.0,NOR
T,W091_092,Animal and mixed food waste; vegetal wastes (W091+W092),Norway,2008,312000.0,NOR
T,W091_092,Animal and mixed food waste; vegetal wastes (W091+W092),Poland,2004,0.0,POL
T,W091_092,Animal and mixed food waste; vegetal wastes (W091+W092),Poland,2006,0.0,POL
T,W091_092,Animal and mixed food waste; vegetal wastes (W091+W092),Poland,2008,0.0,POL
T,W091_092,Animal and mixed food waste; vegetal wastes (W091+W092),Portugal,2004,0.0,PRT
T,W091_092,Animal and mixed food waste; vegetal wastes (W091+W092),Portugal,2006,0.0,PRT
T,W091_092,Animal and mixed food waste; vegetal wastes (W091+W092),Portugal,2008,721.0,PRT
T,W091_092,Animal and mixed food waste; vegetal wastes (W091+W092),Romania,2004,0.0,ROU
T,W091_092,Animal and mixed food waste; vegetal wastes (W091+W092),Romania,2006,0.0,ROU
T,W091_092,Animal and mixed food waste; vegetal wastes (W091+W092),Romania,2008,36720.0,ROU
T,W091_092,Animal and mixed food waste; vegetal wastes (W091+W092),Sweden,2004,353300.0,SWE
T,W091_092,Animal and mixed food waste; vegetal wastes (W091+W092),Sweden,2006,386011.0,SWE
T,W091_092,Animal and mixed food waste; vegetal wastes (W091+W092),Sweden,2008,490144.0,SWE
T,W091_092,Animal and mixed food waste; vegetal wastes (W091+W092),Slovenia,2004,12928.0,SVN
T,W091_092,Animal and mixed food waste; vegetal wastes (W091+W092),Slovenia,2006,25215.0,SVN
T,W091_092,Animal and mixed food waste; vegetal wastes (W091+W092),Slovenia,2008,42190.0,SVN
T,W091_092,Animal and mixed food waste; vegetal wastes (W091+W092),Slovakia,2004,0.0,SVK
T,W091_092,Animal and mixed food waste; vegetal wastes (W091+W092),Slovakia,2006,78546.0,SVK
T,W091_092,Animal and mixed food waste; vegetal wastes (W091+W092),Slovakia,2008,88442.0,SVK
T,W091_092,Animal and mixed food waste; vegetal wastes (W091+W092),Türkiye,2004,0.0,
T,W091_092,Animal and mixed food waste; vegetal wastes (W091+W092),Türkiye,2006,0.0,
T,W091_092,Animal and mixed food waste; vegetal wastes (W091+W092),Türkiye,2008,385887.0,
T,W091_092,Animal and mixed food waste; vegetal wastes (W091+W092),United Kingdom,2004,2279043.0,GBR
T,W091_092,Animal and mixed food waste; vegetal wastes (W091+W092),United Kingdom,2006,3244433.0,GBR
T,W091_092,Animal and mixed food waste; vegetal wastes (W091+W092),United Kingdom,2008,4035243.0,GBR
T,W10,"Mixed ordinary wastes (subtotal, W101+W102+W103)",Austria,2004,1630954.0,AUT
T,W10,"Mixed ordinary wastes (subtotal, W101+W102+W103)",Austria,2006,1688000.0,AUT
T,W10,"Mixed ordinary wastes (subtotal, W101+W102+W103)",Austria,2008,1627700.0,AUT
T,W10,"Mixed ordinary wastes (subtotal, W101+W102+W103)",Belgium,2004,1807465.0,BEL
T,W10,"Mixed ordinary wastes (subtotal, W101+W102+W103)",Belgium,2006,1540649.0,BEL
T,W10,"Mixed ordinary wastes (subtotal, W101+W102+W103)",Belgium,2008,1680210.0,BEL
T,W10,"Mixed ordinary wastes (subtotal, W101+W102+W103)",Bulgaria,2004,2633592.0,BGR
T,W10,"Mixed ordinary wastes (subtotal, W101+W102+W103)",Bulgaria,2006,2928981.0,BGR
T,W10,"Mixed ordinary wastes (subtotal, W101+W102+W103)",Bulgaria,2008,2907121.0,BGR
T,W10,"Mixed ordinary wastes (subtotal, W101+W102+W103)",Cyprus,2004,180738.0,CYP
T,W10,"Mixed ordinary wastes (subtotal, W101+W102+W103)",Cyprus,2006,171276.0,CYP
T,W10,"Mixed ordinary wastes (subtotal, W101+W102+W103)",Cyprus,2008,98259.0,CYP
T,W10,"Mixed ordinary wastes (subtotal, W101+W102+W103)",Czechia,2004,2497664.0,CZE
T,W10,"Mixed ordinary wastes (subtotal, W101+W102+W103)",Czechia,2006,2645943.0,CZE
T,W10,"Mixed ordinary wastes (subtotal, W101+W102+W103)",Czechia,2008,2664933.0,CZE
T,W10,"Mixed ordinary wastes (subtotal, W101+W102+W103)",Germany,2004,24060010.0,DEU
T,W10,"Mixed ordinary wastes (subtotal, W101+W102+W103)",Germany,2006,18878223.0,DEU
T,W10,"Mixed ordinary wastes (subtotal, W101+W102+W103)",Germany,2008,18525137.0,DEU
T,W10,"Mixed ordinary wastes (subtotal, W101+W102+W103)",Denmark,2004,1481306.0,DNK
T,W10,"Mixed ordinary wastes (subtotal, W101+W102+W103)",Denmark,2006,1544634.0,DNK
T,W10,"Mixed ordinary wastes (subtotal, W101+W102+W103)",Denmark,2008,1556595.0,DNK
T,W10,"Mixed ordinary wastes (subtotal, W101+W102+W103)",Estonia,2004,176259.0,EST
T,W10,"Mixed ordinary wastes (subtotal, W101+W102+W103)",Estonia,2006,164789.0,EST
T,W10,"Mixed ordinary wastes (subtotal, W101+W102+W103)",Estonia,2008,176151.0,EST
T,W10,"Mixed ordinary wastes (subtotal, W101+W102+W103)",Greece,2004,4212962.0,GRC
T,W10,"Mixed ordinary wastes (subtotal, W101+W102+W103)",Greece,2006,4088124.0,GRC
T,W10,"Mixed ordinary wastes (subtotal, W101+W102+W103)",Greece,2008,3954486.0,GRC
T,W10,"Mixed ordinary wastes (subtotal, W101+W102+W103)",Spain,2004,20121000.0,ESP
T,W10,"Mixed ordinary wastes (subtotal, W101+W102+W103)",Spain,2006,20401721.0,ESP
T,W10,"Mixed ordinary wastes (subtotal, W101+W102+W103)",Spain,2008,20912109.0,ESP
T,W10,"Mixed ordinary wastes (subtotal, W101+W102+W103)",European Union - 27 countries (from 2020),2004,129950000.0,EU27_2020
T,W10,"Mixed ordinary wastes (subtotal, W101+W102+W103)",European Union - 27 countries (from 2020),2006,129320000.0,EU27_2020
T,W10,"Mixed ordinary wastes (subtotal, W101+W102+W103)",European Union - 27 countries (from 2020),2008,128570000.0,EU27_2020
T,W10,"Mixed ordinary wastes (subtotal, W101+W102+W103)",European Union - 28 countries (2013-2020),2004,154410000.0,
T,W10,"Mixed ordinary wastes (subtotal, W101+W102+W103)",European Union - 28 countries (2013-2020),2006,152410000.0,
T,W10,"Mixed ordinary wastes (subtotal, W101+W102+W103)",European Union - 28 countries (2013-2020),2008,149740000.0,
T,W10,"Mixed ordinary wastes (subtotal, W101+W102+W103)",Finland,2004,779609.0,FIN
T,W10,"Mixed ordinary wastes (subtotal, W101+W102+W103)",Finland,2006,772587.0,FIN
T,W10,"Mixed ordinary wastes (subtotal, W101+W102+W103)",Finland,2008,1063591.0,FIN
T,W10,"Mixed ordinary wastes (subtotal, W101+W102+W103)",France,2004,19797000.0,FRA
T,W10,"Mixed ordinary wastes (subtotal, W101+W102+W103)",France,2006,20421400.0,FRA
T,W10,"Mixed ordinary wastes (subtotal, W101+W102+W103)",France,2008,19468000.0,FRA
T,W10,"Mixed ordinary wastes (subtotal, W101+W102+W103)",Croatia,2004,0.0,HRV
T,W10,"Mixed ordinary wastes (subtotal, W101+W102+W103)",Croatia,2006,0.0,HRV
T,W10,"Mixed ordinary wastes (subtotal, W101+W102+W103)",Croatia,2008,0.0,HRV
T,W10,"Mixed ordinary wastes (subtotal, W101+W102+W103)",Hungary,2004,3764130.0,HUN
T,W10,"Mixed ordinary wastes (subtotal, W101+W102+W103)",Hungary,2006,2847370.0,HUN
T,W10,"Mixed ordinary wastes (subtotal, W101+W102+W103)",Hungary,2008,3020031.0,HUN
T,W10,"Mixed ordinary wastes (subtotal, W101+W102+W103)",Ireland,2004,362993.0,IRL
T,W10,"Mixed ordinary wastes (subtotal, W101+W102+W103)",Ireland,2006,383785.0,IRL
T,W10,"Mixed ordinary wastes (subtotal, W101+W102+W103)",Iceland,2004,110000.0,ISL
T,W10,"Mixed ordinary wastes (subtotal, W101+W102+W103)",Italy,2004,24376698.0,ITA
T,W10,"Mixed ordinary wastes (subtotal, W101+W102+W103)",Italy,2006,24464573.0,ITA
T,W10,"Mixed ordinary wastes (subtotal, W101+W102+W103)",Italy,2008,22838700.0,ITA
T,W10,"Mixed ordinary wastes (subtotal, W101+W102+W103)",Liechtenstein,2008,0.0,
T,W10,"Mixed ordinary wastes (subtotal, W101+W102+W103)",Lithuania,2004,532435.0,LTU
T,W10,"Mixed ordinary wastes (subtotal, W101+W102+W103)",Lithuania,2006,878686.0,LTU
T,W10,"Mixed ordinary wastes (subtotal, W101+W102+W103)",Lithuania,2008,823888.0,LTU
T,W10,"Mixed ordinary wastes (subtotal, W101+W102+W103)",Luxembourg,2004,133805.0,LUX
T,W10,"Mixed ordinary wastes (subtotal, W101+W102+W103)",Luxembourg,2006,104566.0,LUX
T,W10,"Mixed ordinary wastes (subtotal, W101+W102+W103)",Luxembourg,2008,146120.0,LUX
T,W10,"Mixed ordinary wastes (subtotal, W101+W102+W103)",Latvia,2004,543490.0,LVA
T,W10,"Mixed ordinary wastes (subtotal, W101+W102+W103)",Latvia,2006,760355.0,LVA
T,W10,"Mixed ordinary wastes (subtotal, W101+W102+W103)",Latvia,2008,570225.0,LVA
T,W10,"Mixed ordinary wastes (subtotal, W101+W102+W103)",North Macedonia,2008,0.0,
T,W10,"Mixed ordinary wastes (subtotal, W101+W102+W103)",Malta,2004,122905.0,MLT
T,W10,"Mixed ordinary wastes (subtotal, W101+W102+W103)",Malta,2006,120119.0,MLT
T,W10,"Mixed ordinary wastes (subtotal, W101+W102+W103)",Malta,2008,129680.0,MLT
T,W10,"Mixed ordinary wastes (subtotal, W101+W102+W103)",Netherlands,2004,4687539.0,NLD
T,W10,"Mixed ordinary wastes (subtotal, W101+W102+W103)",Netherlands,2006,4749681.0,NLD
T,W10,"Mixed ordinary wastes (subtotal, W101+W102+W103)",Netherlands,2008,4695644.0,NLD
T,W10,"Mixed ordinary wastes (subtotal, W101+W102+W103)",Norway,2004,988173.0,NOR
T,W10,"Mixed ordinary wastes (subtotal, W101+W102+W103)",Norway,2006,1154544.0,NOR
T,W10,"Mixed ordinary wastes (subtotal, W101+W102+W103)",Norway,2008,1038091.0,NOR
T,W10,"Mixed ordinary wastes (subtotal, W101+W102+W103)",Poland,2004,6640830.0,POL
T,W10,"Mixed ordinary wastes (subtotal, W101+W102+W103)",Poland,2006,6683819.0,POL
T,W10,"Mixed ordinary wastes (subtotal, W101+W102+W103)",Poland,2008,6557769.0,POL
T,W10,"Mixed ordinary wastes (subtotal, W101+W102+W103)",Portugal,2004,4368010.0,PRT
T,W10,"Mixed ordinary wastes (subtotal, W101+W102+W103)",Portugal,2006,4641103.0,PRT
T,W10,"Mixed ordinary wastes (subtotal, W101+W102+W103)",Portugal,2008,5077433.0,PRT
T,W10,"Mixed ordinary wastes (subtotal, W101+W102+W103)",Romania,2004,2219666.0,ROU
T,W10,"Mixed ordinary wastes (subtotal, W101+W102+W103)",Romania,2006,4111365.0,ROU
T,W10,"Mixed ordinary wastes (subtotal, W101+W102+W103)",Romania,2008,5531405.0,ROU
T,W10,"Mixed ordinary wastes (subtotal, W101+W102+W103)",Sweden,2004,2258000.0,SWE
T,W10,"Mixed ordinary wastes (subtotal, W101+W102+W103)",Sweden,2006,2327560.0,SWE
T,W10,"Mixed ordinary wastes (subtotal, W101+W102+W103)",Sweden,2008,2433220.0,SWE
T,W10,"Mixed ordinary wastes (subtotal, W101+W102+W103)",Slovenia,2004,558926.0,SVN
T,W10,"Mixed ordinary wastes (subtotal, W101+W102+W103)",Slovenia,2006,563777.0,SVN
T,W10,"Mixed ordinary wastes (subtotal, W101+W102+W103)",Slovenia,2008,577303.0,SVN
T,W10,"Mixed ordinary wastes (subtotal, W101+W102+W103)",Slovakia,2004,0.0,SVK
T,W10,"Mixed ordinary wastes (subtotal, W101+W102+W103)",Slovakia,2006,1437106.0,SVK
T,W10,"Mixed ordinary wastes (subtotal, W101+W102+W103)",Slovakia,2008,1533083.0,SVK
T,W10,"Mixed ordinary wastes (subtotal, W101+W102+W103)",Türkiye,2004,29224710.0,
T,W10,"Mixed ordinary wastes (subtotal, W101+W102+W103)",Türkiye,2006,30081820.0,
T,W10,"Mixed ordinary wastes (subtotal, W101+W102+W103)",Türkiye,2008,25273644.0,
T,W10,"Mixed ordinary wastes (subtotal, W101+W102+W103)",United Kingdom,2004,24461265.0,GBR
T,W10,"Mixed ordinary wastes (subtotal, W101+W102+W103)",United Kingdom,2006,23087586.0,GBR
T,W10,"Mixed ordinary wastes (subtotal, W101+W102+W103)",United Kingdom,2008,21166593.0,GBR
T,W07_08,"weee + batt, no elv",Albania,2010,0.0,
T,W07_08,"weee + batt, no elv",Albania,2012,0.0,
T,W07_08,"weee + batt, no elv",Albania,2014,0.0,
T,W07_08,"weee + batt, no elv",Albania,2016,0.0,
T,W07_08,"weee + batt, no elv",Albania,2018,0.0,
T,W07_08,"weee + batt, no elv",Albania,2020,0.0,
T,W07_08,"weee + batt, no elv",Albania,2022,0.0,
T,W07_08,"weee + batt, no elv",Austria,2004,66878.0,AUT
T,W07_08,"weee + batt, no elv",Austria,2006,128014.0,AUT
T,W07_08,"weee + batt, no elv",Austria,2008,126464.0,AUT
T,W07_08,"weee + batt, no elv",Austria,2010,149186.0,AUT
T,W07_08,"weee + batt, no elv",Austria,2012,161146.0,AUT
T,W07_08,"weee + batt, no elv",Austria,2014,161606.0,AUT
T,W07_08,"weee + batt, no elv",Austria,2016,174230.0,AUT
T,W07_08,"weee + batt, no elv",Austria,2018,239098.0,AUT
T,W07_08,"weee + batt, no elv",Austria,2020,284136.0,AUT
T,W07_08,"weee + batt, no elv",Austria,2022,279926.0,AUT
T,W07_08,"weee + batt, no elv",Bosnia and Herzegovina,2010,0.0,
T,W07_08,"weee + batt, no elv",Bosnia and Herzegovina,2012,0.0,
T,W07_08,"weee + batt, no elv",Bosnia and Herzegovina,2014,0.0,
T,W07_08,"weee + batt, no elv",Bosnia and Herzegovina,2016,0.0,
T,W07_08,"weee + batt, no elv",Bosnia and Herzegovina,2018,0.0,
T,W07_08,"weee + batt, no elv",Bosnia and Herzegovina,2020,0.0,
T,W07_08,"weee + batt, no elv",Bosnia and Herzegovina,2022,68.0,
T,W07_08,"weee + batt, no elv",Belgium,2004,177162.0,BEL
T,W07_08,"weee + batt, no elv",Belgium,2006,157150.0,BEL
T,W07_08,"weee + batt, no elv",Belgium,2008,122437.0,BEL
T,W07_08,"weee + batt, no elv",Belgium,2010,201942.0,BEL
T,W07_08,"weee + batt, no elv",Belgium,2012,199712.0,BEL
T,W07_08,"weee + batt, no elv",Belgium,2014,189498.0,BEL
T,W07_08,"weee + batt, no elv",Belgium,2016,184122.0,BEL
T,W07_08,"weee + batt, no elv",Belgium,2018,173740.0,BEL
T,W07_08,"weee + batt, no elv",Belgium,2020,173386.0,BEL
T,W07_08,"weee + batt, no elv",Belgium,2022,233770.0,BEL
T,W07_08,"weee + batt, no elv",Bulgaria,2004,0.0,BGR
T,W07_08,"weee + batt, no elv",Bulgaria,2006,0.0,BGR
T,W07_08,"weee + batt, no elv",Bulgaria,2008,0.0,BGR
T,W07_08,"weee + batt, no elv",Bulgaria,2010,106378.0,BGR
T,W07_08,"weee + batt, no elv",Bulgaria,2012,86882.0,BGR
T,W07_08,"weee + batt, no elv",Bulgaria,2014,37674.0,BGR
T,W07_08,"weee + batt, no elv",Bulgaria,2016,142040.0,BGR
T,W07_08,"weee + batt, no elv",Bulgaria,2018,224802.0,BGR
T,W07_08,"weee + batt, no elv",Bulgaria,2020,110451.0,BGR
T,W07_08,"weee + batt, no elv",Bulgaria,2022,179494.0,BGR
T,W07_08,"weee + batt, no elv",Cyprus,2004,0.0,CYP
T,W07_08,"weee + batt, no elv",Cyprus,2006,5114.0,CYP
T,W07_08,"weee + batt, no elv",Cyprus,2008,2870.0,CYP
T,W07_08,"weee + batt, no elv",Cyprus,2010,7736.0,CYP
T,W07_08,"weee + batt, no elv",Cyprus,2012,0.0,CYP
T,W07_08,"weee + batt, no elv",Cyprus,2014,0.0,CYP
T,W07_08,"weee + batt, no elv",Cyprus,2016,0.0,CYP
T,W07_08,"weee + batt, no elv",Cyprus,2018,0.0,CYP
T,W07_08,"weee + batt, no elv",Cyprus,2020,212.0,CYP
T,W07_08,"weee + batt, no elv",Cyprus,2022,0.0,CYP
T,W07_08,"weee + batt, no elv",Czechia,2004,31898.0,CZE
T,W07_08,"weee + batt, no elv",Czechia,2006,14188.0,CZE
T,W07_08,"weee + batt, no elv",Czechia,2008,4810.0,CZE
T,W07_08,"weee + batt, no elv",Czechia,2010,3182.0,CZE
T,W07_08,"weee + batt, no elv",Czechia,2012,3424.0,CZE
T,W07_08,"weee + batt, no elv",Czechia,2014,2018.0,CZE
T,W07_08,"weee + batt, no elv",Czechia,2016,814.0,CZE
T,W07_08,"weee + batt, no elv",Czechia,2018,24200.0,CZE
T,W07_08,"weee + batt, no elv",Czechia,2020,19884.0,CZE
T,W07_08,"weee + batt, no elv",Czechia,2022,546.0,CZE
T,W07_08,"weee + batt, no elv",Germany,2004,622836.0,DEU
T,W07_08,"weee + batt, no elv",Germany,2006,573276.0,DEU
T,W07_08,"weee + batt, no elv",Germany,2008,803458.0,DEU
T,W07_08,"weee + batt, no elv",Germany,2010,1049678.0,DEU
T,W07_08,"weee + batt, no elv",Germany,2012,1089098.0,DEU
T,W07_08,"weee + batt, no elv",Germany,2014,1032870.0,DEU
T,W07_08,"weee + batt, no elv",Germany,2016,1103944.0,DEU
T,W07_08,"weee + batt, no elv",Germany,2018,1253816.0,DEU
T,W07_08,"weee + batt, no elv",Germany,2020,1465159.0,DEU
T,W07_08,"weee + batt, no elv",Germany,2022,1285666.0,DEU
T,W07_08,"weee + batt, no elv",Denmark,2004,4516.0,DNK
T,W07_08,"weee + batt, no elv",Denmark,2006,3410.0,DNK
T,W07_08,"weee + batt, no elv",Denmark,2008,28475.0,DNK
T,W07_08,"weee + batt, no elv",Denmark,2010,112892.0,DNK
T,W07_08,"weee + batt, no elv",Denmark,2012,116640.0,DNK
T,W07_08,"weee + batt, no elv",Denmark,2014,146156.0,DNK
T,W07_08,"weee + batt, no elv",Denmark,2016,146720.0,DNK
T,W07_08,"weee + batt, no elv",Denmark,2018,140292.0,DNK
T,W07_08,"weee + batt, no elv",Denmark,2020,178874.0,DNK
T,W07_08,"weee + batt, no elv",Denmark,2022,111834.0,DNK
T,W07_08,"weee + batt, no elv",Estonia,2004,7078.0,EST
T,W07_08,"weee + batt, no elv",Estonia,2006,10960.0,EST
T,W07_08,"weee + batt, no elv",Estonia,2008,11851.0,EST
T,W07_08,"weee + batt, no elv",Estonia,2010,13942.0,EST
T,W07_08,"weee + batt, no elv",Estonia,2012,12326.0,EST
T,W07_08,"weee + batt, no elv",Estonia,2014,12293.0,EST
T,W07_08,"weee + batt, no elv",Estonia,2016,11238.0,EST
T,W07_08,"weee + batt, no elv",Estonia,2018,14496.0,EST
T,W07_08,"weee + batt, no elv",Estonia,2020,17260.0,EST
T,W07_08,"weee + batt, no elv",Estonia,2022,17117.0,EST
T,W07_08,"weee + batt, no elv",Greece,2004,0.0,GRC
T,W07_08,"weee + batt, no elv",Greece,2006,0.0,GRC
T,W07_08,"weee + batt, no elv",Greece,2008,0.0,GRC
T,W07_08,"weee + batt, no elv",Greece,2010,88982.0,GRC
T,W07_08,"weee + batt, no elv",Greece,2012,0.0,GRC
T,W07_08,"weee + batt, no elv",Greece,2014,0.0,GRC
T,W07_08,"weee + batt, no elv",Greece,2016,181694.0,GRC
T,W07_08,"weee + batt, no elv",Greece,2018,2968.0,GRC
T,W07_08,"weee + batt, no elv",Greece,2020,5322.0,GRC
T,W07_08,"weee + batt, no elv",Greece,2022,6374.0,GRC
T,W07_08,"weee + batt, no elv",Spain,2004,292590.0,ESP
T,W07_08,"weee + batt, no elv",Spain,2006,176150.0,ESP
T,W07_08,"weee + batt, no elv",Spain,2008,213982.0,ESP
T,W07_08,"weee + batt, no elv",Spain,2010,200694.0,ESP
T,W07_08,"weee + batt, no elv",Spain,2012,104692.0,ESP
T,W07_08,"weee + batt, no elv",Spain,2014,147082.0,ESP
T,W07_08,"weee + batt, no elv",Spain,2016,95976.0,ESP
T,W07_08,"weee + batt, no elv",Spain,2018,121246.0,ESP
T,W07_08,"weee + batt, no elv",Spain,2020,359677.0,ESP
T,W07_08,"weee + batt, no elv",Spain,2022,418671.0,ESP
T,W07_08,"weee + batt, no elv",European Union - 27 countries (from 2020),2004,1820000.0,EU27_2020
T,W07_08,"weee + batt, no elv",European Union - 27 countries (from 2020),2006,1950000.0,EU27_2020
T,W07_08,"weee + batt, no elv",European Union - 27 countries (from 2020),2008,2600000.0,EU27_2020
T,W07_08,"weee + batt, no elv",European Union - 27 countries (from 2020),2010,2010000.0,EU27_2020
T,W07_08,"weee + batt, no elv",European Union - 27 countries (from 2020),2012,1030000.0,EU27_2020
T,W07_08,"weee + batt, no elv",European Union - 27 countries (from 2020),2014,0.0,EU27_2020
T,W07_08,"weee + batt, no elv",European Union - 27 countries (from 2020),2016,4110000.0,EU27_2020
T,W07_08,"weee + batt, no elv",European Union - 27 countries (from 2020),2018,5090000.0,EU27_2020
T,W07_08,"weee + batt, no elv",European Union - 27 countries (from 2020),2020,5290000.0,EU27_2020
T,W07_08,"weee + batt, no elv",European Union - 27 countries (from 2020),2022,5580000.0,EU27_2020
T,W07_08,"weee + batt, no elv",European Union - 28 countries (2013-2020),2004,3060000.0,
T,W07_08,"weee + batt, no elv",European Union - 28 countries (2013-2020),2006,2050000.0,
T,W07_08,"weee + batt, no elv",European Union - 28 countries (2013-2020),2008,3510000.0,
T,W07_08,"weee + batt, no elv",European Union - 28 countries (2013-2020),2010,2370000.0,
T,W07_08,"weee + batt, no elv",European Union - 28 countries (2013-2020),2012,3530000.0,
T,W07_08,"weee + batt, no elv",European Union - 28 countries (2013-2020),2014,2970000.0,
T,W07_08,"weee + batt, no elv",European Union - 28 countries (2013-2020),2016,4840000.0,
T,W07_08,"weee + batt, no elv",European Union - 28 countries (2013-2020),2018,5750000.0,
T,W07_08,"weee + batt, no elv",Finland,2004,17058.0,FIN
T,W07_08,"weee + batt, no elv",Finland,2006,41044.0,FIN
T,W07_08,"weee + batt, no elv",Finland,2008,71710.0,FIN
T,W07_08,"weee + batt, no elv",Finland,2010,107600.0,FIN
T,W07_08,"weee + batt, no elv",Finland,2012,123760.0,FIN
T,W07_08,"weee + batt, no elv",Finland,2014,66498.0,FIN
T,W07_08,"weee + batt, no elv",Finland,2016,79952.0,FIN
T,W07_08,"weee + batt, no elv",Finland,2018,79334.0,FIN
T,W07_08,"weee + batt, no elv",Finland,2020,108050.0,FIN
T,W07_08,"weee + batt, no elv",Finland,2022,77348.0,FIN
T,W07_08,"weee + batt, no elv",France,2004,18000.0,FRA
T,W07_08,"weee + batt, no elv",France,2006,73600.0,FRA
T,W07_08,"weee + batt, no elv",France,2008,189820.0,FRA
T,W07_08,"weee + batt, no elv",France,2010,456748.0,FRA
T,W07_08,"weee + batt, no elv",France,2012,445162.0,FRA
T,W07_08,"weee + batt, no elv",France,2014,463502.0,FRA
T,W07_08,"weee + batt, no elv",France,2016,539846.0,FRA
T,W07_08,"weee + batt, no elv",France,2018,609624.0,FRA
T,W07_08,"weee + batt, no elv",France,2020,649360.0,FRA
T,W07_08,"weee + batt, no elv",France,2022,705928.0,FRA
T,W07_08,"weee + batt, no elv",Croatia,2004,0.0,HRV
T,W07_08,"weee + batt, no elv",Croatia,2006,2832.0,HRV
T,W07_08,"weee + batt, no elv",Croatia,2008,0.0,HRV
T,W07_08,"weee + batt, no elv",Croatia,2010,0.0,HRV
T,W07_08,"weee + batt, no elv",Croatia,2012,21458.0,HRV
T,W07_08,"weee + batt, no elv",Croatia,2014,23806.0,HRV
T,W07_08,"weee + batt, no elv",Croatia,2016,50926.0,HRV
T,W07_08,"weee + batt, no elv",Croatia,2018,81918.0,HRV
T,W07_08,"weee + batt, no elv",Croatia,2020,73773.0,HRV
T,W07_08,"weee + batt, no elv",Croatia,2022,61614.0,HRV
T,W07_08,"weee + batt, no elv",Hungary,2004,0.0,HUN
T,W07_08,"weee + batt, no elv",Hungary,2006,0.0,HUN
T,W07_08,"weee + batt, no elv",Hungary,2008,41091.0,HUN
T,W07_08,"weee + batt, no elv",Hungary,2010,17040.0,HUN
T,W07_08,"weee + batt, no elv",Hungary,2012,36824.0,HUN
T,W07_08,"weee + batt, no elv",Hungary,2014,45514.0,HUN
T,W07_08,"weee + batt, no elv",Hungary,2016,16576.0,HUN
T,W07_08,"weee + batt, no elv",Hungary,2018,15970.0,HUN
T,W07_08,"weee + batt, no elv",Hungary,2020,109336.0,HUN
T,W07_08,"weee + batt, no elv",Hungary,2022,118594.0,HUN
T,W07_08,"weee + batt, no elv",Ireland,2004,31788.0,IRL
T,W07_08,"weee + batt, no elv",Ireland,2006,1204.0,IRL
T,W07_08,"weee + batt, no elv",Ireland,2010,74798.0,IRL
T,W07_08,"weee + batt, no elv",Ireland,2012,69158.0,IRL
T,W07_08,"weee + batt, no elv",Ireland,2014,76478.0,IRL
T,W07_08,"weee + batt, no elv",Ireland,2016,92234.0,IRL
T,W07_08,"weee + batt, no elv",Ireland,2018,91752.0,IRL
T,W07_08,"weee + batt, no elv",Ireland,2020,101452.0,IRL
T,W07_08,"weee + batt, no elv",Ireland,2022,91222.0,IRL
T,W07_08,"weee + batt, no elv",Iceland,2004,1074.0,ISL
T,W07_08,"weee + batt, no elv",Iceland,2010,930.0,ISL
T,W07_08,"weee + batt, no elv",Iceland,2012,952.0,ISL
T,W07_08,"weee + batt, no elv",Iceland,2014,2552.0,ISL
T,W07_08,"weee + batt, no elv",Iceland,2016,2964.0,ISL
T,W07_08,"weee + batt, no elv",Iceland,2018,3714.0,ISL
T,W07_08,"weee + batt, no elv",Iceland,2020,3646.0,ISL
T,W07_08,"weee + batt, no elv",Iceland,2022,200.0,ISL
T,W07_08,"weee + batt, no elv",Italy,2004,170794.0,ITA
T,W07_08,"weee + batt, no elv",Italy,2006,252536.0,ITA
T,W07_08,"weee + batt, no elv",Italy,2008,343396.0,ITA
T,W07_08,"weee + batt, no elv",Italy,2010,538748.0,ITA
T,W07_08,"weee + batt, no elv",Italy,2012,465478.0,ITA
T,W07_08,"weee + batt, no elv",Italy,2014,448370.0,ITA
T,W07_08,"weee + batt, no elv",Italy,2016,487582.0,ITA
T,W07_08,"weee + batt, no elv",Italy,2018,529432.0,ITA
T,W07_08,"weee + batt, no elv",Italy,2020,589772.0,ITA
T,W07_08,"weee + batt, no elv",Italy,2022,563038.0,ITA
T,W07_08,"weee + batt, no elv",Liechtenstein,2008,0.0,
T,W07_08,"weee + batt, no elv",Liechtenstein,2010,0.0,
T,W07_08,"weee + batt, no elv",Liechtenstein,2012,340.0,
T,W07_08,"weee + batt, no elv",Liechtenstein,2014,428.0,
T,W07_08,"weee + batt, no elv",Liechtenstein,2016,980.0,
T,W07_08,"weee + batt, no elv",Liechtenstein,2018,1176.0,
T,W07_08,"weee + batt, no elv",Liechtenstein,2020,1450.0,
T,W07_08,"weee + batt, no elv",Liechtenstein,2022,1256.0,
T,W07_08,"weee + batt, no elv",Lithuania,2004,90.0,LTU
T,W07_08,"weee + batt, no elv",Lithuania,2006,5814.0,LTU
T,W07_08,"weee + batt, no elv",Lithuania,2008,26791.0,LTU
T,W07_08,"weee + batt, no elv",Lithuania,2010,34282.0,LTU
T,W07_08,"weee + batt, no elv",Lithuania,2012,52514.0,LTU
T,W07_08,"weee + batt, no elv",Lithuania,2014,66428.0,LTU
T,W07_08,"weee + batt, no elv",Lithuania,2016,43270.0,LTU
T,W07_08,"weee + batt, no elv",Lithuania,2018,38375.0,LTU
T,W07_08,"weee + batt, no elv",Lithuania,2020,43244.0,LTU
T,W07_08,"weee + batt, no elv",Lithuania,2022,57509.0,LTU
T,W07_08,"weee + batt, no elv",Luxembourg,2004,262.0,LUX
T,W07_08,"weee + batt, no elv",Luxembourg,2006,222.0,LUX
T,W07_08,"weee + batt, no elv",Luxembourg,2008,6188.0,LUX
T,W07_08,"weee + batt, no elv",Luxembourg,2010,984.0,LUX
T,W07_08,"weee + batt, no elv",Luxembourg,2012,464.0,LUX
T,W07_08,"weee + batt, no elv",Luxembourg,2014,274.0,LUX
T,W07_08,"weee + batt, no elv",Luxembourg,2016,1530.0,LUX
T,W07_08,"weee + batt, no elv",Luxembourg,2018,2556.0,LUX
T,W07_08,"weee + batt, no elv",Luxembourg,2020,2656.0,LUX
T,W07_08,"weee + batt, no elv",Luxembourg,2022,2174.0,LUX
T,W07_08,"weee + batt, no elv",Latvia,2004,0.0,LVA
T,W07_08,"weee + batt, no elv",Latvia,2006,9202.0,LVA
T,W07_08,"weee + batt, no elv",Latvia,2008,17908.0,LVA
T,W07_08,"weee + batt, no elv",Latvia,2010,29198.0,LVA
T,W07_08,"weee + batt, no elv",Latvia,2012,18681.0,LVA
T,W07_08,"weee + batt, no elv",Latvia,2014,30504.0,LVA
T,W07_08,"weee + batt, no elv",Latvia,2016,21062.0,LVA
T,W07_08,"weee + batt, no elv",Latvia,2018,28362.0,LVA
T,W07_08,"weee + batt, no elv",Latvia,2020,6626.0,LVA
T,W07_08,"weee + batt, no elv",Latvia,2022,23046.0,LVA
T,W07_08,"weee + batt, no elv",Montenegro,2010,0.0,
T,W07_08,"weee + batt, no elv",Montenegro,2012,32.0,
T,W07_08,"weee + batt, no elv",Montenegro,2014,12.0,
T,W07_08,"weee + batt, no elv",Montenegro,2016,22.0,
T,W07_08,"weee + batt, no elv",Montenegro,2018,14.0,
T,W07_08,"weee + batt, no elv",Montenegro,2020,70.0,
T,W07_08,"weee + batt, no elv",Montenegro,2022,26.0,
T,W07_08,"weee + batt, no elv",North Macedonia,2008,0.0,
T,W07_08,"weee + batt, no elv",North Macedonia,2010,0.0,
T,W07_08,"weee + batt, no elv",North Macedonia,2012,0.0,
T,W07_08,"weee + batt, no elv",North Macedonia,2014,0.0,
T,W07_08,"weee + batt, no elv",North Macedonia,2016,0.0,
T,W07_08,"weee + batt, no elv",North Macedonia,2018,0.0,
T,W07_08,"weee + batt, no elv",North Macedonia,2020,0.0,
T,W07_08,"weee + batt, no elv",North Macedonia,2022,0.0,
T,W07_08,"weee + batt, no elv",Malta,2004,0.0,MLT
T,W07_08,"weee + batt, no elv",Malta,2006,0.0,MLT
T,W07_08,"weee + batt, no elv",Malta,2008,882.0,MLT
T,W07_08,"weee + batt, no elv",Malta,2010,4524.0,MLT
T,W07_08,"weee + batt, no elv",Malta,2012,4033.0,MLT
T,W07_08,"weee + batt, no elv",Malta,2014,4954.0,MLT
T,W07_08,"weee + batt, no elv",Malta,2016,5282.0,MLT
T,W07_08,"weee + batt, no elv",Malta,2018,7630.0,MLT
T,W07_08,"weee + batt, no elv",Malta,2020,5986.0,MLT
T,W07_08,"weee + batt, no elv",Malta,2022,6870.0,MLT
T,W07_08,"weee + batt, no elv",Netherlands,2004,189018.0,NLD
T,W07_08,"weee + batt, no elv",Netherlands,2006,191116.0,NLD
T,W07_08,"weee + batt, no elv",Netherlands,2008,204080.0,NLD
T,W07_08,"weee + batt, no elv",Netherlands,2010,248824.0,NLD
T,W07_08,"weee + batt, no elv",Netherlands,2012,0.0,NLD
T,W07_08,"weee + batt, no elv",Netherlands,2014,0.0,NLD
T,W07_08,"weee + batt, no elv",Netherlands,2016,298840.0,NLD
T,W07_08,"weee + batt, no elv",Netherlands,2018,356240.0,NLD
T,W07_08,"weee + batt, no elv",Netherlands,2020,427202.0,NLD
T,W07_08,"weee + batt, no elv",Netherlands,2022,427184.0,NLD
T,W07_08,"weee + batt, no elv",Norway,2004,195474.0,NOR
T,W07_08,"weee + batt, no elv",Norway,2006,92280.0,NOR
T,W07_08,"weee + batt, no elv",Norway,2008,103020.0,NOR
T,W07_08,"weee + batt, no elv",Norway,2010,87050.0,NOR
T,W07_08,"weee + batt, no elv",Norway,2012,86736.0,NOR
T,W07_08,"weee + batt, no elv",Norway,2014,99948.0,NOR
T,W07_08,"weee + batt, no elv",Norway,2016,103148.0,NOR
T,W07_08,"weee + batt, no elv",Norway,2018,115582.0,NOR
T,W07_08,"weee + batt, no elv",Norway,2020,123406.0,NOR
T,W07_08,"weee + batt, no elv",Norway,2022,106942.0,NOR
T,W07_08,"weee + batt, no elv",Poland,2004,84.0,POL
T,W07_08,"weee + batt, no elv",Poland,2006,944.0,POL
T,W07_08,"weee + batt, no elv",Poland,2008,24420.0,POL
T,W07_08,"weee + batt, no elv",Poland,2010,22884.0,POL
T,W07_08,"weee + batt, no elv",Poland,2012,40640.0,POL
T,W07_08,"weee + batt, no elv",Poland,2014,50366.0,POL
T,W07_08,"weee + batt, no elv",Poland,2016,0.0,POL
T,W07_08,"weee + batt, no elv",Poland,2018,604176.0,POL
T,W07_08,"weee + batt, no elv",Poland,2020,51152.0,POL
T,W07_08,"weee + batt, no elv",Poland,2022,211144.0,POL
T,W07_08,"weee + batt, no elv",Portugal,2004,68.0,PRT
T,W07_08,"weee + batt, no elv",Portugal,2006,0.0,PRT
T,W07_08,"weee + batt, no elv",Portugal,2008,13532.0,PRT
T,W07_08,"weee + batt, no elv",Portugal,2010,9250.0,PRT
T,W07_08,"weee + batt, no elv",Portugal,2012,7008.0,PRT
T,W07_08,"weee + batt, no elv",Portugal,2014,4720.0,PRT
T,W07_08,"weee + batt, no elv",Portugal,2016,8370.0,PRT
T,W07_08,"weee + batt, no elv",Portugal,2018,13892.0,PRT
T,W07_08,"weee + batt, no elv",Portugal,2020,14414.0,PRT
T,W07_08,"weee + batt, no elv",Portugal,2022,13066.0,PRT
T,W07_08,"weee + batt, no elv",Romania,2004,0.0,ROU
T,W07_08,"weee + batt, no elv",Romania,2006,522.0,ROU
T,W07_08,"weee + batt, no elv",Romania,2008,35968.0,ROU
T,W07_08,"weee + batt, no elv",Romania,2010,46474.0,ROU
T,W07_08,"weee + batt, no elv",Romania,2012,41560.0,ROU
T,W07_08,"weee + batt, no elv",Romania,2014,59706.0,ROU
T,W07_08,"weee + batt, no elv",Romania,2016,83182.0,ROU
T,W07_08,"weee + batt, no elv",Romania,2018,111710.0,ROU
T,W07_08,"weee + batt, no elv",Romania,2020,105490.0,ROU
T,W07_08,"weee + batt, no elv",Romania,2022,276592.0,ROU
T,W07_08,"weee + batt, no elv",Serbia,2010,0.0,
T,W07_08,"weee + batt, no elv",Serbia,2012,0.0,
T,W07_08,"weee + batt, no elv",Serbia,2014,18406.0,
T,W07_08,"weee + batt, no elv",Serbia,2016,2.0,
T,W07_08,"weee + batt, no elv",Serbia,2018,0.0,
T,W07_08,"weee + batt, no elv",Serbia,2020,117260.0,
T,W07_08,"weee + batt, no elv",Serbia,2022,55624.0,
T,W07_08,"weee + batt, no elv",Sweden,2004,187808.0,SWE
T,W07_08,"weee + batt, no elv",Sweden,2006,294586.0,SWE
T,W07_08,"weee + batt, no elv",Sweden,2008,298128.0,SWE
T,W07_08,"weee + batt, no elv",Sweden,2010,298228.0,SWE
T,W07_08,"weee + batt, no elv",Sweden,2012,293096.0,SWE
T,W07_08,"weee + batt, no elv",Sweden,2014,287884.0,SWE
T,W07_08,"weee + batt, no elv",Sweden,2016,292450.0,SWE
T,W07_08,"weee + batt, no elv",Sweden,2018,261180.0,SWE
T,W07_08,"weee + batt, no elv",Sweden,2020,307464.0,SWE
T,W07_08,"weee + batt, no elv",Sweden,2022,3106.0,SWE
T,W07_08,"weee + batt, no elv",Slovenia,2004,4884.0,SVN
T,W07_08,"weee + batt, no elv",Slovenia,2006,3552.0,SVN
T,W07_08,"weee + batt, no elv",Slovenia,2008,6884.0,SVN
T,W07_08,"weee + batt, no elv",Slovenia,2010,9218.0,SVN
T,W07_08,"weee + batt, no elv",Slovenia,2012,10212.0,SVN
T,W07_08,"weee + batt, no elv",Slovenia,2014,9168.0,SVN
T,W07_08,"weee + batt, no elv",Slovenia,2016,14772.0,SVN
T,W07_08,"weee + batt, no elv",Slovenia,2018,18767.0,SVN
T,W07_08,"weee + batt, no elv",Slovenia,2020,21059.0,SVN
T,W07_08,"weee + batt, no elv",Slovenia,2022,22436.0,SVN
T,W07_08,"weee + batt, no elv",Slovakia,2004,0.0,SVK
T,W07_08,"weee + batt, no elv",Slovakia,2006,8088.0,SVK
T,W07_08,"weee + batt, no elv",Slovakia,2008,13562.0,SVK
T,W07_08,"weee + batt, no elv",Slovakia,2010,14508.0,SVK
T,W07_08,"weee + batt, no elv",Slovakia,2012,16384.0,SVK
T,W07_08,"weee + batt, no elv",Slovakia,2014,16018.0,SVK
T,W07_08,"weee + batt, no elv",Slovakia,2016,24036.0,SVK
T,W07_08,"weee + batt, no elv",Slovakia,2018,45686.0,SVK
T,W07_08,"weee + batt, no elv",Slovakia,2020,62824.0,SVK
T,W07_08,"weee + batt, no elv",Slovakia,2022,61082.0,SVK
T,W07_08,"weee + batt, no elv",Türkiye,2004,0.0,
T,W07_08,"weee + batt, no elv",Türkiye,2006,0.0,
T,W07_08,"weee + batt, no elv",Türkiye,2008,338.0,
T,W07_08,"weee + batt, no elv",Türkiye,2010,10.0,
T,W07_08,"weee + batt, no elv",Türkiye,2012,3334.0,
T,W07_08,"weee + batt, no elv",Türkiye,2014,8.0,
T,W07_08,"weee + batt, no elv",Türkiye,2016,0.0,
T,W07_08,"weee + batt, no elv",Türkiye,2018,0.0,
T,W07_08,"weee + batt, no elv",Türkiye,2020,0.0,
T,W07_08,"weee + batt, no elv",Türkiye,2022,0.0,
T,W07_08,"weee + batt, no elv",United Kingdom,2004,1246406.0,GBR
T,W07_08,"weee + batt, no elv",United Kingdom,2006,103308.0,GBR
T,W07_08,"weee + batt, no elv",United Kingdom,2008,906658.0,GBR
T,W07_08,"weee + batt, no elv",United Kingdom,2010,711054.0,GBR
T,W07_08,"weee + batt, no elv",United Kingdom,2012,649882.0,GBR
T,W07_08,"weee + batt, no elv",United Kingdom,2014,643980.0,GBR
T,W07_08,"weee + batt, no elv",United Kingdom,2016,734090.0,GBR
T,W07_08,"weee + batt, no elv",United Kingdom,2018,654723.0,GBR
T,W07_08,"weee + batt, no elv",United Kingdom,2020,0.0,GBR
T,W07_08,"weee + batt, no elv",Kosovo*,2010,0.0,
T,W07_08,"weee + batt, no elv",Kosovo*,2012,0.0,
T,W07_08,"weee + batt, no elv",Kosovo*,2014,0.0,
T,W07_08,"weee + batt, no elv",Kosovo*,2016,0.0,
T,W07_08,"weee + batt, no elv",Kosovo*,2018,0.0,
T,W07_08,"weee + batt, no elv",Kosovo*,2020,0.0,
T,W07_08,"weee + batt, no elv",Kosovo*,2022,0.0,
T,W073_076,Textile + rubber,Albania,2010,0.0,
T,W073_076,Textile + rubber,Albania,2012,0.0,
T,W073_076,Textile + rubber,Albania,2014,0.0,
T,W073_076,Textile + rubber,Albania,2016,0.0,
T,W073_076,Textile + rubber,Albania,2018,0.0,
T,W073_076,Textile + rubber,Albania,2020,0.0,
T,W073_076,Textile + rubber,Albania,2022,0.0,
T,W073_076,Textile + rubber,Austria,2004,46000.0,AUT
T,W073_076,Textile + rubber,Austria,2006,44400.0,AUT
T,W073_076,Textile + rubber,Austria,2008,54496.0,AUT
T,W073_076,Textile + rubber,Austria,2010,58904.0,AUT
T,W073_076,Textile + rubber,Austria,2012,54852.0,AUT
T,W073_076,Textile + rubber,Austria,2014,62656.0,AUT
T,W073_076,Textile + rubber,Austria,2016,76252.0,AUT
T,W073_076,Textile + rubber,Austria,2018,77352.0,AUT
T,W073_076,Textile + rubber,Austria,2020,76660.0,AUT
T,W073_076,Textile + rubber,Austria,2022,73178.0,AUT
T,W073_076,Textile + rubber,Bosnia and Herzegovina,2010,0.0,
T,W073_076,Textile + rubber,Bosnia and Herzegovina,2012,0.0,
T,W073_076,Textile + rubber,Bosnia and Herzegovina,2014,0.0,
T,W073_076,Textile + rubber,Bosnia and Herzegovina,2016,0.0,
T,W073_076,Textile + rubber,Bosnia and Herzegovina,2018,0.0,
T,W073_076,Textile + rubber,Bosnia and Herzegovina,2020,4818.0,
T,W073_076,Textile + rubber,Bosnia and Herzegovina,2022,4834.0,
T,W073_076,Textile + rubber,Belgium,2004,22588.0,BEL
T,W073_076,Textile + rubber,Belgium,2006,185724.0,BEL
T,W073_076,Textile + rubber,Belgium,2008,138926.0,BEL
T,W073_076,Textile + rubber,Belgium,2010,166866.0,BEL
T,W073_076,Textile + rubber,Belgium,2012,166440.0,BEL
T,W073_076,Textile + rubber,Belgium,2014,159614.0,BEL
T,W073_076,Textile + rubber,Belgium,2016,164650.0,BEL
T,W073_076,Textile + rubber,Belgium,2018,173682.0,BEL
T,W073_076,Textile + rubber,Belgium,2020,179486.0,BEL
T,W073_076,Textile + rubber,Belgium,2022,161042.0,BEL
T,W073_076,Textile + rubber,Bulgaria,2004,0.0,BGR
T,W073_076,Textile + rubber,Bulgaria,2006,0.0,BGR
T,W073_076,Textile + rubber,Bulgaria,2008,0.0,BGR
T,W073_076,Textile + rubber,Bulgaria,2010,18894.0,BGR
T,W073_076,Textile + rubber,Bulgaria,2012,38326.0,BGR
T,W073_076,Textile + rubber,Bulgaria,2014,2434.0,BGR
T,W073_076,Textile + rubber,Bulgaria,2016,65120.0,BGR
T,W073_076,Textile + rubber,Bulgaria,2018,3178.0,BGR
T,W073_076,Textile + rubber,Bulgaria,2020,1474.0,BGR
T,W073_076,Textile + rubber,Bulgaria,2022,24674.0,BGR
T,W073_076,Textile + rubber,Cyprus,2004,49226.0,CYP
T,W073_076,Textile + rubber,Cyprus,2006,54628.0,CYP
T,W073_076,Textile + rubber,Cyprus,2008,92132.0,CYP
T,W073_076,Textile + rubber,Cyprus,2010,71452.0,CYP
T,W073_076,Textile + rubber,Cyprus,2012,2220.0,CYP
T,W073_076,Textile + rubber,Cyprus,2014,2600.0,CYP
T,W073_076,Textile + rubber,Cyprus,2016,4084.0,CYP
T,W073_076,Textile + rubber,Cyprus,2018,5054.0,CYP
T,W073_076,Textile + rubber,Cyprus,2020,5480.0,CYP
T,W073_076,Textile + rubber,Cyprus,2022,5612.0,CYP
T,W073_076,Textile + rubber,Czechia,2004,12572.0,CZE
T,W073_076,Textile + rubber,Czechia,2006,13666.0,CZE
T,W073_076,Textile + rubber,Czechia,2008,4512.0,CZE
T,W073_076,Textile + rubber,Czechia,2010,5822.0,CZE
T,W073_076,Textile + rubber,Czechia,2012,9548.0,CZE
T,W073_076,Textile + rubber,Czechia,2014,16524.0,CZE
T,W073_076,Textile + rubber,Czechia,2016,24330.0,CZE
T,W073_076,Textile + rubber,Czechia,2018,73800.0,CZE
T,W073_076,Textile + rubber,Czechia,2020,75888.0,CZE
T,W073_076,Textile + rubber,Czechia,2022,79314.0,CZE
T,W073_076,Textile + rubber,Germany,2004,164868.0,DEU
T,W073_076,Textile + rubber,Germany,2006,95992.0,DEU
T,W073_076,Textile + rubber,Germany,2008,165828.0,DEU
T,W073_076,Textile + rubber,Germany,2010,161466.0,DEU
T,W073_076,Textile + rubber,Germany,2012,199910.0,DEU
T,W073_076,Textile + rubber,Germany,2014,228460.0,DEU
T,W073_076,Textile + rubber,Germany,2016,283334.0,DEU
T,W073_076,Textile + rubber,Germany,2018,281892.0,DEU
T,W073_076,Textile + rubber,Germany,2020,247550.0,DEU
T,W073_076,Textile + rubber,Germany,2022,297794.0,DEU
T,W073_076,Textile + rubber,Denmark,2004,1094.0,DNK
T,W073_076,Textile + rubber,Denmark,2006,290.0,DNK
T,W073_076,Textile + rubber,Denmark,2008,234.0,DNK
T,W073_076,Textile + rubber,Denmark,2010,3796.0,DNK
T,W073_076,Textile + rubber,Denmark,2012,15506.0,DNK
T,W073_076,Textile + rubber,Denmark,2014,12662.0,DNK
T,W073_076,Textile + rubber,Denmark,2016,18610.0,DNK
T,W073_076,Textile + rubber,Denmark,2018,24716.0,DNK
T,W073_076,Textile + rubber,Denmark,2020,28800.0,DNK
T,W073_076,Textile + rubber,Denmark,2022,30976.0,DNK
T,W073_076,Textile + rubber,Estonia,2004,388.0,EST
T,W073_076,Textile + rubber,Estonia,2006,10464.0,EST
T,W073_076,Textile + rubber,Estonia,2008,5576.0,EST
T,W073_076,Textile + rubber,Estonia,2010,4326.0,EST
T,W073_076,Textile + rubber,Estonia,2012,4182.0,EST
T,W073_076,Textile + rubber,Estonia,2014,5002.0,EST
T,W073_076,Textile + rubber,Estonia,2016,4176.0,EST
T,W073_076,Textile + rubber,Estonia,2018,4842.0,EST
T,W073_076,Textile + rubber,Estonia,2020,7090.0,EST
T,W073_076,Textile + rubber,Estonia,2022,6984.0,EST
T,W073_076,Textile + rubber,Greece,2004,0.0,GRC
T,W073_076,Textile + rubber,Greece,2006,0.0,GRC
T,W073_076,Textile + rubber,Greece,2008,0.0,GRC
T,W073_076,Textile + rubber,Greece,2010,0.0,GRC
T,W073_076,Textile + rubber,Greece,2012,0.0,GRC
T,W073_076,Textile + rubber,Greece,2014,0.0,GRC
T,W073_076,Textile + rubber,Greece,2016,0.0,GRC
T,W073_076,Textile + rubber,Greece,2018,3848.0,GRC
T,W073_076,Textile + rubber,Greece,2020,3988.0,GRC
T,W073_076,Textile + rubber,Greece,2022,7526.0,GRC
T,W073_076,Textile + rubber,Spain,2004,63160.0,ESP
T,W073_076,Textile + rubber,Spain,2006,31494.0,ESP
T,W073_076,Textile + rubber,Spain,2008,24912.0,ESP
T,W073_076,Textile + rubber,Spain,2010,19778.0,ESP
T,W073_076,Textile + rubber,Spain,2012,42004.0,ESP
T,W073_076,Textile + rubber,Spain,2014,85014.0,ESP
T,W073_076,Textile + rubber,Spain,2016,69232.0,ESP
T,W073_076,Textile + rubber,Spain,2018,80688.0,ESP
T,W073_076,Textile + rubber,Spain,2020,71646.0,ESP
T,W073_076,Textile + rubber,Spain,2022,95262.0,ESP
T,W073_076,Textile + rubber,European Union - 27 countries (from 2020),2004,1580000.0,EU27_2020
T,W073_076,Textile + rubber,European Union - 27 countries (from 2020),2006,1700000.0,EU27_2020
T,W073_076,Textile + rubber,European Union - 27 countries (from 2020),2008,1180000.0,EU27_2020
T,W073_076,Textile + rubber,European Union - 27 countries (from 2020),2010,590000.0,EU27_2020
T,W073_076,Textile + rubber,European Union - 27 countries (from 2020),2012,0.0,EU27_2020
T,W073_076,Textile + rubber,European Union - 27 countries (from 2020),2014,0.0,EU27_2020
T,W073_076,Textile + rubber,European Union - 27 countries (from 2020),2016,1630000.0,EU27_2020
T,W073_076,Textile + rubber,European Union - 27 countries (from 2020),2018,1820000.0,EU27_2020
T,W073_076,Textile + rubber,European Union - 27 countries (from 2020),2020,1980000.0,EU27_2020
T,W073_076,Textile + rubber,European Union - 27 countries (from 2020),2022,2380000.0,EU27_2020
T,W073_076,Textile + rubber,European Union - 28 countries (2013-2020),2004,1740000.0,
T,W073_076,Textile + rubber,European Union - 28 countries (2013-2020),2006,1900000.0,
T,W073_076,Textile + rubber,European Union - 28 countries (2013-2020),2008,1500000.0,
T,W073_076,Textile + rubber,European Union - 28 countries (2013-2020),2010,750000.0,
T,W073_076,Textile + rubber,European Union - 28 countries (2013-2020),2012,870000.0,
T,W073_076,Textile + rubber,European Union - 28 countries (2013-2020),2014,1730000.0,
T,W073_076,Textile + rubber,European Union - 28 countries (2013-2020),2016,2140000.0,
T,W073_076,Textile + rubber,European Union - 28 countries (2013-2020),2018,2160000.0,
T,W073_076,Textile + rubber,Finland,2004,0.0,FIN
T,W073_076,Textile + rubber,Finland,2006,12.0,FIN
T,W073_076,Textile + rubber,Finland,2008,0.0,FIN
T,W073_076,Textile + rubber,Finland,2010,0.0,FIN
T,W073_076,Textile + rubber,Finland,2012,0.0,FIN
T,W073_076,Textile + rubber,Finland,2014,0.0,FIN
T,W073_076,Textile + rubber,Finland,2016,0.0,FIN
T,W073_076,Textile + rubber,Finland,2018,438.0,FIN
T,W073_076,Textile + rubber,Finland,2020,580.0,FIN
T,W073_076,Textile + rubber,Finland,2022,384.0,FIN
T,W073_076,Textile + rubber,France,2004,28000.0,FRA
T,W073_076,Textile + rubber,France,2006,25400.0,FRA
T,W073_076,Textile + rubber,France,2008,21460.0,FRA
T,W073_076,Textile + rubber,France,2010,20116.0,FRA
T,W073_076,Textile + rubber,France,2012,250936.0,FRA
T,W073_076,Textile + rubber,France,2014,289026.0,FRA
T,W073_076,Textile + rubber,France,2016,365966.0,FRA
T,W073_076,Textile + rubber,France,2018,329180.0,FRA
T,W073_076,Textile + rubber,France,2020,450128.0,FRA
T,W073_076,Textile + rubber,France,2022,553018.0,FRA
T,W073_076,Textile + rubber,Croatia,2004,0.0,HRV
T,W073_076,Textile + rubber,Croatia,2006,0.0,HRV
T,W073_076,Textile + rubber,Croatia,2008,0.0,HRV
T,W073_076,Textile + rubber,Croatia,2010,0.0,HRV
T,W073_076,Textile + rubber,Croatia,2012,44.0,HRV
T,W073_076,Textile + rubber,Croatia,2014,382.0,HRV
T,W073_076,Textile + rubber,Croatia,2016,3190.0,HRV
T,W073_076,Textile + rubber,Croatia,2018,7068.0,HRV
T,W073_076,Textile + rubber,Croatia,2020,9636.0,HRV
T,W073_076,Textile + rubber,Croatia,2022,10950.0,HRV
T,W073_076,Textile + rubber,Hungary,2004,7100.0,HUN
T,W073_076,Textile + rubber,Hungary,2006,3862.0,HUN
T,W073_076,Textile + rubber,Hungary,2008,45052.0,HUN
T,W073_076,Textile + rubber,Hungary,2010,32368.0,HUN
T,W073_076,Textile + rubber,Hungary,2012,5026.0,HUN
T,W073_076,Textile + rubber,Hungary,2014,554.0,HUN
T,W073_076,Textile + rubber,Hungary,2016,11786.0,HUN
T,W073_076,Textile + rubber,Hungary,2018,9860.0,HUN
T,W073_076,Textile + rubber,Hungary,2020,16542.0,HUN
T,W073_076,Textile + rubber,Hungary,2022,58006.0,HUN
T,W073_076,Textile + rubber,Ireland,2004,275660.0,IRL
T,W073_076,Textile + rubber,Ireland,2006,322156.0,IRL
T,W073_076,Textile + rubber,Ireland,2010,228.0,IRL
T,W073_076,Textile + rubber,Ireland,2012,482.0,IRL
T,W073_076,Textile + rubber,Ireland,2014,1032.0,IRL
T,W073_076,Textile + rubber,Ireland,2016,1478.0,IRL
T,W073_076,Textile + rubber,Ireland,2018,1532.0,IRL
T,W073_076,Textile + rubber,Ireland,2020,3240.0,IRL
T,W073_076,Textile + rubber,Ireland,2022,2364.0,IRL
T,W073_076,Textile + rubber,Iceland,2004,1800.0,ISL
T,W073_076,Textile + rubber,Iceland,2010,7798.0,ISL
T,W073_076,Textile + rubber,Iceland,2012,6700.0,ISL
T,W073_076,Textile + rubber,Iceland,2014,9600.0,ISL
T,W073_076,Textile + rubber,Iceland,2016,11980.0,ISL
T,W073_076,Textile + rubber,Iceland,2018,18660.0,ISL
T,W073_076,Textile + rubber,Iceland,2020,10530.0,ISL
T,W073_076,Textile + rubber,Iceland,2022,5464.0,ISL
T,W073_076,Textile + rubber,Italy,2004,113002.0,ITA
T,W073_076,Textile + rubber,Italy,2006,140896.0,ITA
T,W073_076,Textile + rubber,Italy,2008,160676.0,ITA
T,W073_076,Textile + rubber,Italy,2010,223194.0,ITA
T,W073_076,Textile + rubber,Italy,2012,235210.0,ITA
T,W073_076,Textile + rubber,Italy,2014,278322.0,ITA
T,W073_076,Textile + rubber,Italy,2016,308408.0,ITA
T,W073_076,Textile + rubber,Italy,2018,326240.0,ITA
T,W073_076,Textile + rubber,Italy,2020,320162.0,ITA
T,W073_076,Textile + rubber,Italy,2022,352988.0,ITA
T,W073_076,Textile + rubber,Liechtenstein,2008,0.0,
T,W073_076,Textile + rubber,Liechtenstein,2010,0.0,
T,W073_076,Textile + rubber,Liechtenstein,2012,0.0,
T,W073_076,Textile + rubber,Liechtenstein,2014,0.0,
T,W073_076,Textile + rubber,Liechtenstein,2016,0.0,
T,W073_076,Textile + rubber,Liechtenstein,2018,0.0,
T,W073_076,Textile + rubber,Liechtenstein,2020,0.0,
T,W073_076,Textile + rubber,Liechtenstein,2022,0.0,
T,W073_076,Textile + rubber,Lithuania,2004,8.0,LTU
T,W073_076,Textile + rubber,Lithuania,2006,20448.0,LTU
T,W073_076,Textile + rubber,Lithuania,2008,4264.0,LTU
T,W073_076,Textile + rubber,Lithuania,2010,6484.0,LTU
T,W073_076,Textile + rubber,Lithuania,2012,19220.0,LTU
T,W073_076,Textile + rubber,Lithuania,2014,15580.0,LTU
T,W073_076,Textile + rubber,Lithuania,2016,17870.0,LTU
T,W073_076,Textile + rubber,Lithuania,2018,21218.0,LTU
T,W073_076,Textile + rubber,Lithuania,2020,26782.0,LTU
T,W073_076,Textile + rubber,Lithuania,2022,35500.0,LTU
T,W073_076,Textile + rubber,Luxembourg,2004,5020.0,LUX
T,W073_076,Textile + rubber,Luxembourg,2006,6446.0,LUX
T,W073_076,Textile + rubber,Luxembourg,2008,6388.0,LUX
T,W073_076,Textile + rubber,Luxembourg,2010,7724.0,LUX
T,W073_076,Textile + rubber,Luxembourg,2012,7592.0,LUX
T,W073_076,Textile + rubber,Luxembourg,2014,11864.0,LUX
T,W073_076,Textile + rubber,Luxembourg,2016,9400.0,LUX
T,W073_076,Textile + rubber,Luxembourg,2018,10974.0,LUX
T,W073_076,Textile + rubber,Luxembourg,2020,10990.0,LUX
T,W073_076,Textile + rubber,Luxembourg,2022,5486.0,LUX
T,W073_076,Textile + rubber,Latvia,2004,0.0,LVA
T,W073_076,Textile + rubber,Latvia,2006,2708.0,LVA
T,W073_076,Textile + rubber,Latvia,2008,0.0,LVA
T,W073_076,Textile + rubber,Latvia,2010,8580.0,LVA
T,W073_076,Textile + rubber,Latvia,2012,14210.0,LVA
T,W073_076,Textile + rubber,Latvia,2014,20770.0,LVA
T,W073_076,Textile + rubber,Latvia,2016,21700.0,LVA
T,W073_076,Textile + rubber,Latvia,2018,25568.0,LVA
T,W073_076,Textile + rubber,Latvia,2020,37410.0,LVA
T,W073_076,Textile + rubber,Latvia,2022,27782.0,LVA
T,W073_076,Textile + rubber,Montenegro,2010,0.0,
T,W073_076,Textile + rubber,Montenegro,2012,1146.0,
T,W073_076,Textile + rubber,Montenegro,2014,1440.0,
T,W073_076,Textile + rubber,Montenegro,2016,904.0,
T,W073_076,Textile + rubber,Montenegro,2018,810.0,
T,W073_076,Textile + rubber,Montenegro,2020,102.0,
T,W073_076,Textile + rubber,Montenegro,2022,768.0,
T,W073_076,Textile + rubber,North Macedonia,2008,0.0,
T,W073_076,Textile + rubber,North Macedonia,2010,0.0,
T,W073_076,Textile + rubber,North Macedonia,2012,0.0,
T,W073_076,Textile + rubber,North Macedonia,2014,0.0,
T,W073_076,Textile + rubber,North Macedonia,2016,0.0,
T,W073_076,Textile + rubber,North Macedonia,2018,0.0,
T,W073_076,Textile + rubber,North Macedonia,2020,0.0,
T,W073_076,Textile + rubber,North Macedonia,2022,0.0,
T,W073_076,Textile + rubber,Malta,2004,1976.0,MLT
T,W073_076,Textile + rubber,Malta,2006,2292.0,MLT
T,W073_076,Textile + rubber,Malta,2008,3306.0,MLT
T,W073_076,Textile + rubber,Malta,2010,3020.0,MLT
T,W073_076,Textile + rubber,Malta,2012,3054.0,MLT
T,W073_076,Textile + rubber,Malta,2014,3974.0,MLT
T,W073_076,Textile + rubber,Malta,2016,4698.0,MLT
T,W073_076,Textile + rubber,Malta,2018,6404.0,MLT
T,W073_076,Textile + rubber,Malta,2020,7592.0,MLT
T,W073_076,Textile + rubber,Malta,2022,7282.0,MLT
T,W073_076,Textile + rubber,Netherlands,2004,354812.0,NLD
T,W073_076,Textile + rubber,Netherlands,2006,299094.0,NLD
T,W073_076,Textile + rubber,Netherlands,2008,294500.0,NLD
T,W073_076,Textile + rubber,Netherlands,2010,228078.0,NLD
T,W073_076,Textile + rubber,Netherlands,2012,0.0,NLD
T,W073_076,Textile + rubber,Netherlands,2014,0.0,NLD
T,W073_076,Textile + rubber,Netherlands,2016,281148.0,NLD
T,W073_076,Textile + rubber,Netherlands,2018,261710.0,NLD
T,W073_076,Textile + rubber,Netherlands,2020,269536.0,NLD
T,W073_076,Textile + rubber,Netherlands,2022,311326.0,NLD
T,W073_076,Textile + rubber,Norway,2004,77076.0,NOR
T,W073_076,Textile + rubber,Norway,2006,84386.0,NOR
T,W073_076,Textile + rubber,Norway,2008,100958.0,NOR
T,W073_076,Textile + rubber,Norway,2010,118352.0,NOR
T,W073_076,Textile + rubber,Norway,2012,3544.0,NOR
T,W073_076,Textile + rubber,Norway,2014,268.0,NOR
T,W073_076,Textile + rubber,Norway,2016,998.0,NOR
T,W073_076,Textile + rubber,Norway,2018,498.0,NOR
T,W073_076,Textile + rubber,Norway,2020,8660.0,NOR
T,W073_076,Textile + rubber,Norway,2022,8040.0,NOR
T,W073_076,Textile + rubber,Poland,2004,25910.0,POL
T,W073_076,Textile + rubber,Poland,2006,47310.0,POL
T,W073_076,Textile + rubber,Poland,2008,73246.0,POL
T,W073_076,Textile + rubber,Poland,2010,70512.0,POL
T,W073_076,Textile + rubber,Poland,2012,74474.0,POL
T,W073_076,Textile + rubber,Poland,2014,62894.0,POL
T,W073_076,Textile + rubber,Poland,2016,2884.0,POL
T,W073_076,Textile + rubber,Poland,2018,4482.0,POL
T,W073_076,Textile + rubber,Poland,2020,43306.0,POL
T,W073_076,Textile + rubber,Poland,2022,119834.0,POL
T,W073_076,Textile + rubber,Portugal,2004,0.0,PRT
T,W073_076,Textile + rubber,Portugal,2006,0.0,PRT
T,W073_076,Textile + rubber,Portugal,2008,2818.0,PRT
T,W073_076,Textile + rubber,Portugal,2010,0.0,PRT
T,W073_076,Textile + rubber,Portugal,2012,0.0,PRT
T,W073_076,Textile + rubber,Portugal,2014,0.0,PRT
T,W073_076,Textile + rubber,Portugal,2016,0.0,PRT
T,W073_076,Textile + rubber,Portugal,2018,0.0,PRT
T,W073_076,Textile + rubber,Portugal,2020,0.0,PRT
T,W073_076,Textile + rubber,Portugal,2022,746.0,PRT
T,W073_076,Textile + rubber,Romania,2004,320162.0,ROU
T,W073_076,Textile + rubber,Romania,2006,318678.0,ROU
T,W073_076,Textile + rubber,Romania,2008,0.0,ROU
T,W073_076,Textile + rubber,Romania,2010,166.0,ROU
T,W073_076,Textile + rubber,Romania,2012,982.0,ROU
T,W073_076,Textile + rubber,Romania,2014,312.0,ROU
T,W073_076,Textile + rubber,Romania,2016,284.0,ROU
T,W073_076,Textile + rubber,Romania,2018,408.0,ROU
T,W073_076,Textile + rubber,Romania,2020,1602.0,ROU
T,W073_076,Textile + rubber,Romania,2022,5340.0,ROU
T,W073_076,Textile + rubber,Serbia,2010,0.0,
T,W073_076,Textile + rubber,Serbia,2012,0.0,
T,W073_076,Textile + rubber,Serbia,2014,1094.0,
T,W073_076,Textile + rubber,Serbia,2016,3352.0,
T,W073_076,Textile + rubber,Serbia,2018,982.0,
T,W073_076,Textile + rubber,Serbia,2020,0.0,
T,W073_076,Textile + rubber,Serbia,2022,0.0,
T,W073_076,Textile + rubber,Sweden,2004,55234.0,SWE
T,W073_076,Textile + rubber,Sweden,2006,62866.0,SWE
T,W073_076,Textile + rubber,Sweden,2008,64774.0,SWE
T,W073_076,Textile + rubber,Sweden,2010,63690.0,SWE
T,W073_076,Textile + rubber,Sweden,2012,64960.0,SWE
T,W073_076,Textile + rubber,Sweden,2014,66746.0,SWE
T,W073_076,Textile + rubber,Sweden,2016,71122.0,SWE
T,W073_076,Textile + rubber,Sweden,2018,75286.0,SWE
T,W073_076,Textile + rubber,Sweden,2020,78244.0,SWE
T,W073_076,Textile + rubber,Sweden,2022,81954.0,SWE
T,W073_076,Textile + rubber,Slovenia,2004,1404.0,SVN
T,W073_076,Textile + rubber,Slovenia,2006,4674.0,SVN
T,W073_076,Textile + rubber,Slovenia,2008,1216.0,SVN
T,W073_076,Textile + rubber,Slovenia,2010,5696.0,SVN
T,W073_076,Textile + rubber,Slovenia,2012,1920.0,SVN
T,W073_076,Textile + rubber,Slovenia,2014,2412.0,SVN
T,W073_076,Textile + rubber,Slovenia,2016,7992.0,SVN
T,W073_076,Textile + rubber,Slovenia,2018,3158.0,SVN
T,W073_076,Textile + rubber,Slovenia,2020,3266.0,SVN
T,W073_076,Textile + rubber,Slovenia,2022,4126.0,SVN
T,W073_076,Textile + rubber,Slovakia,2004,0.0,SVK
T,W073_076,Textile + rubber,Slovakia,2006,1350.0,SVK
T,W073_076,Textile + rubber,Slovakia,2008,1146.0,SVK
T,W073_076,Textile + rubber,Slovakia,2010,530.0,SVK
T,W073_076,Textile + rubber,Slovakia,2012,5596.0,SVK
T,W073_076,Textile + rubber,Slovakia,2014,13272.0,SVK
T,W073_076,Textile + rubber,Slovakia,2016,9014.0,SVK
T,W073_076,Textile + rubber,Slovakia,2018,6832.0,SVK
T,W073_076,Textile + rubber,Slovakia,2020,9310.0,SVK
T,W073_076,Textile + rubber,Slovakia,2022,16786.0,SVK
T,W073_076,Textile + rubber,Türkiye,2004,0.0,
T,W073_076,Textile + rubber,Türkiye,2006,0.0,
T,W073_076,Textile + rubber,Türkiye,2008,896682.0,
T,W073_076,Textile + rubber,Türkiye,2010,8308.0,
T,W073_076,Textile + rubber,Türkiye,2012,36670.0,
T,W073_076,Textile + rubber,Türkiye,2014,16924.0,
T,W073_076,Textile + rubber,Türkiye,2016,0.0,
T,W073_076,Textile + rubber,Türkiye,2018,0.0,
T,W073_076,Textile + rubber,Türkiye,2020,0.0,
T,W073_076,Textile + rubber,Türkiye,2022,0.0,
T,W073_076,Textile + rubber,United Kingdom,2004,165036.0,GBR
T,W073_076,Textile + rubber,United Kingdom,2006,207232.0,GBR
T,W073_076,Textile + rubber,United Kingdom,2008,332128.0,GBR
T,W073_076,Textile + rubber,United Kingdom,2010,315844.0,GBR
T,W073_076,Textile + rubber,United Kingdom,2012,257160.0,GBR
T,W073_076,Textile + rubber,United Kingdom,2014,299854.0,GBR
T,W073_076,Textile + rubber,United Kingdom,2016,316150.0,GBR
T,W073_076,Textile + rubber,United Kingdom,2018,305068.0,GBR
T,W073_076,Textile + rubber,United Kingdom,2020,0.0,GBR
T,W073_076,Textile + rubber,Kosovo*,2010,0.0,
T,W073_076,Textile + rubber,Kosovo*,2012,0.0,
T,W073_076,Textile + rubber,Kosovo*,2014,0.0,
T,W073_076,Textile + rubber,Kosovo*,2016,0.0,
T,W073_076,Textile + rubber,Kosovo*,2018,0.0,
T,W073_076,Textile + rubber,Kosovo*,2020,0.0,
T,W073_076,Textile + rubber,Kosovo*,2022,0.0,
